ano_compra;"nome_instituicao";"esfera";"cnpj_instituicao";"municipio_instituicao";"uf";compra;insercao;codigo_br;"descricao_catmat";"unidade_fornecimento";"generico";"anvisa";"modalidade_compra";"tipo_compra";capacidade;"unidade_medida";"unidade_fornecimento_capacidade";"cnpj_fornecedor";"fornecedor";"cnpj_fabricante";"fabricante";qtd_itens_comprados;preco_unitario;preco_total
"2026";"MUNICIPIO DE PATOS DE MINAS";"MUNICIPAL";"18.602.011/0001-07";"PATOS DE MINAS";"MG";"06/01/2026";"27/01/2026";"484594";"TUBO ENDOBRONQUIAL, MODELO:DUPLO LÚMEN C/ GANCHO DE CARINA, TIPO USO:ESQUERDO, CALIBRE:35 FR, MATERIAL :LÁTEX NATURAL, COMPONENTES:C/ BALÃO TRAQUEAL E ENDOBRONQUIAL, CONECTOR:CONECTORES, ADICIONAL:SONDAS ASPIRAÇÃO, ADICIONAL :RADIOPACO, GRADUADO";"UNIDADE";;;"Pregão";"ADMINISTRATIVA";;;"UNIDADE";"17.159.229/0002-57";"LABORATORIO TEUTO BRASILEIRO S/A";"17.159.229/0001-76";"LABORATORIO TEUTO BRASILEIRO S/A";"1000";"0.99";"990.0"
"2026";"MUNICIPIO DE DOURADOQUARA";"MUNICIPAL";"18.158.261/0001-08";"DOURADOQUARA";"MG";"06/01/2026";"03/03/2026";"405899";"DESVENLAFAXINA, COMPOSIÇÃO:SAL SUCCINATO, CONCENTRAÇÃO:100 MG, FORMA FARMACÊUTICA:LIBERAÇÃO CONTROLADA";"COMPRIMIDO";"S";"1023511880256";"Pregão";"ADMINISTRATIVA";;;"COMPRIMIDO";"12.927.876/0001-67";"SOMA/MG PRODUTOS HOSPITALARES LTDA";"57.507.378/0003-65";"EMS S/A";"800";"0.74";"592.0"
"2026";"MUNICIPIO DE PATOS DE MINAS";"MUNICIPAL";"18.602.011/0001-07";"PATOS DE MINAS";"MG";"06/01/2026";"27/01/2026";"439252";"NUSINERSENA, CONCENTRAÇÃO:2,4 MG/ML, FORMA FARMACÊUTICA:SOLUÇÃO INJETÁVEL";"FRASCO";"N";"1699300080010";"Pregão";"ADMINISTRATIVA";"5.0";"ML";"FRASCO 5.00 ML";"17.159.229/0002-57";"LABORATORIO TEUTO BRASILEIRO S/A";"07.986.222/0001-74";"BIOGEN BRASIL PRODUTOS FARMACEUTICOS LTDA";"10";"415789.9";"4157899.0"
"2026";"MUNICIPIO DE DOURADOQUARA";"MUNICIPAL";"18.158.261/0001-08";"DOURADOQUARA";"MG";"06/01/2026";"03/03/2026";"282881";"ROSUVASTATINA, COMPOSIÇÃO:CÁLCICA, CONCENTRAÇÃO:10 MG";"COMPRIMIDO";"S";"1438102250128";"Pregão";"ADMINISTRATIVA";;;"COMPRIMIDO";"12.927.876/0001-67";"SOMA/MG PRODUTOS HOSPITALARES LTDA";"02.814.497/0001-07";"CIMED INDUSTRIA S.A.";"800";"0.13";"104.0"
"2026";"MUNICIPIO DE DOURADOQUARA";"MUNICIPAL";"18.158.261/0001-08";"DOURADOQUARA";"MG";"06/01/2026";"03/03/2026";"302442";"DULOXETINA, CONCENTRAÇÃO:30 MG, FORMA FARMACÊUTICA:MICROGRÂNULOS DE LIBERAÇÃO LENTA";"CÁPSULA";"S";"1023510880031";"Pregão";"ADMINISTRATIVA";;;"CÁPSULA";"12.927.876/0001-67";"SOMA/MG PRODUTOS HOSPITALARES LTDA";"57.507.378/0003-65";"EMS S/A";"1500";"0.68";"1020.0"
"2026";"MUNICIPIO DE DOURADOQUARA";"MUNICIPAL";"18.158.261/0001-08";"DOURADOQUARA";"MG";"06/01/2026";"03/03/2026";"271773";"BROMAZEPAM, DOSAGEM:3 MG";"COMPRIMIDO";"S";"1023504690031";"Pregão";"ADMINISTRATIVA";;;"COMPRIMIDO";"12.927.876/0001-67";"SOMA/MG PRODUTOS HOSPITALARES LTDA";"57.507.378/0003-65";"EMS S/A";"300";"0.08";"24.0"
"2026";"MUNICIPIO DE DOURADOQUARA";"MUNICIPAL";"18.158.261/0001-08";"DOURADOQUARA";"MG";"06/01/2026";"03/03/2026";"291770";"ESCITALOPRAM OXALATO, DOSAGEM:10 MG";"COMPRIMIDO";"S";"1438102690063";"Pregão";"ADMINISTRATIVA";;;"COMPRIMIDO";"12.927.876/0001-67";"SOMA/MG PRODUTOS HOSPITALARES LTDA";"02.814.497/0001-07";"CIMED INDUSTRIA S.A.";"3000";"0.11";"330.0"
"2026";"FUNDO MUNICIPAL DE SAUDE DE RIO BANANAL";"MUNICIPAL";"11.429.173/0001-46";"RIO BANANAL";"ES";"07/01/2026";"11/02/2026";"450890";"CEFTRIAXONA SÓDICA, CONCENTRAÇÃO:1 G, FORMA FARMACEUTICA:PÓ P/ SOLUÇÃO INJETÁVEL + DILUENTE";"FRASCO-AMPOLA";"S";"1163701740019";"Registro de Preços";"ADMINISTRATIVA";;;"FRASCO-AMPOLA";"00.874.929/0001-40";"MED CENTER COMERCIAL LTDA";"58.430.828/0001-60";"BLAU FARMACEUTICA S.A.";"5000";"3.95";"19750.0"
"2026";"FUNDO MUNICIPAL DE SAUDE DE RIO BANANAL";"MUNICIPAL";"11.429.173/0001-46";"RIO BANANAL";"ES";"07/01/2026";"11/02/2026";"433280";"LEVODOPA, COMPOSIÇÃO:ASSOCIADO À BENSERAZIDA, CONCENTRAÇÃO:100MG + 25 MG";"COMPRIMIDO";"N";"1010000640142";"Registro de Preços";"ADMINISTRATIVA";;;"COMPRIMIDO";"10.447.355/0001-87";"VIVA FARMACEUTICA SA";"33.009.945/0001-23";"PRODUTOS ROCHE QUIMICOS E FARMACEUTICOS S A";"51000";"0.7";"35700.0"
"2026";"FUNDO MUNICIPAL DE SAUDE DE RIO BANANAL";"MUNICIPAL";"11.429.173/0001-46";"RIO BANANAL";"ES";"07/01/2026";"11/02/2026";"268513";"OXACILINA, DOSAGEM:500 MG, COMPOSIÇÃO:INJETÁVEL";"FRASCO-AMPOLA";"S";"1163701410043";"Registro de Preços";"ADMINISTRATIVA";;;"FRASCO-AMPOLA";"00.874.929/0001-40";"MED CENTER COMERCIAL LTDA";"58.430.828/0001-60";"BLAU FARMACEUTICA S.A.";"1400";"4.14";"5796.0"
"2026";"FUNDO MUNICIPAL DE SAUDE DE RIO BANANAL";"MUNICIPAL";"11.429.173/0001-46";"RIO BANANAL";"ES";"07/01/2026";"11/02/2026";"292427";"DEXAMETASONA, DOSAGEM:4 MG/ML, FORMA FARMACÊUTICA:SOLUÇÃO INJETÁVEL";"AMPOLA";"S";"1108500320060";"Registro de Preços";"ADMINISTRATIVA";"2.5";"ML";"AMPOLA 2.50 ML";"03.945.035/0001-91";"ACACIA COMERCIO DE MEDICAMENTOS LTDA";"06.628.333/0001-46";"FARMACE - INDUSTRIA QUIMICO-FARMACEUTICA CEARENSE LTDA";"4000";"0.81";"3240.0"
"2026";"FUNDO MUNICIPAL DE SAUDE DE RIO BANANAL";"MUNICIPAL";"11.429.173/0001-46";"RIO BANANAL";"ES";"07/01/2026";"11/02/2026";"375474";"CLORETO DE SÓDIO, CONCENTRAÇAO:0,9 %, FORMA FARMACEUTICA:SPRAY NASAL";"FRASCO";;;"Registro de Preços";"ADMINISTRATIVA";"30.0";"ML";"FRASCO 30.00 ML";"00.874.929/0001-40";"MED CENTER COMERCIAL LTDA";"02.456.955/0001-83";"NATULAB LABORATORIO S.A";"200";"0.9";"180.0"
"2026";"FUNDO MUNICIPAL DE SAUDE DE RIO BANANAL";"MUNICIPAL";"11.429.173/0001-46";"RIO BANANAL";"ES";"07/01/2026";"11/02/2026";"448610";"CARBONATO DE CÁLCIO, COMPOSIÇÃO:ASSOCIADO COM VITAMINA D3, CONCENTRAÇÃO:500 MG + 400 UI";"COMPRIMIDO";;;"Registro de Preços";"ADMINISTRATIVA";;;"COMPRIMIDO";"35.997.345/0001-46";"HOSPIDROGAS COMERCIO DE PRODUTOS HOSPITALARES LTDA";"37.696.646/0001-65";"IDEATON INDUSTRIA DE SUPLEMENTOS LTDA";"46000";"0.05";"2300.0"
"2026";"FUNDO MUNICIPAL DE SAUDE DE RIO BANANAL";"MUNICIPAL";"11.429.173/0001-46";"RIO BANANAL";"ES";"07/01/2026";"11/02/2026";"268160";"OMEPRAZOL, CONCENTRAÇÃO:40 MG, USO:INJETÁVEL";"FRASCO-AMPOLA";"S";"1163701650011";"Registro de Preços";"ADMINISTRATIVA";;;"FRASCO-AMPOLA";"00.874.929/0001-40";"MED CENTER COMERCIAL LTDA";"58.430.828/0001-60";"BLAU FARMACEUTICA S.A.";"2800";"7.67";"21476.0"
"2026";"FUNDO MUNICIPAL DE SAUDE DE RIO BANANAL";"MUNICIPAL";"11.429.173/0001-46";"RIO BANANAL";"ES";"07/01/2026";"11/02/2026";"363088";"VITAMINAS DO COMPLEXO B, COMPOSIÇÃO BÁSICA:B1, B2, B5, B6 E PP, FORMA FARMACÊUTICA:SOLUÇÃO INJETÁVEL";"AMPOLA";"N";"1038700290012";"Registro de Preços";"ADMINISTRATIVA";"2.0";"ML";"AMPOLA 2.00 ML";"03.945.035/0001-91";"ACACIA COMERCIO DE MEDICAMENTOS LTDA";"17.174.657/0001-78";"HYPOFARMA INSTITUTO DE HYPODERMIA E FARMACIA LTDA";"3800";"1.04";"3952.0"
"2026";"FUNDO MUNICIPAL DE SAUDE DE RIO BANANAL";"MUNICIPAL";"11.429.173/0001-46";"RIO BANANAL";"ES";"07/01/2026";"11/02/2026";"342135";"HIDROCORTISONA, COMPOSIÇÃO:SAL SUCCINATO SÓDICO, CONCENTRAÇÃO:100 MG, FORMA FARMACÊUTICA:PÓ LIÓFILO P/ INJETÁVEL";"FRASCO-AMPOLA";"N";"1163701190027";"Registro de Preços";"ADMINISTRATIVA";;;"FRASCO-AMPOLA";"00.874.929/0001-40";"MED CENTER COMERCIAL LTDA";"58.430.828/0001-60";"BLAU FARMACEUTICA S.A.";"1000";"2.59";"2590.0"
"2026";"FUNDO MUNICIPAL DE SAUDE DE RIO BANANAL";"MUNICIPAL";"11.429.173/0001-46";"RIO BANANAL";"ES";"07/01/2026";"11/02/2026";"267581";"BECLOMETASONA DIPROPIONATO, APRESENTAÇÃO:SPRAY ORAL, DOSAGEM:250MCG/DOSE, CARACTERÍSTICAS ADICIONAIS:FRASCO DOSEADOR COM BOCAL AEROGADOR";"FRASCO";"S";"1101302770011";"Registro de Preços";"ADMINISTRATIVA";"200.0";"DOSES";"FRASCO 200.00 DOSES";"35.997.345/0001-46";"HOSPIDROGAS COMERCIO DE PRODUTOS HOSPITALARES LTDA";"44.363.661/0001-57";"GLENMARK FARMACEUTICA LTDA";"500";"17.25";"8625.0"
"2026";"FUNDO MUNICIPAL DE SAUDE DE RIO BANANAL";"MUNICIPAL";"11.429.173/0001-46";"RIO BANANAL";"ES";"07/01/2026";"11/02/2026";"368779";"EXTRATO MEDICINAL, PRINCÍPIO ATIVO:GUACO (MIKANIA GLOMERATA SPRENG.), FORMA FARMACÊUTICA:EXTRATO FLUIDO";"FRASCO";;;"Registro de Preços";"ADMINISTRATIVA";"120.0";"ML";"FRASCO 120.00 ML";"00.874.929/0001-40";"MED CENTER COMERCIAL LTDA";"02.456.955/0001-83";"NATULAB LABORATORIO S.A";"1500";"2.3";"3450.0"
"2026";"FUNDO MUNICIPAL DE SAUDE DE RIO BANANAL";"MUNICIPAL";"11.429.173/0001-46";"RIO BANANAL";"ES";"07/01/2026";"11/02/2026";"271103";"CETOCONAZOL, DOSAGEM:2%, APRESENTAÇÃO:SHAMPOO";"FRASCO";"S";"1476100200010";"Registro de Preços";"ADMINISTRATIVA";"100.0";"ML";"FRASCO 100.00 ML";"03.945.035/0001-91";"ACACIA COMERCIO DE MEDICAMENTOS LTDA";"65.271.900/0001-19";"NATIVITA INDUSTRIA E COMERCIO LTDA";"500";"4.8";"2400.0"
"2026";"FUNDO MUNICIPAL DE SAUDE DE RIO BANANAL";"MUNICIPAL";"11.429.173/0001-46";"RIO BANANAL";"ES";"07/01/2026";"11/02/2026";"448841";"AMOXICILINA, PRINCÍPIO ATIVO:ASSOCIADA COM CLAVULANATO DE POTÁSSIO, CONCENTRAÇÃO:50 MG/ML + 12,5 MG/ML, FORMA FARMACÊUTICA:SUSPENSÃO ORAL";"FRASCO";"S";"1023505280048";"Registro de Preços";"ADMINISTRATIVA";"75.0";"ML";"FRASCO 75.00 ML";"35.997.345/0001-46";"HOSPIDROGAS COMERCIO DE PRODUTOS HOSPITALARES LTDA";"57.507.378/0003-65";"EMS S/A";"2000";"11.99";"23980.0"
"2026";"FUNDO MUNICIPAL DE SAUDE DE RIO BANANAL";"MUNICIPAL";"11.429.173/0001-46";"RIO BANANAL";"ES";"07/01/2026";"11/02/2026";"270120";"CLONAZEPAM, DOSAGEM:2,5 MG/ML, APRESENTAÇÃO:SOLUÇÃO ORAL- GOTAS";"FRASCO";"S";"1542303300046";"Registro de Preços";"ADMINISTRATIVA";"20.0";"ML";"FRASCO 20.00 ML";"03.945.035/0001-91";"ACACIA COMERCIO DE MEDICAMENTOS LTDA";"03.485.572/0001-04";"GEOLAB INDUSTRIA FARMACEUTICA S/A";"400";"2.1";"840.0"
"2026";"FUNDO MUNICIPAL DE SAUDE DE RIO BANANAL";"MUNICIPAL";"11.429.173/0001-46";"RIO BANANAL";"ES";"07/01/2026";"11/02/2026";"269462";"ALENDRONATO DE SÓDIO, DOSAGEM:70 MG";"COMPRIMIDO";"S";"1023511280021";"Registro de Preços";"ADMINISTRATIVA";;;"COMPRIMIDO";"35.997.345/0001-46";"HOSPIDROGAS COMERCIO DE PRODUTOS HOSPITALARES LTDA";"57.507.378/0003-65";"EMS S/A";"5000";"0.24";"1200.0"
"2026";"FUNDO MUNICIPAL DE SAUDE DE RIO BANANAL";"MUNICIPAL";"11.429.173/0001-46";"RIO BANANAL";"ES";"07/01/2026";"11/02/2026";"267378";"NISTATINA, DOSAGEM:100.000 UI/ML, APRESENTAÇÃO:SUSPENSÃO ORAL";"FRASCO";"S";"1256800260051";"Registro de Preços";"ADMINISTRATIVA";"30.0";"ML";"FRASCO 30.00 ML";"03.945.035/0001-91";"ACACIA COMERCIO DE MEDICAMENTOS LTDA";"73.856.593/0001-66";"PRATI, DONADUZZI & CIA LTDA";"200";"4.45";"890.0"
"2026";"FUNDO MUNICIPAL DE SAUDE DE RIO BANANAL";"MUNICIPAL";"11.429.173/0001-46";"RIO BANANAL";"ES";"07/01/2026";"11/02/2026";"271217";"AMOXICILINA, PRINCÍPIO ATIVO:ASSOCIADA COM CLAVULANATO DE POTÁSSIO, CONCENTRAÇÃO:500MG + 125MG";"COMPRIMIDO";"S";"1023505320023";"Registro de Preços";"ADMINISTRATIVA";;;"COMPRIMIDO";"35.997.345/0001-46";"HOSPIDROGAS COMERCIO DE PRODUTOS HOSPITALARES LTDA";"57.507.378/0003-65";"EMS S/A";"10000";"0.9";"9000.0"
"2026";"FUNDO MUNICIPAL DE SAUDE DE RIO BANANAL";"MUNICIPAL";"11.429.173/0001-46";"RIO BANANAL";"ES";"07/01/2026";"11/02/2026";"345240";"HIDROCORTISONA, COMPOSIÇÃO:SAL ACETATO, CONCENTRAÇÃO:10 MG/G, FORMA FARMACÊUTICA:CREME";"BISNAGA";"S";"1037005270078";"Registro de Preços";"ADMINISTRATIVA";"30.0";"G";"BISNAGA 30.00 G";"14.595.725/0001-84";"NOVASUL COMERCIO DE PRODUTOS HOSPITALARES LTDA";"17.159.229/0001-76";"LABORATORIO TEUTO BRASILEIRO S/A";"500";"11.4";"5700.0"
"2026";"FUNDO MUNICIPAL DE SAUDE DE RIO BANANAL";"MUNICIPAL";"11.429.173/0001-46";"RIO BANANAL";"ES";"07/01/2026";"11/02/2026";"327566";"ÁCIDO TRANEXÂMICO, DOSAGEM:50 MG/ML, FORMA FARMACÊUTICA:SOLUÇÃO INJETÁVEL";"AMPOLA";"N";"1565100450026";"Registro de Preços";"ADMINISTRATIVA";"5.0";"ML";"AMPOLA 5.00 ML";"08.774.906/0001-75";"HOSPDROGAS COMERCIAL LTDA";"05.254.971/0001-81";"ZYDUS NIKKHO FARMACEUTICA LTDA";"1000";"4.63";"4630.0"
"2026";"FUNDO MUNICIPAL DE SAUDE DE RIO BANANAL";"MUNICIPAL";"11.429.173/0001-46";"RIO BANANAL";"ES";"07/01/2026";"11/02/2026";"278281";"ADENOSINA, DOSAGEM:3 MG/ML, INDICAÇÃO:SOLUÇÃO INJETÁVEL";"AMPOLA";"S";"1031101760049";"Registro de Preços";"ADMINISTRATIVA";"2.0";"ML";"AMPOLA 2.00 ML";"52.969.017/0001-55";"TARGET MEDICAMENTOS E PRODUTOS HOSPITALARES LTDA";"01.571.702/0001-98";"HALEX ISTAR INDUSTRIA FARMACEUTICA SA";"100";"10.29";"1029.0"
"2026";"FUNDO MUNICIPAL DE SAUDE DE RIO BANANAL";"MUNICIPAL";"11.429.173/0001-46";"RIO BANANAL";"ES";"07/01/2026";"11/02/2026";"303292";"RINGER, COMPOSIÇÃO:ASSOCIADO COM LACTATO DE SÓDIO, FORMA FARMACÊUTICA:SOLUÇÃO INJETÁVEL, CARACTERÍSTICA ADICIONAL:SISTEMA FECHADO";"FRASCO";"N";"1004101030035";"Registro de Preços";"ADMINISTRATIVA";"500.0";"ML";"FRASCO 500.00 ML";"49.324.221/0016-90";"FRESENIUS KABI BRASIL LTDA.";"49.324.221/0001-04";"FRESENIUS KABI BRASIL LTDA.";"900";"5.9";"5310.0"
"2026";"FUNDO MUNICIPAL DE SAUDE DE RIO BANANAL";"MUNICIPAL";"11.429.173/0001-46";"RIO BANANAL";"ES";"07/01/2026";"11/02/2026";"446263";"AMBROXOL, COMPOSIÇÃO:SAL CLORIDRATO, CONCENTRAÇÃO:6 MG/ML, FORMA FARMACÊUTICA:XAROPE";"FRASCO";"S";"1108500390026";"Registro de Preços";"ADMINISTRATIVA";"100.0";"ML";"FRASCO 100.00 ML";"03.945.035/0001-91";"ACACIA COMERCIO DE MEDICAMENTOS LTDA";"06.628.333/0001-46";"FARMACE - INDUSTRIA QUIMICO-FARMACEUTICA CEARENSE LTDA";"200";"2.7";"540.0"
"2026";"FUNDO MUNICIPAL DE SAUDE DE RIO BANANAL";"MUNICIPAL";"11.429.173/0001-46";"RIO BANANAL";"ES";"07/01/2026";"11/02/2026";"352192";"RINGER, COMPOSIÇÃO:SIMPLES, FORMA FARMACÊUTICA:SOLUÇÃO INJETÁVEL, CARACTERÍSTICA ADICIONAL:SISTEMA FECHADO";"BOLSA";"N";"1004101150049";"Registro de Preços";"ADMINISTRATIVA";"500.0";"ML";"BOLSA 500.00 ML";"49.324.221/0016-90";"FRESENIUS KABI BRASIL LTDA.";"49.324.221/0001-04";"FRESENIUS KABI BRASIL LTDA.";"2500";"5.23";"13075.0"
"2026";"FUNDO MUNICIPAL DE SAUDE DE RIO BANANAL";"MUNICIPAL";"11.429.173/0001-46";"RIO BANANAL";"ES";"07/01/2026";"11/02/2026";"342134";"HIDROCORTISONA, COMPOSIÇÃO:SAL SUCCINATO SÓDICO, CONCENTRAÇÃO:500 MG, FORMA FARMACÊUTICA:PÓ LIÓFILO P/ INJETÁVEL";"FRASCO-AMPOLA";"N";"1163701190078";"Registro de Preços";"ADMINISTRATIVA";;;"FRASCO-AMPOLA";"03.945.035/0001-91";"ACACIA COMERCIO DE MEDICAMENTOS LTDA";"58.430.828/0001-60";"BLAU FARMACEUTICA S.A.";"4000";"5.08";"20320.0"
"2026";"FUNDO MUNICIPAL DE SAUDE DE RIO BANANAL";"MUNICIPAL";"11.429.173/0001-46";"RIO BANANAL";"ES";"07/01/2026";"11/02/2026";"398706";"IODOPOVIDONA (PVPI), CONCENTRAÇÃO:A 10% ( TEOR DE IODO 1% ), FORMA FARMACEUTICA:SOLUÇÃO TÓPICA AQUOSA";"FRASCO";;;"Registro de Preços";"ADMINISTRATIVA";"100.0";"ML";"FRASCO 100.00 ML";"35.997.345/0001-46";"HOSPIDROGAS COMERCIO DE PRODUTOS HOSPITALARES LTDA";"39.032.974/0001-92";"VIC PHARMA INDUSTRIA E COMERCIO LTDA";"100";"6.6";"660.0"
"2026";"FUNDO MUNICIPAL DE SAUDE DE RIO BANANAL";"MUNICIPAL";"11.429.173/0001-46";"RIO BANANAL";"ES";"07/01/2026";"11/02/2026";"271089";"AMOXICILINA, CONCENTRAÇÃO:500MG";"CÁPSULA";"S";"1564900030066";"Registro de Preços";"ADMINISTRATIVA";;;"CÁPSULA";"03.945.035/0001-91";"ACACIA COMERCIO DE MEDICAMENTOS LTDA";"05.399.786/0001-85";"UNICHEM FARMACEUTICA DO BRASIL LTDA.";"20000";"0.19";"3800.0"
"2026";"FUNDO MUNICIPAL DE SAUDE DE RIO BANANAL";"MUNICIPAL";"11.429.173/0001-46";"RIO BANANAL";"ES";"07/01/2026";"11/02/2026";"269880";"CLOREXIDINA DIGLUCONATO, DOSAGEM:2%, APLICAÇÃO:SOLUÇÃO TÓPICA";"FRASCO";;;"Registro de Preços";"ADMINISTRATIVA";"1000.0";"ML";"FRASCO 1000.00 ML";"08.774.906/0001-75";"HOSPDROGAS COMERCIAL LTDA";"39.032.974/0001-92";"VIC PHARMA INDUSTRIA E COMERCIO LTDA";"160";"16.74";"2678.4"
"2026";"FUNDO MUNICIPAL DE SAUDE DE RIO BANANAL";"MUNICIPAL";"11.429.173/0001-46";"RIO BANANAL";"ES";"07/01/2026";"11/02/2026";"267773";"PERMETRINA, DOSAGEM:10 MG/ML, INDICAÇÃO:LOÇÃO";"FRASCO";"N";"1476100110011";"Registro de Preços";"ADMINISTRATIVA";"60.0";"ML";"FRASCO 60.00 ML";"03.945.035/0001-91";"ACACIA COMERCIO DE MEDICAMENTOS LTDA";"65.271.900/0001-19";"NATIVITA INDUSTRIA E COMERCIO LTDA";"300";"2.9";"870.0"
"2026";"FUNDO MUNICIPAL DE SAUDE DE RIO BANANAL";"MUNICIPAL";"11.429.173/0001-46";"RIO BANANAL";"ES";"07/01/2026";"11/02/2026";"275963";"FINASTERIDA, CONCENTRAÇÃO:5 MG";"COMPRIMIDO";"S";"1023506350023";"Registro de Preços";"ADMINISTRATIVA";;;"COMPRIMIDO";"35.997.345/0001-46";"HOSPIDROGAS COMERCIO DE PRODUTOS HOSPITALARES LTDA";"57.507.378/0003-65";"EMS S/A";"2000";"0.27";"540.0"
"2026";"FUNDO MUNICIPAL DE SAUDE DE RIO BANANAL";"MUNICIPAL";"11.429.173/0001-46";"RIO BANANAL";"ES";"07/01/2026";"11/02/2026";"268381";"AMICACINA SULFATO, DOSAGEM:250 MG/ML, INDICAÇÃO:SOLUÇÃO INJETÁVEL";"AMPOLA";"S";"1037002970060";"Registro de Preços";"ADMINISTRATIVA";"2.0";"ML";"AMPOLA 2.00 ML";"52.969.017/0001-55";"TARGET MEDICAMENTOS E PRODUTOS HOSPITALARES LTDA";"17.159.229/0001-76";"LABORATORIO TEUTO BRASILEIRO S/A";"250";"3.61";"902.5"
"2026";"FUNDO MUNICIPAL DE SAUDE DE RIO BANANAL";"MUNICIPAL";"11.429.173/0001-46";"RIO BANANAL";"ES";"07/01/2026";"11/02/2026";"273009";"FLUOXETINA, DOSAGEM:20 MG";"CÁPSULA";"S";"1037004870039";"Registro de Preços";"ADMINISTRATIVA";;;"CÁPSULA";"35.997.345/0001-46";"HOSPIDROGAS COMERCIO DE PRODUTOS HOSPITALARES LTDA";"17.159.229/0001-76";"LABORATORIO TEUTO BRASILEIRO S/A";"100000";"0.06";"6000.0"
"2026";"FUNDO MUNICIPAL DE SAUDE DE RIO BANANAL";"MUNICIPAL";"11.429.173/0001-46";"RIO BANANAL";"ES";"07/01/2026";"11/02/2026";"267502";"ÁCIDO ACETILSALICÍLICO, DOSAGEM:100 MG";"COMPRIMIDO";"N";"1425900060049";"Registro de Preços";"ADMINISTRATIVA";;;"COMPRIMIDO";"52.969.017/0001-55";"TARGET MEDICAMENTOS E PRODUTOS HOSPITALARES LTDA";"08.055.634/0001-53";"IMEC-INDUSTRIA DE MEDICAMENTOS CUSTODIA LTDA";"72000";"0.03";"2160.0"
"2026";"FUNDO MUNICIPAL DE SAUDE DE RIO BANANAL";"MUNICIPAL";"11.429.173/0001-46";"RIO BANANAL";"ES";"07/01/2026";"11/02/2026";"267566";"CARVEDILOL, DOSAGEM:3,125 MG";"COMPRIMIDO";"S";"1023510730048";"Registro de Preços";"ADMINISTRATIVA";;;"COMPRIMIDO";"35.997.345/0001-46";"HOSPIDROGAS COMERCIO DE PRODUTOS HOSPITALARES LTDA";"57.507.378/0003-65";"EMS S/A";"27000";"0.08";"2160.0"
"2026";"FUNDO MUNICIPAL DE SAUDE DE RIO BANANAL";"MUNICIPAL";"11.429.173/0001-46";"RIO BANANAL";"ES";"07/01/2026";"11/02/2026";"267140";"AZITROMICINA, DOSAGEM:500 MG";"COMPRIMIDO";"S";"1053501600031";"Registro de Preços";"ADMINISTRATIVA";;;"COMPRIMIDO";"03.945.035/0001-91";"ACACIA COMERCIO DE MEDICAMENTOS LTDA";"17.115.437/0001-73";"LABORATORIO GLOBO SA";"20000";"0.77";"15400.0"
"2026";"FUNDO MUNICIPAL DE SAUDE DE RIO BANANAL";"MUNICIPAL";"11.429.173/0001-46";"RIO BANANAL";"ES";"07/01/2026";"11/02/2026";"376767";"IVERMECTINA, CONCENTRAÇÃO:6 MG";"COMPRIMIDO";"N";"1023505770045";"Registro de Preços";"ADMINISTRATIVA";;;"COMPRIMIDO";"35.997.345/0001-46";"HOSPIDROGAS COMERCIO DE PRODUTOS HOSPITALARES LTDA";"57.507.378/0003-65";"EMS S/A";"1600";"0.37";"592.0"
"2026";"FUNDO MUNICIPAL DE SAUDE DE RIO BANANAL";"MUNICIPAL";"11.429.173/0001-46";"RIO BANANAL";"ES";"07/01/2026";"11/02/2026";"268162";"MICONAZOL NITRATO, DOSAGEM:2%, APRESENTAÇÃO:CREME VAGINAL";"BISNAGA";;;"Registro de Preços";"ADMINISTRATIVA";"60.0";"G";"BISNAGA 60.00 G";"03.945.035/0001-91";"ACACIA COMERCIO DE MEDICAMENTOS LTDA";"65.271.900/0001-19";"NATIVITA INDUSTRIA E COMERCIO LTDA";"320";"8.35";"2672.0"
"2026";"FUNDO MUNICIPAL DE SAUDE DE RIO BANANAL";"MUNICIPAL";"11.429.173/0001-46";"RIO BANANAL";"ES";"07/01/2026";"11/02/2026";"267625";"CEFALEXINA, DOSAGEM:500 MG";"COMPRIMIDO";"S";"1037003820011";"Registro de Preços";"ADMINISTRATIVA";;;"COMPRIMIDO";"35.997.345/0001-46";"HOSPIDROGAS COMERCIO DE PRODUTOS HOSPITALARES LTDA";"17.159.229/0001-76";"LABORATORIO TEUTO BRASILEIRO S/A";"48500";"0.52";"25220.0"
"2026";"FUNDO MUNICIPAL DE SAUDE DE RIO BANANAL";"MUNICIPAL";"11.429.173/0001-46";"RIO BANANAL";"ES";"07/01/2026";"11/02/2026";"267662";"FLUCONAZOL, DOSAGEM:150 MG";"CÁPSULA";"N";"1057100840069";"Registro de Preços";"ADMINISTRATIVA";;;"CÁPSULA";"03.945.035/0001-91";"ACACIA COMERCIO DE MEDICAMENTOS LTDA";"18.324.343/0001-77";"BELFAR LTDA";"1500";"0.41";"615.0"
"2026";"FUNDO MUNICIPAL DE SAUDE DE RIO BANANAL";"MUNICIPAL";"11.429.173/0001-46";"RIO BANANAL";"ES";"07/01/2026";"11/02/2026";"270116";"ETOMIDATO, DOSAGEM:2 MG/ML, APRESENTAÇÃO:SOLUÇÃO INJETÁVEL";"AMPOLA";"S";"1163700760024";"Registro de Preços";"ADMINISTRATIVA";"10.0";"ML";"AMPOLA 10.00 ML";"35.997.345/0001-46";"HOSPIDROGAS COMERCIO DE PRODUTOS HOSPITALARES LTDA";"58.430.828/0001-60";"BLAU FARMACEUTICA S.A.";"50";"12.0";"600.0"
"2026";"FUNDO MUNICIPAL DE SAUDE DE RIO BANANAL";"MUNICIPAL";"11.429.173/0001-46";"RIO BANANAL";"ES";"07/01/2026";"11/02/2026";"269958";"BROMOPRIDA, DOSAGEM:5 MG/ML, APRESENTAÇÃO:INJETÁVEL";"AMPOLA";"S";"1134301300034";"Registro de Preços";"ADMINISTRATIVA";"2.0";"ML";"AMPOLA 2.00 ML";"67.729.178/0004-91";"COMERCIAL CIRURGICA RIOCLARENSE LTDA";"19.570.720/0001-10";"HIPOLABOR FARMACEUTICA LTDA";"7000";"1.2";"8400.0"
"2026";"FUNDO MUNICIPAL DE SAUDE DE RIO BANANAL";"MUNICIPAL";"11.429.173/0001-46";"RIO BANANAL";"ES";"07/01/2026";"11/02/2026";"268439";"CLARITROMICINA, DOSAGEM:500 MG";"COMPRIMIDO";"S";"1023504820154";"Registro de Preços";"ADMINISTRATIVA";;;"COMPRIMIDO";"35.997.345/0001-46";"HOSPIDROGAS COMERCIO DE PRODUTOS HOSPITALARES LTDA";"57.507.378/0003-65";"EMS S/A";"4000";"1.58";"6320.0"
"2026";"FUNDO MUNICIPAL DE SAUDE DE RIO BANANAL";"MUNICIPAL";"11.429.173/0001-46";"RIO BANANAL";"ES";"07/01/2026";"11/02/2026";"267512";"AMITRIPTILINA CLORIDRATO, DOSAGEM:25 MG";"COMPRIMIDO";"S";"1037005100040";"Registro de Preços";"ADMINISTRATIVA";;;"COMPRIMIDO";"67.729.178/0004-91";"COMERCIAL CIRURGICA RIOCLARENSE LTDA";"17.159.229/0001-76";"LABORATORIO TEUTO BRASILEIRO S/A";"120000";"0.04";"4800.0"
"2026";"FUNDO MUNICIPAL DE SAUDE DE RIO BANANAL";"MUNICIPAL";"11.429.173/0001-46";"RIO BANANAL";"ES";"07/01/2026";"11/02/2026";"419016";"ONDANSETRONA CLORIDRATO, CONCENTRAÇÃO:4 MG, FORMA FARMACÊUTICA:COMPRIMIDO ORODISPERSÍVEL";"COMPRIMIDO";"N";"1677306520011";"Registro de Preços";"ADMINISTRATIVA";;;"COMPRIMIDO";"35.997.345/0001-46";"HOSPIDROGAS COMERCIO DE PRODUTOS HOSPITALARES LTDA";"05.044.984/0001-26";"LEGRAND PHARMA INDUSTRIA FARMACEUTICA LTDA";"10000";"0.21";"2100.0"
"2026";"FUNDO MUNICIPAL DE SAUDE DE RIO BANANAL";"MUNICIPAL";"11.429.173/0001-46";"RIO BANANAL";"ES";"07/01/2026";"11/02/2026";"267510";"AMIODARONA, DOSAGEM:200 MG";"COMPRIMIDO";"N";"1542300020042";"Registro de Preços";"ADMINISTRATIVA";;;"COMPRIMIDO";"03.945.035/0001-91";"ACACIA COMERCIO DE MEDICAMENTOS LTDA";"03.485.572/0001-04";"GEOLAB INDUSTRIA FARMACEUTICA S/A";"4000";"0.37";"1480.0"
"2026";"FUNDO MUNICIPAL DE SAUDE DE RIO BANANAL";"MUNICIPAL";"11.429.173/0001-46";"RIO BANANAL";"ES";"07/01/2026";"11/02/2026";"268510";"FLUMAZENIL, DOSAGEM:0,1 MG/ML, INDICAÇÃO:SOLUÇÃO INJETÁVEL";"AMPOLA";"N";"1037006500034";"Registro de Preços";"ADMINISTRATIVA";"5.0";"ML";"AMPOLA 5.00 ML";"35.997.345/0001-46";"HOSPIDROGAS COMERCIO DE PRODUTOS HOSPITALARES LTDA";"17.159.229/0001-76";"LABORATORIO TEUTO BRASILEIRO S/A";"30";"6.4";"192.0"
"2026";"FUNDO MUNICIPAL DE SAUDE DE RIO BANANAL";"MUNICIPAL";"11.429.173/0001-46";"RIO BANANAL";"ES";"07/01/2026";"11/02/2026";"270622";"ESCOPOLAMINA BUTILBROMETO, APRESENTAÇÃO:ASSOCIADA COM DIPIRONA SÓDICA, DOSAGEM:6,67MG + 333MG/ML, INDICAÇÃO:SOLUÇÃO ORAL";"FRASCO";"N";"1057101070089";"Registro de Preços";"ADMINISTRATIVA";"20.0";"ML";"FRASCO 20.00 ML";"03.945.035/0001-91";"ACACIA COMERCIO DE MEDICAMENTOS LTDA";"18.324.343/0001-77";"BELFAR LTDA";"150";"5.3";"795.0"
"2026";"FUNDO MUNICIPAL DE SAUDE DE RIO BANANAL";"MUNICIPAL";"11.429.173/0001-46";"RIO BANANAL";"ES";"07/01/2026";"11/02/2026";"267663";"FUROSEMIDA, DOSAGEM:40 MG";"COMPRIMIDO";"S";"1558405000021";"Registro de Preços";"ADMINISTRATIVA";;;"COMPRIMIDO";"35.997.345/0001-46";"HOSPIDROGAS COMERCIO DE PRODUTOS HOSPITALARES LTDA";"05.161.069/0001-10";"BRAINFARMA INDUSTRIA QUIMICA E FARMACEUTICA S.A.";"62000";"0.05";"3100.0"
"2026";"FUNDO MUNICIPAL DE SAUDE DE RIO BANANAL";"MUNICIPAL";"11.429.173/0001-46";"RIO BANANAL";"ES";"07/01/2026";"11/02/2026";"446104";"SAIS PARA REIDRATAÇÃO ORAL, COMPOSIÇÃO:SÓDIO, POTÁSSIO, CLORETO, CITRATO E GLICOSE, CONCENTRAÇÃO:60 MEQ/L + 20 MEQ/L + 60 MEQ/L + 20 MEQ/L + 110 MMOL/L, FORMA FARMACÊUTICA:SOLUÇÃO ORAL";"ENVELOPE";;;"Registro de Preços";"ADMINISTRATIVA";;;"ENVELOPE";"03.945.035/0001-91";"ACACIA COMERCIO DE MEDICAMENTOS LTDA";"31.170.914/0001-24";"MAYBEN PHARMACEUTICAL LTDA";"12000";"0.66";"7920.0"
"2026";"FUNDO MUNICIPAL DE SAUDE DE RIO BANANAL";"MUNICIPAL";"11.429.173/0001-46";"RIO BANANAL";"ES";"07/01/2026";"11/02/2026";"267677";"IBUPROFENO, DOSAGEM:300 MG";"COMPRIMIDO";"N";"1181900610040";"Registro de Preços";"ADMINISTRATIVA";;;"COMPRIMIDO";"35.997.345/0001-46";"HOSPIDROGAS COMERCIO DE PRODUTOS HOSPITALARES LTDA";"92.265.552/0009-05";"MULTILAB INDUSTRIA E COMERCIO DE PRODUTOS FARMAC LTDA";"94000";"0.11";"10340.0"
"2026";"FUNDO MUNICIPAL DE SAUDE DE RIO BANANAL";"MUNICIPAL";"11.429.173/0001-46";"RIO BANANAL";"ES";"07/01/2026";"11/02/2026";"267311";"METOCLOPRAMIDA CLORIDRATO, DOSAGEM:4 MG/ML, APRESENTAÇÃO:SOLUÇÃO ORAL";"FRASCO";"S";"1057101650042";"Registro de Preços";"ADMINISTRATIVA";"10.0";"ML";"FRASCO 10.00 ML";"03.945.035/0001-91";"ACACIA COMERCIO DE MEDICAMENTOS LTDA";"18.324.343/0001-77";"BELFAR LTDA";"500";"1.37";"685.0"
"2026";"FUNDO MUNICIPAL DE SAUDE DE RIO BANANAL";"MUNICIPAL";"11.429.173/0001-46";"RIO BANANAL";"ES";"07/01/2026";"11/02/2026";"267674";"HIDROCLOROTIAZIDA, DOSAGEM:25 MG";"COMPRIMIDO";"S";"1558404850056";"Registro de Preços";"ADMINISTRATIVA";;;"COMPRIMIDO";"35.997.345/0001-46";"HOSPIDROGAS COMERCIO DE PRODUTOS HOSPITALARES LTDA";"05.161.069/0001-10";"BRAINFARMA INDUSTRIA QUIMICA E FARMACEUTICA S.A.";"180000";"0.03";"5400.0"
"2026";"FUNDO MUNICIPAL DE SAUDE DE RIO BANANAL";"MUNICIPAL";"11.429.173/0001-46";"RIO BANANAL";"ES";"07/01/2026";"11/02/2026";"267507";"ALBENDAZOL, DOSAGEM:40 MG/ML, USO:SUSPENSÃO ORAL";"FRASCO";"N";"1542300440063";"Registro de Preços";"ADMINISTRATIVA";"10.0";"ML";"FRASCO 10.00 ML";"03.945.035/0001-91";"ACACIA COMERCIO DE MEDICAMENTOS LTDA";"03.485.572/0001-04";"GEOLAB INDUSTRIA FARMACEUTICA S/A";"2000";"1.23";"2460.0"
"2026";"FUNDO MUNICIPAL DE SAUDE DE RIO BANANAL";"MUNICIPAL";"11.429.173/0001-46";"RIO BANANAL";"ES";"07/01/2026";"11/02/2026";"267195";"DIAZEPAM, DOSAGEM:5 MG";"COMPRIMIDO";"S";"1558401210021";"Registro de Preços";"ADMINISTRATIVA";;;"COMPRIMIDO";"35.997.345/0001-46";"HOSPIDROGAS COMERCIO DE PRODUTOS HOSPITALARES LTDA";"05.161.069/0001-10";"BRAINFARMA INDUSTRIA QUIMICA E FARMACEUTICA S.A.";"12500";"0.04";"500.0"
"2026";"FUNDO MUNICIPAL DE SAUDE DE RIO BANANAL";"MUNICIPAL";"11.429.173/0001-46";"RIO BANANAL";"ES";"07/01/2026";"11/02/2026";"271950";"FENTANILA, APRESENTAÇÃO:SAL CITRATO, DOSAGEM:0,05 MG/ML, INDICAÇÃO:SOLUÇÃO INJETÁVEL";"AMPOLA";"S";"1134301510020";"Registro de Preços";"ADMINISTRATIVA";"2.0";"ML";"AMPOLA 2.00 ML";"03.945.035/0001-91";"ACACIA COMERCIO DE MEDICAMENTOS LTDA";"19.570.720/0001-10";"HIPOLABOR FARMACEUTICA LTDA";"200";"2.8";"560.0"
"2026";"FUNDO MUNICIPAL DE SAUDE DE RIO BANANAL";"MUNICIPAL";"11.429.173/0001-46";"RIO BANANAL";"ES";"07/01/2026";"11/02/2026";"267671";"GLIBENCLAMIDA, DOSAGEM:5 MG";"COMPRIMIDO";"S";"1558402870041";"Registro de Preços";"ADMINISTRATIVA";;;"COMPRIMIDO";"35.997.345/0001-46";"HOSPIDROGAS COMERCIO DE PRODUTOS HOSPITALARES LTDA";"05.161.069/0001-10";"BRAINFARMA INDUSTRIA QUIMICA E FARMACEUTICA S.A.";"42000";"0.04";"1680.0"
"2026";"FUNDO MUNICIPAL DE SAUDE DE RIO BANANAL";"MUNICIPAL";"11.429.173/0001-46";"RIO BANANAL";"ES";"07/01/2026";"11/02/2026";"268124";"LEVOTIROXINA SÓDICA, DOSAGEM:25 MCG";"COMPRIMIDO";"N";"1008902020618";"Registro de Preços";"ADMINISTRATIVA";;;"COMPRIMIDO";"03.945.035/0001-91";"ACACIA COMERCIO DE MEDICAMENTOS LTDA";"33.069.212/0001-84";"MERCK S/A";"115000";"0.09";"10350.0"
"2026";"FUNDO MUNICIPAL DE SAUDE DE RIO BANANAL";"MUNICIPAL";"11.429.173/0001-46";"RIO BANANAL";"ES";"07/01/2026";"11/02/2026";"267517";"ATENOLOL, DOSAGEM:50 MG";"COMPRIMIDO";"S";"1023504580196";"Registro de Preços";"ADMINISTRATIVA";;;"COMPRIMIDO";"11.101.919/0001-98";"JC PRODUTOS FARMACEUTICOS E HOSPITALARES LTDA";"57.507.378/0003-65";"EMS S/A";"45000";"0.05";"2250.0"
"2026";"FUNDO MUNICIPAL DE SAUDE DE RIO BANANAL";"MUNICIPAL";"11.429.173/0001-46";"RIO BANANAL";"ES";"07/01/2026";"11/02/2026";"268504";"ONDANSETRONA CLORIDRATO, DOSAGEM:2 MG/ML, INDICAÇÃO:INJETÁVEL";"AMPOLA";"S";"1134301990014";"Registro de Preços";"ADMINISTRATIVA";"2.0";"ML";"AMPOLA 2.00 ML";"03.945.035/0001-91";"ACACIA COMERCIO DE MEDICAMENTOS LTDA";"19.570.720/0001-10";"HIPOLABOR FARMACEUTICA LTDA";"5000";"1.15";"5750.0"
"2026";"FUNDO MUNICIPAL DE SAUDE DE RIO BANANAL";"MUNICIPAL";"11.429.173/0001-46";"RIO BANANAL";"ES";"07/01/2026";"11/02/2026";"267728";"NIFEDIPINO, DOSAGEM:10 MG";"COMPRIMIDO";"N";"1558401690023";"Registro de Preços";"ADMINISTRATIVA";;;"COMPRIMIDO";"35.997.345/0001-46";"HOSPIDROGAS COMERCIO DE PRODUTOS HOSPITALARES LTDA";"05.161.069/0001-10";"BRAINFARMA INDUSTRIA QUIMICA E FARMACEUTICA S.A.";"100";"0.13";"13.0"
"2026";"FUNDO MUNICIPAL DE SAUDE DE RIO BANANAL";"MUNICIPAL";"11.429.173/0001-46";"RIO BANANAL";"ES";"07/01/2026";"11/02/2026";"268125";"LEVOTIROXINA SÓDICA, DOSAGEM:100 MCG";"COMPRIMIDO";"N";"1008902020707";"Registro de Preços";"ADMINISTRATIVA";;;"COMPRIMIDO";"03.945.035/0001-91";"ACACIA COMERCIO DE MEDICAMENTOS LTDA";"33.069.212/0001-84";"MERCK S/A";"25000";"0.09";"2250.0"
"2026";"FUNDO MUNICIPAL DE SAUDE DE RIO BANANAL";"MUNICIPAL";"11.429.173/0001-46";"RIO BANANAL";"ES";"07/01/2026";"11/02/2026";"271647";"OXIMETAZOLINA CLORIDRATO, DOSAGEM:0,25 MG/ML, APRESENTAÇÃO:SOLUÇÃO NASAL PEDIÁTRICA, USO:GOTAS";"FRASCO";"S";"1023507820023";"Registro de Preços";"ADMINISTRATIVA";"20.0";"ML";"FRASCO 20.00 ML";"35.997.345/0001-46";"HOSPIDROGAS COMERCIO DE PRODUTOS HOSPITALARES LTDA";"57.507.378/0003-65";"EMS S/A";"20";"9.45";"189.0"
"2026";"FUNDO MUNICIPAL DE SAUDE DE RIO BANANAL";"MUNICIPAL";"11.429.173/0001-46";"RIO BANANAL";"ES";"07/01/2026";"11/02/2026";"267743";"PREDNISONA, DOSAGEM:20 MG";"COMPRIMIDO";"S";"1039201760054";"Registro de Preços";"ADMINISTRATIVA";;;"COMPRIMIDO";"02.537.890/0001-09";"COFARMINAS COMERCIO DE PRODUTOS FARMACEUTICOS LTDA";"30.222.814/0001-31";"VITAMEDIC INDUSTRIA FARMACEUTICA LTDA";"10000";"0.14";"1400.0"
"2026";"FUNDO MUNICIPAL DE SAUDE DE RIO BANANAL";"MUNICIPAL";"11.429.173/0001-46";"RIO BANANAL";"ES";"07/01/2026";"11/02/2026";"267690";"METFORMINA CLORIDRATO, DOSAGEM:500 MG";"COMPRIMIDO";"S";"1256801510061";"Registro de Preços";"ADMINISTRATIVA";;;"COMPRIMIDO";"35.997.345/0001-46";"HOSPIDROGAS COMERCIO DE PRODUTOS HOSPITALARES LTDA";"73.856.593/0001-66";"PRATI, DONADUZZI & CIA LTDA";"72000";"0.12";"8640.0"
"2026";"FUNDO MUNICIPAL DE SAUDE DE RIO BANANAL";"MUNICIPAL";"11.429.173/0001-46";"RIO BANANAL";"ES";"07/01/2026";"11/02/2026";"267503";"ÁCIDO FÓLICO, DOSAGEM:5 MG";"COMPRIMIDO";"N";"1134301590024";"Registro de Preços";"ADMINISTRATIVA";;;"COMPRIMIDO";"02.537.890/0001-09";"COFARMINAS COMERCIO DE PRODUTOS FARMACEUTICOS LTDA";"19.570.720/0001-10";"HIPOLABOR FARMACEUTICA LTDA";"32000";"0.05";"1600.0"
"2026";"FUNDO MUNICIPAL DE SAUDE DE RIO BANANAL";"MUNICIPAL";"11.429.173/0001-46";"RIO BANANAL";"ES";"07/01/2026";"11/02/2026";"292344";"SULFATO FERROSO, DOSAGEM FERRO:40MG DE FERRO II";"COMPRIMIDO";;;"Registro de Preços";"ADMINISTRATIVA";;;"COMPRIMIDO";"35.997.345/0001-46";"HOSPIDROGAS COMERCIO DE PRODUTOS HOSPITALARES LTDA";"37.696.646/0001-65";"IDEATON INDUSTRIA DE SUPLEMENTOS LTDA";"68000";"0.03";"2040.0"
"2026";"FUNDO MUNICIPAL DE SAUDE DE RIO BANANAL";"MUNICIPAL";"11.429.173/0001-46";"RIO BANANAL";"ES";"07/01/2026";"11/02/2026";"448983";"HEPARINA SÓDICA, CONCENTRAÇÃO:20.000 UI/ML, FORMA FARMACEUTICA:SOLUÇÃO INJETÁVEL";"AMPOLA";"N";"1134302000018";"Registro de Preços";"ADMINISTRATIVA";"0.25";"ML";"AMPOLA 0.25 ML";"12.418.191/0001-95";"CONQUISTA DISTRIBUIDORA DE MEDICAMENTOS E PRODUTOS HOSPITALARES LTDA";"19.570.720/0001-10";"HIPOLABOR FARMACEUTICA LTDA";"1000";"8.0";"8000.0"
"2026";"FUNDO MUNICIPAL DE SAUDE DE RIO BANANAL";"MUNICIPAL";"11.429.173/0001-46";"RIO BANANAL";"ES";"07/01/2026";"11/02/2026";"268493";"DOXAZOSINA MESILATO, COMPOSIÇÃO:2 MG";"COMPRIMIDO";"S";"1023507540098";"Registro de Preços";"ADMINISTRATIVA";;;"COMPRIMIDO";"35.997.345/0001-46";"HOSPIDROGAS COMERCIO DE PRODUTOS HOSPITALARES LTDA";"57.507.378/0003-65";"EMS S/A";"5000";"0.08";"400.0"
"2026";"FUNDO MUNICIPAL DE SAUDE DE RIO BANANAL";"MUNICIPAL";"11.429.173/0001-46";"RIO BANANAL";"ES";"07/01/2026";"11/02/2026";"267564";"CARVEDILOL, DOSAGEM:12,5 MG";"COMPRIMIDO";"S";"1023510730188";"Registro de Preços";"ADMINISTRATIVA";;;"COMPRIMIDO";"02.537.890/0001-09";"COFARMINAS COMERCIO DE PRODUTOS FARMACEUTICOS LTDA";"57.507.378/0003-65";"EMS S/A";"78000";"0.08";"6240.0"
"2026";"FUNDO MUNICIPAL DE SAUDE DE RIO BANANAL";"MUNICIPAL";"11.429.173/0001-46";"RIO BANANAL";"ES";"07/01/2026";"11/02/2026";"267425";"VERAPAMIL CLORIDRATO, DOSAGEM:80 MG";"COMPRIMIDO";"S";"1023506260091";"Registro de Preços";"ADMINISTRATIVA";;;"COMPRIMIDO";"35.997.345/0001-46";"HOSPIDROGAS COMERCIO DE PRODUTOS HOSPITALARES LTDA";"57.507.378/0003-65";"EMS S/A";"100";"0.27";"27.0"
"2026";"FUNDO MUNICIPAL DE SAUDE DE RIO BANANAL";"MUNICIPAL";"11.429.173/0001-46";"RIO BANANAL";"ES";"07/01/2026";"11/02/2026";"267712";"OMEPRAZOL, CONCENTRAÇÃO:20 MG";"CÁPSULA";"S";"1053501720037";"Registro de Preços";"ADMINISTRATIVA";;;"CÁPSULA";"02.537.890/0001-09";"COFARMINAS COMERCIO DE PRODUTOS FARMACEUTICOS LTDA";"17.115.437/0001-73";"LABORATORIO GLOBO SA";"163000";"0.07";"11410.0"
"2026";"FUNDO MUNICIPAL DE SAUDE DE RIO BANANAL";"MUNICIPAL";"11.429.173/0001-46";"RIO BANANAL";"ES";"07/01/2026";"11/02/2026";"268481";"MIDAZOLAM, DOSAGEM:5 MG/ML, APLICAÇÃO:INJETÁVEL";"AMPOLA";"S";"1037006360054";"Registro de Preços";"ADMINISTRATIVA";"3.0";"ML";"AMPOLA 3.00 ML";"35.997.345/0001-46";"HOSPIDROGAS COMERCIO DE PRODUTOS HOSPITALARES LTDA";"17.159.229/0001-76";"LABORATORIO TEUTO BRASILEIRO S/A";"200";"1.75";"350.0"
"2026";"FUNDO MUNICIPAL DE SAUDE DE RIO BANANAL";"MUNICIPAL";"11.429.173/0001-46";"RIO BANANAL";"ES";"07/01/2026";"11/02/2026";"270621";"ESCOPOLAMINA BUTILBROMETO, APRESENTAÇÃO:ASSOCIADA COM DIPIRONA SÓDICA, DOSAGEM:4MG + 500MG/ML, INDICAÇÃO:SOLUÇÃO INJETÁVEL";"AMPOLA";"S";"1134301210035";"Registro de Preços";"ADMINISTRATIVA";"5.0";"ML";"AMPOLA 5.00 ML";"12.418.191/0001-95";"CONQUISTA DISTRIBUIDORA DE MEDICAMENTOS E PRODUTOS HOSPITALARES LTDA";"19.570.720/0001-10";"HIPOLABOR FARMACEUTICA LTDA";"7000";"1.17";"8190.0"
"2026";"FUNDO MUNICIPAL DE SAUDE DE RIO BANANAL";"MUNICIPAL";"11.429.173/0001-46";"RIO BANANAL";"ES";"07/01/2026";"11/02/2026";"268481";"MIDAZOLAM, DOSAGEM:5 MG/ML, APLICAÇÃO:INJETÁVEL";"AMPOLA";"S";"1037006360178";"Registro de Preços";"ADMINISTRATIVA";"10.0";"ML";"AMPOLA 10.00 ML";"35.997.345/0001-46";"HOSPIDROGAS COMERCIO DE PRODUTOS HOSPITALARES LTDA";"17.159.229/0001-76";"LABORATORIO TEUTO BRASILEIRO S/A";"200";"3.27";"654.0"
"2026";"FUNDO MUNICIPAL DE SAUDE DE RIO BANANAL";"MUNICIPAL";"11.429.173/0001-46";"RIO BANANAL";"ES";"07/01/2026";"11/02/2026";"267653";"ESPIRONOLACTONA, DOSAGEM:25 MG";"COMPRIMIDO";"S";"1023506320019";"Registro de Preços";"ADMINISTRATIVA";;;"COMPRIMIDO";"02.537.890/0001-09";"COFARMINAS COMERCIO DE PRODUTOS FARMACEUTICOS LTDA";"57.507.378/0003-65";"EMS S/A";"30000";"0.16";"4800.0"
"2026";"FUNDO MUNICIPAL DE SAUDE DE RIO BANANAL";"MUNICIPAL";"11.429.173/0001-46";"RIO BANANAL";"ES";"07/01/2026";"11/02/2026";"267741";"PREDNISONA, DOSAGEM:5 MG";"COMPRIMIDO";"S";"1023506330014";"Registro de Preços";"ADMINISTRATIVA";;;"COMPRIMIDO";"35.997.345/0001-46";"HOSPIDROGAS COMERCIO DE PRODUTOS HOSPITALARES LTDA";"57.507.378/0003-65";"EMS S/A";"5000";"0.07";"350.0"
"2026";"FUNDO MUNICIPAL DE SAUDE DE RIO BANANAL";"MUNICIPAL";"11.429.173/0001-46";"RIO BANANAL";"ES";"07/01/2026";"11/02/2026";"270140";"BIPERIDENO, DOSAGEM:2 MG";"COMPRIMIDO";"N";"1029805990031";"Registro de Preços";"ADMINISTRATIVA";;;"COMPRIMIDO";"67.729.178/0004-91";"COMERCIAL CIRURGICA RIOCLARENSE LTDA";"44.734.671/0001-51";"CRISTALIA PRODUTOS QUIMICOS FARMACEUTICOS LTDA";"11000";"0.26";"2860.0"
"2026";"FUNDO MUNICIPAL DE SAUDE DE RIO BANANAL";"MUNICIPAL";"11.429.173/0001-46";"RIO BANANAL";"ES";"07/01/2026";"11/02/2026";"345259";"METOPROLOL, CONCENTRAÇÃO:1 MG/ML, FORMA FARMACEUTICA:SOLUÇÃO INJETÁVEL";"AMPOLA";"N";"1037007690023";"Registro de Preços";"ADMINISTRATIVA";"5.0";"ML";"AMPOLA 5.00 ML";"35.997.345/0001-46";"HOSPIDROGAS COMERCIO DE PRODUTOS HOSPITALARES LTDA";"17.159.229/0001-76";"LABORATORIO TEUTO BRASILEIRO S/A";"50";"15.5";"775.0"
"2026";"FUNDO MUNICIPAL DE SAUDE DE RIO BANANAL";"MUNICIPAL";"11.429.173/0001-46";"RIO BANANAL";"ES";"07/01/2026";"11/02/2026";"272089";"SULFADIAZINA, PRINCÍPIO ATIVO:DE PRATA, DOSAGEM:1%, INDICAÇÃO:CREME";"POTE";"S";"1476100230068";"Registro de Preços";"ADMINISTRATIVA";"400.0";"G";"POTE 400.00 G";"03.945.035/0001-91";"ACACIA COMERCIO DE MEDICAMENTOS LTDA";"65.271.900/0001-19";"NATIVITA INDUSTRIA E COMERCIO LTDA";"900";"6.2";"5580.0"
"2026";"FUNDO MUNICIPAL DE SAUDE DE RIO BANANAL";"MUNICIPAL";"11.429.173/0001-46";"RIO BANANAL";"ES";"07/01/2026";"11/02/2026";"269846";"LIDOCAÍNA CLORIDRATO, DOSAGEM:2%, APRESENTAÇÃO:GELÉIA";"BISNAGA";"N";"1558401620025";"Registro de Preços";"ADMINISTRATIVA";"30.0";"G";"BISNAGA 30.00 G";"35.997.345/0001-46";"HOSPIDROGAS COMERCIO DE PRODUTOS HOSPITALARES LTDA";"05.161.069/0001-10";"BRAINFARMA INDUSTRIA QUIMICA E FARMACEUTICA S.A.";"1300";"4.4";"5720.0"
"2026";"FUNDO MUNICIPAL DE SAUDE DE RIO BANANAL";"MUNICIPAL";"11.429.173/0001-46";"RIO BANANAL";"ES";"07/01/2026";"11/02/2026";"267635";"CLORPROMAZINA, DOSAGEM:25 MG";"COMPRIMIDO";"N";"1029802260229";"Registro de Preços";"ADMINISTRATIVA";;;"COMPRIMIDO";"67.729.178/0004-91";"COMERCIAL CIRURGICA RIOCLARENSE LTDA";"44.734.671/0001-51";"CRISTALIA PRODUTOS QUIMICOS FARMACEUTICOS LTDA";"8000";"0.32";"2560.0"
"2026";"FUNDO MUNICIPAL DE SAUDE DE RIO BANANAL";"MUNICIPAL";"11.429.173/0001-46";"RIO BANANAL";"ES";"07/01/2026";"11/02/2026";"276657";"METOPROLOL, PRINCÍPIO ATIVO:SAL SUCCINATO, DOSAGEM:50 MG, APRESENTAÇÃO:LIBERAÇÃO CONTROLADA";"COMPRIMIDO";"S";"1553700400085";"Registro de Preços";"ADMINISTRATIVA";;;"COMPRIMIDO";"35.997.345/0001-46";"HOSPIDROGAS COMERCIO DE PRODUTOS HOSPITALARES LTDA";"64.171.697/0001-46";"ACCORD FARMACEUTICA LTDA";"50000";"0.45";"22500.0"
"2026";"FUNDO MUNICIPAL DE SAUDE DE RIO BANANAL";"MUNICIPAL";"11.429.173/0001-46";"RIO BANANAL";"ES";"07/01/2026";"11/02/2026";"471162";"SOLUÇÃO USO MÉDICO, TIPO:À BASE DE BIGUANIDA (PHMB), CONCENTRAÇÃO:0,1%, APLICAÇÃO:USO TÓPICO";"FRASCO";;;"Registro de Preços";"ADMINISTRATIVA";"350.0";"ML";"FRASCO 350.00 ML";"21.340.481/0001-54";"CDR BRASIL COMERCIAL LTDA";"57.532.343/0001-14";"LM FARMA INDUSTRIA E COMERCIO LTDA";"50";"36.0";"1800.0"
"2026";"FUNDO MUNICIPAL DE SAUDE DE RIO BANANAL";"MUNICIPAL";"11.429.173/0001-46";"RIO BANANAL";"ES";"07/01/2026";"11/02/2026";"276656";"METOPROLOL, PRINCÍPIO ATIVO:SAL SUCCINATO, DOSAGEM:25 MG, APRESENTAÇÃO:LIBERAÇÃO CONTROLADA";"COMPRIMIDO";"S";"1553700400042";"Registro de Preços";"ADMINISTRATIVA";;;"COMPRIMIDO";"35.997.345/0001-46";"HOSPIDROGAS COMERCIO DE PRODUTOS HOSPITALARES LTDA";"64.171.697/0001-46";"ACCORD FARMACEUTICA LTDA";"20000";"0.38";"7600.0"
"2026";"FUNDO MUNICIPAL DE SAUDE DE RIO BANANAL";"MUNICIPAL";"11.429.173/0001-46";"RIO BANANAL";"ES";"07/01/2026";"11/02/2026";"292419";"CLINDAMICINA, DOSAGEM:150 MG/ML, APRESENTAÇÃO:SOLUÇÃO INJETÁVEL";"AMPOLA";"S";"1134301030045";"Registro de Preços";"ADMINISTRATIVA";"4.0";"ML";"AMPOLA 4.00 ML";"12.418.191/0001-95";"CONQUISTA DISTRIBUIDORA DE MEDICAMENTOS E PRODUTOS HOSPITALARES LTDA";"19.570.720/0001-10";"HIPOLABOR FARMACEUTICA LTDA";"500";"2.57";"1285.0"
"2026";"FUNDO MUNICIPAL DE SAUDE DE RIO BANANAL";"MUNICIPAL";"11.429.173/0001-46";"RIO BANANAL";"ES";"07/01/2026";"11/02/2026";"298454";"DEXCLORFENIRAMINA MALEATO, CONCENTRAÇÃO:0,4 MG/ML, APRESENTAÇÃO FARMACÊUTICA:XAROPE";"FRASCO";;;"Registro de Preços";"ADMINISTRATIVA";"100.0";"ML";"FRASCO 100.00 ML";"00.874.929/0001-40";"MED CENTER COMERCIAL LTDA";"02.456.955/0001-83";"NATULAB LABORATORIO S.A";"300";"1.64";"492.0"
"2026";"FUNDO MUNICIPAL DE SAUDE DE RIO BANANAL";"MUNICIPAL";"11.429.173/0001-46";"RIO BANANAL";"ES";"07/01/2026";"11/02/2026";"485109";"CURATIVO / COBERTURA, APLICAÇÃO:P/ FERIDA, ASPECTO FÍSICO:AGENTE TÓPICO CREME / POMADA / PASTA, COMPOSIçãO:À BASE DE ALGINATO, COMPONENTE 4:C/ PRATA, ESTERILIDADE:USO ÚNICO";"GRAMA";;;"Registro de Preços";"ADMINISTRATIVA";;;"GRAMA";"21.340.481/0001-54";"CDR BRASIL COMERCIAL LTDA";"57.532.343/0001-14";"LM FARMA INDUSTRIA E COMERCIO LTDA";"200";"13.0";"2600.0"
"2026";"FUNDO MUNICIPAL DE SAUDE DE RIO BANANAL";"MUNICIPAL";"11.429.173/0001-46";"RIO BANANAL";"ES";"07/01/2026";"11/02/2026";"276283";"DESLANÓSIDO, DOSAGEM:0,2 MG/ML, APRESENTAÇÃO:SOLUÇÃO INJETÁVEL";"AMPOLA";"N";"1049712290018";"Registro de Preços";"ADMINISTRATIVA";"2.0";"ML";"AMPOLA 2.00 ML";"25.279.552/0001-01";"DISTRIBUIDORA DE MEDICAMENTOS BACKES LTDA";"60.665.981/0001-18";"UNIAO QUIMICA FARMACEUTICA NACIONAL S A";"100";"3.0";"300.0"
"2026";"FUNDO MUNICIPAL DE SAUDE DE RIO BANANAL";"MUNICIPAL";"11.429.173/0001-46";"RIO BANANAL";"ES";"07/01/2026";"11/02/2026";"292402";"AMINOFILINA, DOSAGEM:24 MG/ML, FORMA FARMACÊUTICA:SOLUÇÃO INJETÁVEL";"AMPOLA";"S";"1134301180012";"Registro de Preços";"ADMINISTRATIVA";"10.0";"ML";"AMPOLA 10.00 ML";"45.082.493/0001-94";"VLS MEDICAMENTOS LTDA";"19.570.720/0001-10";"HIPOLABOR FARMACEUTICA LTDA";"100";"2.13";"213.0"
"2026";"FUNDO MUNICIPAL DE SAUDE DE RIO BANANAL";"MUNICIPAL";"11.429.173/0001-46";"RIO BANANAL";"ES";"07/01/2026";"11/02/2026";"442584";"NOREPINEFRINA, CONCENTRAÇÃO:2 MG/ML, FORMA FARMACÊUTICA:SOLUÇÃO INJETÁVEL";"AMPOLA";"S";"1038700600021";"Registro de Preços";"ADMINISTRATIVA";"4.0";"ML";"AMPOLA 4.00 ML";"25.279.552/0001-01";"DISTRIBUIDORA DE MEDICAMENTOS BACKES LTDA";"17.174.657/0001-78";"HYPOFARMA INSTITUTO DE HYPODERMIA E FARMACIA LTDA";"100";"2.24";"224.0"
"2026";"FUNDO MUNICIPAL DE SAUDE DE RIO BANANAL";"MUNICIPAL";"11.429.173/0001-46";"RIO BANANAL";"ES";"07/01/2026";"11/02/2026";"267650";"ENALAPRIL MALEATO, DOSAGEM:5 MG";"COMPRIMIDO";"S";"1057101580079";"Registro de Preços";"ADMINISTRATIVA";;;"COMPRIMIDO";"52.969.017/0001-55";"TARGET MEDICAMENTOS E PRODUTOS HOSPITALARES LTDA";"18.324.343/0001-77";"BELFAR LTDA";"800000";"0.05";"40000.0"
"2026";"FUNDO MUNICIPAL DE SAUDE DE RIO BANANAL";"MUNICIPAL";"11.429.173/0001-46";"RIO BANANAL";"ES";"07/01/2026";"11/02/2026";"270992";"DICLOFENACO, APRESENTAÇÃO:SAL POTÁSSICO, DOSAGEM:50 MG";"COMPRIMIDO";"S";"1542302880022";"Registro de Preços";"ADMINISTRATIVA";;;"COMPRIMIDO";"25.279.552/0001-01";"DISTRIBUIDORA DE MEDICAMENTOS BACKES LTDA";"03.485.572/0001-04";"GEOLAB INDUSTRIA FARMACEUTICA S/A";"1000";"0.09";"90.0"
"2026";"FUNDO MUNICIPAL DE SAUDE DE RIO BANANAL";"MUNICIPAL";"11.429.173/0001-46";"RIO BANANAL";"ES";"07/01/2026";"11/02/2026";"272454";"CARBAMAZEPINA, DOSAGEM:20 MG/ML, APRESENTAÇÃO:SUSPENSÃO ORAL";"FRASCO";"S";"1049713440013";"Registro de Preços";"ADMINISTRATIVA";"100.0";"ML";"FRASCO 100.00 ML";"36.958.637/0001-32";"MEDKA DISTRIBUIDORA HOSPITALAR LTDA";"60.665.981/0001-18";"UNIAO QUIMICA FARMACEUTICA NACIONAL S A";"500";"7.0";"3500.0"
"2026";"FUNDO MUNICIPAL DE SAUDE DE RIO BANANAL";"MUNICIPAL";"11.429.173/0001-46";"RIO BANANAL";"ES";"07/01/2026";"11/02/2026";"268256";"GENTAMICINA, DOSAGEM:40 MG/ML, APLICAÇÃO:SOLUÇÃO INJETÁVEL";"AMPOLA";"S";"1018600340031";"Registro de Preços";"ADMINISTRATIVA";"2.0";"ML";"AMPOLA 2.00 ML";"25.279.552/0001-01";"DISTRIBUIDORA DE MEDICAMENTOS BACKES LTDA";"04.099.395/0001-82";"SANTISA LABORATORIO FARMACEUTICO S.A";"400";"1.43";"572.0"
"2026";"FUNDO MUNICIPAL DE SAUDE DE RIO BANANAL";"MUNICIPAL";"11.429.173/0001-46";"RIO BANANAL";"ES";"07/01/2026";"11/02/2026";"267647";"DIGOXINA, DOSAGEM:0,25 MG";"COMPRIMIDO";"S";"1037004580014";"Registro de Preços";"ADMINISTRATIVA";;;"COMPRIMIDO";"21.189.554/0001-59";"TS FARMA DISTRIBUIDORA LTDA";"17.159.229/0001-76";"LABORATORIO TEUTO BRASILEIRO S/A";"1000";"0.2";"200.0"
"2026";"FUNDO MUNICIPAL DE SAUDE DE RIO BANANAL";"MUNICIPAL";"11.429.173/0001-46";"RIO BANANAL";"ES";"07/01/2026";"11/02/2026";"271687";"ÁCIDO ASCÓRBICO, DOSAGEM:100 MG/ML, TIPO USO:INJETÁVEL";"AMPOLA";"N";"1038700650019";"Registro de Preços";"ADMINISTRATIVA";"5.0";"ML";"AMPOLA 5.00 ML";"25.279.552/0001-01";"DISTRIBUIDORA DE MEDICAMENTOS BACKES LTDA";"17.174.657/0001-78";"HYPOFARMA INSTITUTO DE HYPODERMIA E FARMACIA LTDA";"2000";"0.77";"1540.0"
"2026";"FUNDO MUNICIPAL DE SAUDE DE RIO BANANAL";"MUNICIPAL";"11.429.173/0001-46";"RIO BANANAL";"ES";"07/01/2026";"11/02/2026";"272326";"NALOXONA CLORIDRATO, DOSAGEM:0,4 MG/ML, APRESENTAÇÃO:SOLUÇÃO INJETÁVEL";"AMPOLA";"S";"1134301770014";"Registro de Preços";"ADMINISTRATIVA";"1.0";"ML";"AMPOLA 1.00 ML";"21.189.554/0001-59";"TS FARMA DISTRIBUIDORA LTDA";"19.570.720/0001-10";"HIPOLABOR FARMACEUTICA LTDA";"20";"7.19";"143.8"
"2026";"FUNDO MUNICIPAL DE SAUDE DE RIO BANANAL";"MUNICIPAL";"11.429.173/0001-46";"RIO BANANAL";"ES";"07/01/2026";"11/02/2026";"446264";"AMBROXOL, COMPOSIÇÃO:SAL CLORIDRATO, CONCENTRAÇÃO:3 MG/ML, FORMA FARMACÊUTICA:XAROPE";"FRASCO";"S";"1108500390115";"Registro de Preços";"ADMINISTRATIVA";"120.0";"ML";"FRASCO 120.00 ML";"25.279.552/0001-01";"DISTRIBUIDORA DE MEDICAMENTOS BACKES LTDA";"06.628.333/0001-46";"FARMACE - INDUSTRIA QUIMICO-FARMACEUTICA CEARENSE LTDA";"100";"3.39";"339.0"
"2026";"FUNDO MUNICIPAL DE SAUDE DE RIO BANANAL";"MUNICIPAL";"11.429.173/0001-46";"RIO BANANAL";"ES";"07/01/2026";"11/02/2026";"272045";"CLOPIDOGREL, DOSAGEM:75 MG";"COMPRIMIDO";"S";"1004704240082";"Registro de Preços";"ADMINISTRATIVA";;;"COMPRIMIDO";"00.874.929/0001-40";"MED CENTER COMERCIAL LTDA";"61.286.647/0001-16";"SANDOZ DO BRASIL INDUSTRIA FARMACEUTICA LTDA.";"1200";"0.34";"408.0"
"2026";"FUNDO MUNICIPAL DE SAUDE DE RIO BANANAL";"MUNICIPAL";"11.429.173/0001-46";"RIO BANANAL";"ES";"07/01/2026";"11/02/2026";"267613";"CAPTOPRIL, CONCENTRAÇÃO:25 MG";"COMPRIMIDO";"S";"1003800980026";"Registro de Preços";"ADMINISTRATIVA";;;"COMPRIMIDO";"25.279.552/0001-01";"DISTRIBUIDORA DE MEDICAMENTOS BACKES LTDA";"46.179.008/0001-68";"BRASTERAPICA INDUSTRIA FARMACEUTICA LTDA.";"6000";"0.03";"180.0"
"2026";"FUNDO MUNICIPAL DE SAUDE DE RIO BANANAL";"MUNICIPAL";"11.429.173/0001-46";"RIO BANANAL";"ES";"07/01/2026";"11/02/2026";"308884";"SULFAMETOXAZOL, COMPOSIÇÃO:ASSOCIADO À TRIMETOPRIMA, CONCENTRAÇÃO:40MG + 8MG/ML, FORMA FARMACÊUTICA:SUSPENSÃO ORAL";"FRASCO";"S";"1039201700051";"Registro de Preços";"ADMINISTRATIVA";"100.0";"ML";"FRASCO 100.00 ML";"52.969.017/0001-55";"TARGET MEDICAMENTOS E PRODUTOS HOSPITALARES LTDA";"30.222.814/0001-31";"VITAMEDIC INDUSTRIA FARMACEUTICA LTDA";"200";"3.03";"606.0"
"2026";"FUNDO MUNICIPAL DE SAUDE DE RIO BANANAL";"MUNICIPAL";"11.429.173/0001-46";"RIO BANANAL";"ES";"07/01/2026";"11/02/2026";"272198";"ETILEFRINA CLORIDRATO, COMPOSIÇÃO:10MG/ML, APRESENTAÇÃO:INJETÁVEL";"AMPOLA";"N";"1049712200019";"Registro de Preços";"ADMINISTRATIVA";"1.0";"ML";"AMPOLA 1.00 ML";"25.279.552/0001-01";"DISTRIBUIDORA DE MEDICAMENTOS BACKES LTDA";"60.665.981/0001-18";"UNIAO QUIMICA FARMACEUTICA NACIONAL S A";"40";"2.04";"81.6"
"2026";"FUNDO MUNICIPAL DE SAUDE DE RIO BANANAL";"MUNICIPAL";"11.429.173/0001-46";"RIO BANANAL";"ES";"07/01/2026";"11/02/2026";"267310";"METOCLOPRAMIDA CLORIDRATO, DOSAGEM:5 MG/ML, APRESENTAÇÃO:SOLUÇÃO INJETÁVEL";"AMPOLA";"N";"1031101660011";"Registro de Preços";"ADMINISTRATIVA";"2.0";"ML";"AMPOLA 2.00 ML";"52.969.017/0001-55";"TARGET MEDICAMENTOS E PRODUTOS HOSPITALARES LTDA";"01.571.702/0001-98";"HALEX ISTAR INDUSTRIA FARMACEUTICA SA";"1200";"0.61";"732.0"
"2026";"FUNDO MUNICIPAL DE SAUDE DE RIO BANANAL";"MUNICIPAL";"11.429.173/0001-46";"RIO BANANAL";"ES";"07/01/2026";"11/02/2026";"268498";"METRONIDAZOL, DOSAGEM:5MG/ML, APRESENTAÇÃO:SOLUÇÃO INJETÁVEL";"FRASCO";"S";"1004101580019";"Registro de Preços";"ADMINISTRATIVA";"100.0";"ML";"FRASCO 100.00 ML";"49.324.221/0016-90";"FRESENIUS KABI BRASIL LTDA.";"49.324.221/0001-04";"FRESENIUS KABI BRASIL LTDA.";"200";"4.3";"860.0"
"2026";"FUNDO MUNICIPAL DE SAUDE DE RIO BANANAL";"MUNICIPAL";"11.429.173/0001-46";"RIO BANANAL";"ES";"07/01/2026";"11/02/2026";"267107";"FENITOÍNA SÓDICA, DOSAGEM:50 MG/ML, APRESENTAÇÃO:SOLUÇÃO INJETÁVEL";"AMPOLA";"S";"1134301710021";"Registro de Preços";"ADMINISTRATIVA";"5.0";"ML";"AMPOLA 5.00 ML";"52.969.017/0001-55";"TARGET MEDICAMENTOS E PRODUTOS HOSPITALARES LTDA";"19.570.720/0001-10";"HIPOLABOR FARMACEUTICA LTDA";"200";"2.67";"534.0"
"2026";"FUNDO MUNICIPAL DE SAUDE DE RIO BANANAL";"MUNICIPAL";"11.429.173/0001-46";"RIO BANANAL";"ES";"07/01/2026";"11/02/2026";"268255";"EPINEFRINA, DOSAGEM:1MG/ML, USO:SOLUÇÃO INJETÁVEL";"AMPOLA";"N";"1038700820011";"Registro de Preços";"ADMINISTRATIVA";"1.0";"ML";"AMPOLA 1.00 ML";"25.279.552/0001-01";"DISTRIBUIDORA DE MEDICAMENTOS BACKES LTDA";"17.174.657/0001-78";"HYPOFARMA INSTITUTO DE HYPODERMIA E FARMACIA LTDA";"400";"1.23";"492.0"
"2026";"FUNDO MUNICIPAL DE SAUDE DE RIO BANANAL";"MUNICIPAL";"11.429.173/0001-46";"RIO BANANAL";"ES";"07/01/2026";"11/02/2026";"267281";"ESCOPOLAMINA BUTILBROMETO, DOSAGEM:10 MG/ML, INDICAÇÃO:SOLUÇÃO ORAL";"FRASCO";"S";"1134301810024";"Registro de Preços";"ADMINISTRATIVA";"20.0";"ML";"FRASCO 20.00 ML";"52.969.017/0001-55";"TARGET MEDICAMENTOS E PRODUTOS HOSPITALARES LTDA";"19.570.720/0001-10";"HIPOLABOR FARMACEUTICA LTDA";"100";"6.32";"632.0"
"2026";"FUNDO MUNICIPAL DE SAUDE DE RIO BANANAL";"MUNICIPAL";"11.429.173/0001-46";"RIO BANANAL";"ES";"07/01/2026";"11/02/2026";"267907";"BECLOMETASONA DIPROPIONATO, DOSAGEM:400MCG/ML, CARACTERÍSTICAS ADICIONAIS:SUSPENSÃO PARA INALAÇÃO";"FLACONETE";"N";"1005800090035";"Registro de Preços";"ADMINISTRATIVA";"2.0";"ML";"FLACONETE 2.00 ML";"25.279.552/0001-01";"DISTRIBUIDORA DE MEDICAMENTOS BACKES LTDA";"61.363.032/0001-46";"CHIESI FARMACEUTICA LTDA";"300";"7.11";"2133.0"
"2026";"FUNDO MUNICIPAL DE SAUDE DE RIO BANANAL";"MUNICIPAL";"11.429.173/0001-46";"RIO BANANAL";"ES";"07/01/2026";"11/02/2026";"292418";"CIPROFLOXACINO CLORIDRATO, DOSAGEM:2 MG/ML, APRESENTAÇÃO:SOLUÇÃO INJETÁVEL";"BOLSA";"N";"1031100740168";"Registro de Preços";"ADMINISTRATIVA";"100.0";"ML";"BOLSA 100.00 ML";"52.969.017/0001-55";"TARGET MEDICAMENTOS E PRODUTOS HOSPITALARES LTDA";"01.571.702/0001-98";"HALEX ISTAR INDUSTRIA FARMACEUTICA SA";"500";"6.66";"3330.0"
"2026";"FUNDO MUNICIPAL DE SAUDE DE RIO BANANAL";"MUNICIPAL";"11.429.173/0001-46";"RIO BANANAL";"ES";"07/01/2026";"11/02/2026";"267747";"SINVASTATINA, DOSAGEM:20 MG";"COMPRIMIDO";"S";"1438101690043";"Registro de Preços";"ADMINISTRATIVA";;;"COMPRIMIDO";"02.520.829/0001-40";"DIMASTER - COMERCIO DE PRODUTOS HOSPITALARES LTDA.";"02.814.497/0001-07";"CIMED INDUSTRIA S.A.";"190000";"0.07";"13300.0"
"2026";"FUNDO MUNICIPAL DE SAUDE DE RIO BANANAL";"MUNICIPAL";"11.429.173/0001-46";"RIO BANANAL";"ES";"07/01/2026";"11/02/2026";"331555";"CEFALEXINA, DOSAGEM:50 MG/ML, FORMA FARMACÊUTICA:PÓ P/ SUSPENSÃO ORAL";"FRASCO";"S";"1037005090045";"Registro de Preços";"ADMINISTRATIVA";"60.0";"ML";"FRASCO 60.00 ML";"52.969.017/0001-55";"TARGET MEDICAMENTOS E PRODUTOS HOSPITALARES LTDA";"17.159.229/0001-76";"LABORATORIO TEUTO BRASILEIRO S/A";"1000";"5.74";"5740.0"
"2026";"FUNDO MUNICIPAL DE SAUDE DE RIO BANANAL";"MUNICIPAL";"11.429.173/0001-46";"RIO BANANAL";"ES";"07/01/2026";"11/02/2026";"267691";"METFORMINA CLORIDRATO, DOSAGEM:850 MG";"COMPRIMIDO";"S";"1256801510027";"Registro de Preços";"ADMINISTRATIVA";;;"COMPRIMIDO";"02.520.829/0001-40";"DIMASTER - COMERCIO DE PRODUTOS HOSPITALARES LTDA.";"73.856.593/0001-66";"PRATI, DONADUZZI & CIA LTDA";"180000";"0.11";"19800.0"
"2026";"FUNDO MUNICIPAL DE SAUDE DE RIO BANANAL";"MUNICIPAL";"11.429.173/0001-46";"RIO BANANAL";"ES";"07/01/2026";"11/02/2026";"268273";"NITROFURANTOÍNA, DOSAGEM:100 MG";"CÁPSULA";"N";"1037004430020";"Registro de Preços";"ADMINISTRATIVA";;;"CÁPSULA";"21.189.554/0001-59";"TS FARMA DISTRIBUIDORA LTDA";"17.159.229/0001-76";"LABORATORIO TEUTO BRASILEIRO S/A";"800";"0.33";"264.0"
"2026";"FUNDO MUNICIPAL DE SAUDE DE RIO BANANAL";"MUNICIPAL";"11.429.173/0001-46";"RIO BANANAL";"ES";"07/01/2026";"11/02/2026";"268856";"LOSARTANA POTÁSSICA, DOSAGEM:50 MG";"COMPRIMIDO";"S";"1256802020228";"Registro de Preços";"ADMINISTRATIVA";;;"COMPRIMIDO";"02.520.829/0001-40";"DIMASTER - COMERCIO DE PRODUTOS HOSPITALARES LTDA.";"73.856.593/0001-66";"PRATI, DONADUZZI & CIA LTDA";"280000";"0.04";"11200.0"
"2026";"FUNDO MUNICIPAL DE SAUDE DE RIO BANANAL";"MUNICIPAL";"11.429.173/0001-46";"RIO BANANAL";"ES";"07/01/2026";"11/02/2026";"273395";"ISOSSORBIDA, PRINCÍPIO ATIVO:SAL DINITRATO, DOSAGEM:5 MG, TIPO MEDICAMENTO:SUBLINGUAL";"COMPRIMIDO";"N";"1356900150041";"Registro de Preços";"ADMINISTRATIVA";;;"COMPRIMIDO";"21.189.554/0001-59";"TS FARMA DISTRIBUIDORA LTDA";"00.923.140/0001-31";"EMS SIGMA PHARMA LTDA";"90";"0.28";"25.2"
"2026";"FUNDO MUNICIPAL DE SAUDE DE RIO BANANAL";"MUNICIPAL";"11.429.173/0001-46";"RIO BANANAL";"ES";"07/01/2026";"11/02/2026";"294887";"SALBUTAMOL, DOSAGEM:100MCG/DOSE, FORMA FARMACÊUTICA:AEROSOL ORAL";"FRASCO";"S";"1101302910018";"Registro de Preços";"ADMINISTRATIVA";"200.0";"DOSES";"FRASCO 200.00 DOSES";"02.520.829/0001-40";"DIMASTER - COMERCIO DE PRODUTOS HOSPITALARES LTDA.";"44.363.661/0001-57";"GLENMARK FARMACEUTICA LTDA";"1100";"11.3";"12430.0"
"2026";"FUNDO MUNICIPAL DE SAUDE DE RIO BANANAL";"MUNICIPAL";"11.429.173/0001-46";"RIO BANANAL";"ES";"07/01/2026";"11/02/2026";"268442";"SUXAMETÔNIO CLORETO, DOSAGEM:100 MG, INDICAÇÃO:INJETÁVEL";"FRASCO-AMPOLA";"N";"1049702060036";"Registro de Preços";"ADMINISTRATIVA";;;"FRASCO-AMPOLA";"36.958.637/0001-32";"MEDKA DISTRIBUIDORA HOSPITALAR LTDA";"60.665.981/0001-18";"UNIAO QUIMICA FARMACEUTICA NACIONAL S A";"100";"16.0";"1600.0"
"2026";"FUNDO MUNICIPAL DE SAUDE DE RIO BANANAL";"MUNICIPAL";"11.429.173/0001-46";"RIO BANANAL";"ES";"07/01/2026";"11/02/2026";"294643";"IBUPROFENO, DOSAGEM:50 MG/ML, FORMA FARMACÊUTICA:SUSPENSÃO ORAL";"FRASCO";"N";"1384100330083";"Registro de Preços";"ADMINISTRATIVA";"30.0";"ML";"FRASCO 30.00 ML";"02.520.829/0001-40";"DIMASTER - COMERCIO DE PRODUTOS HOSPITALARES LTDA.";"02.456.955/0001-83";"NATULAB LABORATORIO S.A";"1000";"2.15";"2150.0"
"2026";"FUNDO MUNICIPAL DE SAUDE DE RIO BANANAL";"MUNICIPAL";"11.429.173/0001-46";"RIO BANANAL";"ES";"07/01/2026";"11/02/2026";"292194";"HALOPERIDOL, APRESENTAÇÃO:SAL DECANOATO, CONCENTRAÇÃO:50 MG/ML, TIPO USO:SOLUÇÃO INJETÁVEL";"AMPOLA";"N";"1049711330016";"Registro de Preços";"ADMINISTRATIVA";"1.0";"ML";"AMPOLA 1.00 ML";"36.958.637/0001-32";"MEDKA DISTRIBUIDORA HOSPITALAR LTDA";"60.665.981/0001-18";"UNIAO QUIMICA FARMACEUTICA NACIONAL S A";"550";"6.5";"3575.0"
"2026";"FUNDO MUNICIPAL DE SAUDE DE RIO BANANAL";"MUNICIPAL";"11.429.173/0001-46";"RIO BANANAL";"ES";"07/01/2026";"11/02/2026";"383750";"LACTULOSE, CONCENTRAÇÃO:667 MG/ML, FORMA FARMACEUTICA:XAROPE";"FRASCO";;;"Registro de Preços";"ADMINISTRATIVA";"120.0";"ML";"FRASCO 120.00 ML";"02.520.829/0001-40";"DIMASTER - COMERCIO DE PRODUTOS HOSPITALARES LTDA.";"31.170.914/0001-24";"MAYBEN PHARMACEUTICAL LTDA";"600";"4.09";"2454.0"
"2026";"FUNDO MUNICIPAL DE SAUDE DE RIO BANANAL";"MUNICIPAL";"11.429.173/0001-46";"RIO BANANAL";"ES";"07/01/2026";"11/02/2026";"300723";"FENOBARBITAL SÓDICO, DOSAGEM:40 MG/ML, FORMA FARMACÊUTICA:SOLUÇÃO ORAL - GOTAS";"FRASCO";"S";"1049713300017";"Registro de Preços";"ADMINISTRATIVA";"20.0";"ML";"FRASCO 20.00 ML";"36.958.637/0001-32";"MEDKA DISTRIBUIDORA HOSPITALAR LTDA";"60.665.981/0001-18";"UNIAO QUIMICA FARMACEUTICA NACIONAL S A";"400";"4.84";"1936.0"
"2026";"FUNDO MUNICIPAL DE SAUDE DE RIO BANANAL";"MUNICIPAL";"11.429.173/0001-46";"RIO BANANAL";"ES";"07/01/2026";"11/02/2026";"267652";"ENALAPRIL MALEATO, DOSAGEM:20 MG";"COMPRIMIDO";"S";"1048100980163";"Registro de Preços";"ADMINISTRATIVA";;;"COMPRIMIDO";"02.520.829/0001-40";"DIMASTER - COMERCIO DE PRODUTOS HOSPITALARES LTDA.";"48.113.906/0001-49";"1FARMA INDUSTRIA FARMACEUTICA LTDA";"130000";"0.05";"6500.0"
"2026";"FUNDO MUNICIPAL DE SAUDE DE RIO BANANAL";"MUNICIPAL";"11.429.173/0001-46";"RIO BANANAL";"ES";"07/01/2026";"11/02/2026";"268076";"SULFATO DE MAGNÉSIO, CONCENTRAÇÃO:10%, USO:SOLUÇÃO INJETÁVEL";"AMPOLA";"N";"1559200050025";"Registro de Preços";"ADMINISTRATIVA";"10.0";"ML";"AMPOLA 10.00 ML";"45.082.493/0001-94";"VLS MEDICAMENTOS LTDA";"04.459.117/0001-99";"SAMTEC BIOTECNOLOGIA LTDA";"200";"1.07";"214.0"
"2026";"FUNDO MUNICIPAL DE SAUDE DE RIO BANANAL";"MUNICIPAL";"11.429.173/0001-46";"RIO BANANAL";"ES";"07/01/2026";"11/02/2026";"372335";"METRONIDAZOL, CONCENTRAÇAO:100 MG/G, FORMA FARMACEUTICA:GEL VAGINAL, CARACTERÍSTICA ADICIONAL:COM APLICADOR";"BISNAGA";"N";"1037000710088";"Registro de Preços";"ADMINISTRATIVA";"50.0";"G";"BISNAGA 50.00 G";"02.520.829/0001-40";"DIMASTER - COMERCIO DE PRODUTOS HOSPITALARES LTDA.";"17.159.229/0001-76";"LABORATORIO TEUTO BRASILEIRO S/A";"400";"5.88";"2352.0"
"2026";"FUNDO MUNICIPAL DE SAUDE DE RIO BANANAL";"MUNICIPAL";"11.429.173/0001-46";"RIO BANANAL";"ES";"07/01/2026";"11/02/2026";"269850";"LIDOCAÍNA CLORIDRATO, COMPOSIÇÃO:ASSOCIADA COM EPINEFRINA, DOSAGEM:2% + 1:50.000, APRESENTAÇÃO:INJETÁVEL";"FRASCO";"N";"1038700390092";"Registro de Preços";"ADMINISTRATIVA";"20.0";"ML";"FRASCO 20.00 ML";"45.082.493/0001-94";"VLS MEDICAMENTOS LTDA";"17.174.657/0001-78";"HYPOFARMA INSTITUTO DE HYPODERMIA E FARMACIA LTDA";"20";"6.44";"128.8"
"2026";"FUNDO MUNICIPAL DE SAUDE DE RIO BANANAL";"MUNICIPAL";"11.429.173/0001-46";"RIO BANANAL";"ES";"07/01/2026";"11/02/2026";"268331";"IPRATRÓPIO BROMETO, DOSAGEM:0,25 MG/ML, USO:SOLUÇÃO PARA INALAÇÃO";"FRASCO";"S";"1134301620020";"Registro de Preços";"ADMINISTRATIVA";"20.0";"ML";"FRASCO 20.00 ML";"25.279.552/0001-01";"DISTRIBUIDORA DE MEDICAMENTOS BACKES LTDA";"19.570.720/0001-10";"HIPOLABOR FARMACEUTICA LTDA";"350";"1.41";"493.5"
"2026";"FUNDO MUNICIPAL DE SAUDE DE RIO BANANAL";"MUNICIPAL";"11.429.173/0001-46";"RIO BANANAL";"ES";"07/01/2026";"11/02/2026";"292196";"HALOPERIDOL, CONCENTRAÇÃO:5 MG/ML, TIPO USO:SOLUÇÃO INJETÁVEL";"AMPOLA";"N";"1049701910095";"Registro de Preços";"ADMINISTRATIVA";"1.0";"ML";"AMPOLA 1.00 ML";"21.189.554/0001-59";"TS FARMA DISTRIBUIDORA LTDA";"60.665.981/0001-18";"UNIAO QUIMICA FARMACEUTICA NACIONAL S A";"200";"1.86";"372.0"
"2026";"FUNDO MUNICIPAL DE SAUDE DE RIO BANANAL";"MUNICIPAL";"11.429.173/0001-46";"RIO BANANAL";"ES";"07/01/2026";"11/02/2026";"267632";"CIPROFLOXACINO CLORIDRATO, DOSAGEM:500 MG";"COMPRIMIDO";"S";"1256801500099";"Registro de Preços";"ADMINISTRATIVA";;;"COMPRIMIDO";"02.520.829/0001-40";"DIMASTER - COMERCIO DE PRODUTOS HOSPITALARES LTDA.";"73.856.593/0001-66";"PRATI, DONADUZZI & CIA LTDA";"9500";"0.18";"1710.0"
"2026";"FUNDO MUNICIPAL DE SAUDE DE RIO BANANAL";"MUNICIPAL";"11.429.173/0001-46";"RIO BANANAL";"ES";"07/01/2026";"11/02/2026";"267161";"CLORETO DE POTÁSSIO, DOSAGEM:10%, APRESENTAÇÃO:SOLUÇÃO INJETÁVEL";"AMPOLA";"N";"1559200010090";"Registro de Preços";"ADMINISTRATIVA";"10.0";"ML";"AMPOLA 10.00 ML";"21.189.554/0001-59";"TS FARMA DISTRIBUIDORA LTDA";"04.459.117/0001-99";"SAMTEC BIOTECNOLOGIA LTDA";"400";"0.35";"140.0"
"2026";"FUNDO MUNICIPAL DE SAUDE DE RIO BANANAL";"MUNICIPAL";"11.429.173/0001-46";"RIO BANANAL";"ES";"07/01/2026";"11/02/2026";"270119";"CLONAZEPAM, DOSAGEM:2 MG";"COMPRIMIDO";"N";"1542301750311";"Registro de Preços";"ADMINISTRATIVA";;;"COMPRIMIDO";"02.520.829/0001-40";"DIMASTER - COMERCIO DE PRODUTOS HOSPITALARES LTDA.";"03.485.572/0001-04";"GEOLAB INDUSTRIA FARMACEUTICA S/A";"200000";"0.05";"10000.0"
"2026";"FUNDO MUNICIPAL DE SAUDE DE RIO BANANAL";"MUNICIPAL";"11.429.173/0001-46";"RIO BANANAL";"ES";"07/01/2026";"11/02/2026";"304870";"MORFINA, APRESENTAÇÃO:SULFATO, CONCENTRAÇÃO:1MG/ML, FORMA FARMACÊUTICA:SOLUÇÃO INJETÁVEL";"AMPOLA";"N";"1049714550114";"Registro de Preços";"ADMINISTRATIVA";"2.0";"ML";"AMPOLA 2.00 ML";"45.082.493/0001-94";"VLS MEDICAMENTOS LTDA";"60.665.981/0001-18";"UNIAO QUIMICA FARMACEUTICA NACIONAL S A";"400";"1.8";"720.0"
"2026";"FUNDO MUNICIPAL DE SAUDE DE RIO BANANAL";"MUNICIPAL";"11.429.173/0001-46";"RIO BANANAL";"ES";"07/01/2026";"11/02/2026";"268292";"FOLINATO DE CÁLCIO, DOSAGEM:15 MG";"COMPRIMIDO";"N";"1134300720031";"Registro de Preços";"ADMINISTRATIVA";;;"COMPRIMIDO";"25.279.552/0001-01";"DISTRIBUIDORA DE MEDICAMENTOS BACKES LTDA";"19.570.720/0001-10";"HIPOLABOR FARMACEUTICA LTDA";"2000";"2.56";"5120.0"
"2026";"FUNDO MUNICIPAL DE SAUDE DE RIO BANANAL";"MUNICIPAL";"11.429.173/0001-46";"RIO BANANAL";"ES";"07/01/2026";"11/02/2026";"268534";"TRAMADOL CLORIDRATO, DOSAGEM:50 MG";"CÁPSULA";"S";"1037005030018";"Registro de Preços";"ADMINISTRATIVA";;;"CÁPSULA";"45.082.493/0001-94";"VLS MEDICAMENTOS LTDA";"17.159.229/0001-76";"LABORATORIO TEUTO BRASILEIRO S/A";"100";"0.3";"30.0"
"2026";"FUNDO MUNICIPAL DE SAUDE DE RIO BANANAL";"MUNICIPAL";"11.429.173/0001-46";"RIO BANANAL";"ES";"07/01/2026";"11/02/2026";"267689";"METILDOPA, DOSAGEM:250 MG";"COMPRIMIDO";"S";"1134302090025";"Registro de Preços";"ADMINISTRATIVA";;;"COMPRIMIDO";"25.279.552/0001-01";"DISTRIBUIDORA DE MEDICAMENTOS BACKES LTDA";"19.570.720/0001-10";"HIPOLABOR FARMACEUTICA LTDA";"16000";"0.44";"7040.0"
"2026";"FUNDO MUNICIPAL DE SAUDE DE RIO BANANAL";"MUNICIPAL";"11.429.173/0001-46";"RIO BANANAL";"ES";"07/01/2026";"11/02/2026";"271661";"AMBROXOL, COMPOSIÇÃO:SAL CLORIDRATO, CONCENTRAÇÃO:7,5 MG/ML, APLICAÇÃO:SOLUÇÃO ORAL";"FRASCO";"S";"1476100150013";"Registro de Preços";"ADMINISTRATIVA";"50.0";"ML";"FRASCO 50.00 ML";"45.082.493/0001-94";"VLS MEDICAMENTOS LTDA";"65.271.900/0001-19";"NATIVITA INDUSTRIA E COMERCIO LTDA";"50";"3.98";"199.0"
"2026";"FUNDO MUNICIPAL DE SAUDE DE RIO BANANAL";"MUNICIPAL";"11.429.173/0001-46";"RIO BANANAL";"ES";"07/01/2026";"11/02/2026";"459822";"ALBENDAZOL, CONCENTRAÇÃO:400 MG, FORMA FARMACEUTICA:COMPRIMIDO MASTIGÁVEL";"COMPRIMIDO";"S";"1256800520029";"Registro de Preços";"ADMINISTRATIVA";;;"COMPRIMIDO";"02.520.829/0001-40";"DIMASTER - COMERCIO DE PRODUTOS HOSPITALARES LTDA.";"73.856.593/0001-66";"PRATI, DONADUZZI & CIA LTDA";"7000";"0.47";"3290.0"
"2026";"FUNDO MUNICIPAL DE SAUDE DE RIO BANANAL";"MUNICIPAL";"11.429.173/0001-46";"RIO BANANAL";"ES";"07/01/2026";"11/02/2026";"267670";"HALOPERIDOL, DOSAGEM:1 MG";"COMPRIMIDO";"N";"1029800200229";"Registro de Preços";"ADMINISTRATIVA";;;"COMPRIMIDO";"45.082.493/0001-94";"VLS MEDICAMENTOS LTDA";"44.734.671/0001-51";"CRISTALIA PRODUTOS QUIMICOS FARMACEUTICOS LTDA";"3000";"0.2";"600.0"
"2026";"FUNDO MUNICIPAL DE SAUDE DE RIO BANANAL";"MUNICIPAL";"11.429.173/0001-46";"RIO BANANAL";"ES";"07/01/2026";"11/02/2026";"268949";"AZITROMICINA, DOSAGEM:40 MG/ML, APRESENTAÇÃO:SUSPENSÃO ORAL";"FRASCO";"S";"1256801850081";"Registro de Preços";"ADMINISTRATIVA";"15.0";"ML";"FRASCO 15.00 ML";"02.520.829/0001-40";"DIMASTER - COMERCIO DE PRODUTOS HOSPITALARES LTDA.";"73.856.593/0001-66";"PRATI, DONADUZZI & CIA LTDA";"600";"7.3";"4380.0"
"2026";"FUNDO MUNICIPAL DE SAUDE DE RIO BANANAL";"MUNICIPAL";"11.429.173/0001-46";"RIO BANANAL";"ES";"07/01/2026";"11/02/2026";"267638";"CLORPROMAZINA, DOSAGEM:100 MG";"COMPRIMIDO";"N";"1049701550048";"Registro de Preços";"ADMINISTRATIVA";;;"COMPRIMIDO";"45.082.493/0001-94";"VLS MEDICAMENTOS LTDA";"60.665.981/0001-18";"UNIAO QUIMICA FARMACEUTICA NACIONAL S A";"5000";"0.34";"1700.0"
"2026";"FUNDO MUNICIPAL DE SAUDE DE RIO BANANAL";"MUNICIPAL";"11.429.173/0001-46";"RIO BANANAL";"ES";"07/01/2026";"11/02/2026";"267772";"PROPRANOLOL CLORIDRATO, DOSAGEM:40 MG";"COMPRIMIDO";"S";"1050400510032";"Registro de Preços";"ADMINISTRATIVA";;;"COMPRIMIDO";"25.279.552/0001-01";"DISTRIBUIDORA DE MEDICAMENTOS BACKES LTDA";"19.791.813/0001-75";"LABORATORIOS OSORIO DE MORAES LTDA";"1500";"0.04";"60.0"
"2026";"FUNDO MUNICIPAL DE SAUDE DE RIO BANANAL";"MUNICIPAL";"11.429.173/0001-46";"RIO BANANAL";"ES";"07/01/2026";"11/02/2026";"268290";"ÁCIDO BÓRICO, DOSAGEM:SOLUÇÃO A 3%";"FRASCO";;;"Registro de Preços";"ADMINISTRATIVA";"100.0";"ML";"FRASCO 100.00 ML";"45.082.493/0001-94";"VLS MEDICAMENTOS LTDA";"21.759.758/0001-88";"FARMAX S.A.";"300";"1.95";"585.0"
"2026";"FUNDO MUNICIPAL DE SAUDE DE RIO BANANAL";"MUNICIPAL";"11.429.173/0001-46";"RIO BANANAL";"ES";"07/01/2026";"11/02/2026";"271111";"AMOXICILINA, CONCENTRAÇÃO:50MG/ML, APRESENTAÇÃO:PÓ PARA SUSPENSÃO ORAL";"FRASCO";"S";"1256801560024";"Registro de Preços";"ADMINISTRATIVA";"60.0";"ML";"FRASCO 60.00 ML";"02.520.829/0001-40";"DIMASTER - COMERCIO DE PRODUTOS HOSPITALARES LTDA.";"73.856.593/0001-66";"PRATI, DONADUZZI & CIA LTDA";"1000";"3.77";"3770.0"
"2026";"FUNDO MUNICIPAL DE SAUDE DE RIO BANANAL";"MUNICIPAL";"11.429.173/0001-46";"RIO BANANAL";"ES";"07/01/2026";"11/02/2026";"270019";"GLICONATO DE CÁLCIO, DOSAGEM:10%, APRESENTAÇÃO:SOLUÇÃO INJETÁVEL";"AMPOLA";"N";"1031100350033";"Registro de Preços";"ADMINISTRATIVA";"10.0";"ML";"AMPOLA 10.00 ML";"25.279.552/0001-01";"DISTRIBUIDORA DE MEDICAMENTOS BACKES LTDA";"01.571.702/0001-98";"HALEX ISTAR INDUSTRIA FARMACEUTICA SA";"200";"2.01";"402.0"
"2026";"FUNDO MUNICIPAL DE SAUDE DE RIO BANANAL";"MUNICIPAL";"11.429.173/0001-46";"RIO BANANAL";"ES";"07/01/2026";"11/02/2026";"273466";"LORATADINA, CONCENTRAÇÃO:10MG";"COMPRIMIDO";"N";"1542303390037";"Registro de Preços";"ADMINISTRATIVA";;;"COMPRIMIDO";"67.729.178/0004-91";"COMERCIAL CIRURGICA RIOCLARENSE LTDA";"03.485.572/0001-04";"GEOLAB INDUSTRIA FARMACEUTICA S/A";"25000";"0.08";"2000.0"
"2026";"FUNDO MUNICIPAL DE SAUDE DE RIO BANANAL";"MUNICIPAL";"11.429.173/0001-46";"RIO BANANAL";"ES";"07/01/2026";"11/02/2026";"267194";"DIAZEPAM, DOSAGEM:5 MG/ML, APRESENTAÇÃO:SOLUÇÃO INJETÁVEL";"AMPOLA";"S";"1134301520018";"Registro de Preços";"ADMINISTRATIVA";"2.0";"ML";"AMPOLA 2.00 ML";"25.279.552/0001-01";"DISTRIBUIDORA DE MEDICAMENTOS BACKES LTDA";"19.570.720/0001-10";"HIPOLABOR FARMACEUTICA LTDA";"800";"1.03";"824.0"
"2026";"FUNDO MUNICIPAL DE SAUDE DE RIO BANANAL";"MUNICIPAL";"11.429.173/0001-46";"RIO BANANAL";"ES";"07/01/2026";"11/02/2026";"267768";"PROMETAZINA CLORIDRATO, DOSAGEM:25 MG";"COMPRIMIDO";"N";"1029800420083";"Registro de Preços";"ADMINISTRATIVA";;;"COMPRIMIDO";"67.729.178/0004-91";"COMERCIAL CIRURGICA RIOCLARENSE LTDA";"44.734.671/0001-51";"CRISTALIA PRODUTOS QUIMICOS FARMACEUTICOS LTDA";"19000";"0.13";"2470.0"
"2026";"FUNDO MUNICIPAL DE SAUDE DE RIO BANANAL";"MUNICIPAL";"11.429.173/0001-46";"RIO BANANAL";"ES";"07/01/2026";"11/02/2026";"267769";"PROMETAZINA CLORIDRATO, DOSAGEM:25 MG/ML, APRESENTAÇÃO:SOLUÇÃO INJETÁVEL";"AMPOLA";"N";"1134302020061";"Registro de Preços";"ADMINISTRATIVA";"2.0";"ML";"AMPOLA 2.00 ML";"67.729.178/0004-91";"COMERCIAL CIRURGICA RIOCLARENSE LTDA";"19.570.720/0001-10";"HIPOLABOR FARMACEUTICA LTDA";"2000";"3.4";"6800.0"
"2026";"FUNDO MUNICIPAL DE SAUDE DE RIO BANANAL";"MUNICIPAL";"11.429.173/0001-46";"RIO BANANAL";"ES";"07/01/2026";"11/02/2026";"281657";"ÁCIDOS GRAXOS ESSENCIAIS, COMPOSIÇÃO:COMPOSTO DOS ÁCIDOS CAPRÍLICO, CÁPRICO, LÁURICO, COMPONENTES:LINOLÊICO, LECITINA DE SOJA, APRESENTAÇÃO:ASSOCIADOS COM VITAMINAS ""A"" E ""E"", TIPO:LOÇÃO OLEOSA";"FRASCO";;;"Registro de Preços";"ADMINISTRATIVA";"200.0";"ML";"FRASCO 200.00 ML";"25.279.552/0001-01";"DISTRIBUIDORA DE MEDICAMENTOS BACKES LTDA";"31.170.914/0001-24";"MAYBEN PHARMACEUTICAL LTDA";"750";"4.8";"3600.0"
"2026";"FUNDO MUNICIPAL DE SAUDE DE RIO BANANAL";"MUNICIPAL";"11.429.173/0001-46";"RIO BANANAL";"ES";"07/01/2026";"11/02/2026";"448595";"PREDNISOLONA, COMPOSIÇÃO:FOSFATO SÓDICO, CONCENTRAÇÃO:3 MG/ML, FORMA FARMACEUTICA:SOLUÇÃO ORAL";"FRASCO";"S";"1134301840039";"Registro de Preços";"ADMINISTRATIVA";"60.0";"ML";"FRASCO 60.00 ML";"67.729.178/0004-91";"COMERCIAL CIRURGICA RIOCLARENSE LTDA";"19.570.720/0001-10";"HIPOLABOR FARMACEUTICA LTDA";"1000";"4.32";"4320.0"
"2026";"FUNDO MUNICIPAL DE SAUDE DE RIO BANANAL";"MUNICIPAL";"11.429.173/0001-46";"RIO BANANAL";"ES";"07/01/2026";"11/02/2026";"268236";"CLORETO DE SÓDIO, PRINCÍPIO ATIVO:0,9%_ SOLUÇÃO INJETÁVEL, APLICAÇÃO:SISTEMA FECHADO";"FRASCO";"N";"1168800310056";"Registro de Preços";"ADMINISTRATIVA";"500.0";"ML";"FRASCO 500.00 ML";"67.729.178/0004-91";"COMERCIAL CIRURGICA RIOCLARENSE LTDA";"58.635.830/0001-75";"FARMARIN INDUSTRIA E COMERCIO LTDA";"15000";"3.55";"53250.0"
"2026";"FUNDO MUNICIPAL DE SAUDE DE RIO BANANAL";"MUNICIPAL";"11.429.173/0001-46";"RIO BANANAL";"ES";"07/01/2026";"11/02/2026";"268236";"CLORETO DE SÓDIO, PRINCÍPIO ATIVO:0,9%_ SOLUÇÃO INJETÁVEL, APLICAÇÃO:SISTEMA FECHADO";"BOLSA";"N";"1168800310099";"Registro de Preços";"ADMINISTRATIVA";"250.0";"ML";"BOLSA 250.00 ML";"67.729.178/0004-91";"COMERCIAL CIRURGICA RIOCLARENSE LTDA";"58.635.830/0001-75";"FARMARIN INDUSTRIA E COMERCIO LTDA";"4000";"3.42";"13680.0"
"2026";"FUNDO MUNICIPAL DE SAUDE DE RIO BANANAL";"MUNICIPAL";"11.429.173/0001-46";"RIO BANANAL";"ES";"07/01/2026";"11/02/2026";"267778";"PARACETAMOL, DOSAGEM COMPRIMIDO:500 MG";"COMPRIMIDO";"S";"1134301010036";"Registro de Preços";"ADMINISTRATIVA";;;"COMPRIMIDO";"67.729.178/0004-91";"COMERCIAL CIRURGICA RIOCLARENSE LTDA";"19.570.720/0001-10";"HIPOLABOR FARMACEUTICA LTDA";"82000";"0.06";"4920.0"
"2026";"FUNDO MUNICIPAL DE SAUDE DE RIO BANANAL";"MUNICIPAL";"11.429.173/0001-46";"RIO BANANAL";"ES";"07/01/2026";"11/02/2026";"270092";"GLICOSE, CONCENTRAÇÃO:5%, INDICAÇÃO:SOLUÇÃO INJETÁVEL, CARACTERÍSTICAS ADICIONAIS:SISTEMA FECHADO";"BOLSA";"N";"1168800330014";"Registro de Preços";"ADMINISTRATIVA";"100.0";"ML";"BOLSA 100.00 ML";"67.729.178/0004-91";"COMERCIAL CIRURGICA RIOCLARENSE LTDA";"58.635.830/0001-75";"FARMARIN INDUSTRIA E COMERCIO LTDA";"500";"3.36";"1680.0"
"2026";"FUNDO MUNICIPAL DE SAUDE DE RIO BANANAL";"MUNICIPAL";"11.429.173/0001-46";"RIO BANANAL";"ES";"07/01/2026";"11/02/2026";"268236";"CLORETO DE SÓDIO, PRINCÍPIO ATIVO:0,9%_ SOLUÇÃO INJETÁVEL, APLICAÇÃO:SISTEMA FECHADO";"FRASCO";"N";"1168800310013";"Registro de Preços";"ADMINISTRATIVA";"100.0";"ML";"FRASCO 100.00 ML";"67.729.178/0004-91";"COMERCIAL CIRURGICA RIOCLARENSE LTDA";"58.635.830/0001-75";"FARMARIN INDUSTRIA E COMERCIO LTDA";"12000";"2.88";"34560.0"
"2026";"FUNDO MUNICIPAL DE SAUDE DE RIO BANANAL";"MUNICIPAL";"11.429.173/0001-46";"RIO BANANAL";"ES";"07/01/2026";"11/02/2026";"292382";"TRAMADOL CLORIDRATO, DOSAGEM:50 MG/ML, FORMA FARMACÊUTICA:SOLUÇÃO INJETÁVEL";"AMPOLA";"S";"1134301560044";"Registro de Preços";"ADMINISTRATIVA";"2.0";"ML";"AMPOLA 2.00 ML";"67.729.178/0004-91";"COMERCIAL CIRURGICA RIOCLARENSE LTDA";"19.570.720/0001-10";"HIPOLABOR FARMACEUTICA LTDA";"3500";"1.08";"3780.0"
"2026";"FUNDO MUNICIPAL DE SAUDE DE RIO BANANAL";"MUNICIPAL";"11.429.173/0001-46";"RIO BANANAL";"ES";"07/01/2026";"11/02/2026";"270092";"GLICOSE, CONCENTRAÇÃO:5%, INDICAÇÃO:SOLUÇÃO INJETÁVEL, CARACTERÍSTICAS ADICIONAIS:SISTEMA FECHADO";"BOLSA";"N";"1168800330057";"Registro de Preços";"ADMINISTRATIVA";"500.0";"ML";"BOLSA 500.00 ML";"67.729.178/0004-91";"COMERCIAL CIRURGICA RIOCLARENSE LTDA";"58.635.830/0001-75";"FARMARIN INDUSTRIA E COMERCIO LTDA";"4000";"5.4";"21600.0"
"2026";"FUNDO MUNICIPAL DE SAUDE DE RIO BANANAL";"MUNICIPAL";"11.429.173/0001-46";"RIO BANANAL";"ES";"07/01/2026";"11/02/2026";"269843";"LIDOCAÍNA CLORIDRATO, DOSAGEM:2%, APRESENTAÇÃO:INJETÁVEL";"FRASCO";"S";"1134301020015";"Registro de Preços";"ADMINISTRATIVA";"20.0";"ML";"FRASCO 20.00 ML";"67.729.178/0004-91";"COMERCIAL CIRURGICA RIOCLARENSE LTDA";"19.570.720/0001-10";"HIPOLABOR FARMACEUTICA LTDA";"800";"4.08";"3264.0"
"2026";"FUNDO MUNICIPAL DE SAUDE DE RIO BANANAL";"MUNICIPAL";"11.429.173/0001-46";"RIO BANANAL";"ES";"07/01/2026";"11/02/2026";"271710";"AMIODARONA, DOSAGEM:50MG/ML, INDICAÇÃO:INJETÁVEL";"AMPOLA";"S";"1134301220022";"Registro de Preços";"ADMINISTRATIVA";"3.0";"ML";"AMPOLA 3.00 ML";"25.279.552/0001-01";"DISTRIBUIDORA DE MEDICAMENTOS BACKES LTDA";"19.570.720/0001-10";"HIPOLABOR FARMACEUTICA LTDA";"100";"3.29";"329.0"
"2026";"FUNDO MUNICIPAL DE SAUDE DE RIO BANANAL";"MUNICIPAL";"11.429.173/0001-46";"RIO BANANAL";"ES";"07/01/2026";"11/02/2026";"268436";"CLINDAMICINA, DOSAGEM:300 MG";"CÁPSULA";"S";"1037004710015";"Registro de Preços";"ADMINISTRATIVA";;;"CÁPSULA";"14.905.502/0001-76";"EXCLUSIVA DISTRIBUIDORA DE MEDICAMENTOS LTDA";"17.159.229/0001-76";"LABORATORIO TEUTO BRASILEIRO S/A";"2000";"1.13";"2260.0"
"2026";"FUNDO MUNICIPAL DE SAUDE DE RIO BANANAL";"MUNICIPAL";"11.429.173/0001-46";"RIO BANANAL";"ES";"07/01/2026";"11/02/2026";"271003";"DICLOFENACO, APRESENTAÇÃO:SAL SÓDICO, DOSAGEM:25MG/ML, USO:SOLUÇÃO INJETÁVEL";"AMPOLA";"N";"1108500160039";"Registro de Preços";"ADMINISTRATIVA";"3.0";"ML";"AMPOLA 3.00 ML";"12.418.191/0001-95";"CONQUISTA DISTRIBUIDORA DE MEDICAMENTOS E PRODUTOS HOSPITALARES LTDA";"06.628.333/0001-46";"FARMACE - INDUSTRIA QUIMICO-FARMACEUTICA CEARENSE LTDA";"9000";"0.76";"6840.0"
"2026";"FUNDO MUNICIPAL DE SAUDE DE RIO BANANAL";"MUNICIPAL";"11.429.173/0001-46";"RIO BANANAL";"ES";"07/01/2026";"11/02/2026";"272434";"ANLODIPINO BESILATO, DOSAGEM:5 MG";"COMPRIMIDO";"N";"1542302430043";"Registro de Preços";"ADMINISTRATIVA";;;"COMPRIMIDO";"02.537.890/0001-09";"COFARMINAS COMERCIO DE PRODUTOS FARMACEUTICOS LTDA";"03.485.572/0001-04";"GEOLAB INDUSTRIA FARMACEUTICA S/A";"50000";"0.03";"1500.0"
"2026";"FUNDO MUNICIPAL DE SAUDE DE RIO BANANAL";"MUNICIPAL";"11.429.173/0001-46";"RIO BANANAL";"ES";"07/01/2026";"11/02/2026";"267717";"METRONIDAZOL, DOSAGEM:250 MG";"COMPRIMIDO";"S";"1256801820018";"Registro de Preços";"ADMINISTRATIVA";;;"COMPRIMIDO";"02.537.890/0001-09";"COFARMINAS COMERCIO DE PRODUTOS FARMACEUTICOS LTDA";"73.856.593/0001-66";"PRATI, DONADUZZI & CIA LTDA";"5200";"0.17";"884.0"
"2026";"FUNDO MUNICIPAL DE SAUDE DE RIO BANANAL";"MUNICIPAL";"11.429.173/0001-46";"RIO BANANAL";"ES";"07/01/2026";"11/02/2026";"292345";"SULFATO FERROSO, DOSAGEM FERRO:25MG/ML DE FERRO II, FORMA FARMACÊUTICA:SOLUÇÃO ORAL-GOTAS";"FRASCO";;;"Registro de Preços";"ADMINISTRATIVA";"30.0";"ML";"FRASCO 30.00 ML";"02.520.829/0001-40";"DIMASTER - COMERCIO DE PRODUTOS HOSPITALARES LTDA.";"02.456.955/0001-83";"NATULAB LABORATORIO S.A";"1000";"1.0";"1000.0"
"2026";"FUNDO MUNICIPAL DE SAUDE DE RIO BANANAL";"MUNICIPAL";"11.429.173/0001-46";"RIO BANANAL";"ES";"07/01/2026";"11/02/2026";"267541";"GLICOSE, CONCENTRAÇÃO:50%, INDICAÇÃO:SOLUÇÃO INJETÁVEL";"FRASCO";"N";"1108500090091";"Registro de Preços";"ADMINISTRATIVA";"10.0";"ML";"FRASCO 10.00 ML";"36.325.157/0001-34";"COSTA CAMARGO COM. DE PRODUTOS HOSPITALARES LTDA";"06.628.333/0001-46";"FARMACE - INDUSTRIA QUIMICO-FARMACEUTICA CEARENSE LTDA";"800";"0.54";"432.0"
"2026";"FUNDO MUNICIPAL DE SAUDE DE RIO BANANAL";"MUNICIPAL";"11.429.173/0001-46";"RIO BANANAL";"ES";"07/01/2026";"11/02/2026";"267203";"DIPIRONA SÓDICA, DOSAGEM:500 MG";"COMPRIMIDO";"S";"1256800410029";"Registro de Preços";"ADMINISTRATIVA";;;"COMPRIMIDO";"02.537.890/0001-09";"COFARMINAS COMERCIO DE PRODUTOS FARMACEUTICOS LTDA";"73.856.593/0001-66";"PRATI, DONADUZZI & CIA LTDA";"90000";"0.12";"10800.0"
"2026";"FUNDO MUNICIPAL DE SAUDE DE RIO BANANAL";"MUNICIPAL";"11.429.173/0001-46";"RIO BANANAL";"ES";"07/01/2026";"11/02/2026";"315056";"ÁGUA DESTILADA, ASPECTO FÍSICO:BIDESTILADA, ESTÉRIL, APIROGÊNICA";"FRASCO";"N";"1108500110066";"Registro de Preços";"ADMINISTRATIVA";"10.0";"ML";"FRASCO 10.00 ML";"02.537.890/0001-09";"COFARMINAS COMERCIO DE PRODUTOS FARMACEUTICOS LTDA";"06.628.333/0001-46";"FARMACE - INDUSTRIA QUIMICO-FARMACEUTICA CEARENSE LTDA";"51200";"0.17";"8704.0"
"2026";"FUNDO MUNICIPAL DE SAUDE DE RIO BANANAL";"MUNICIPAL";"11.429.173/0001-46";"RIO BANANAL";"ES";"07/01/2026";"11/02/2026";"267574";"CLORETO DE SÓDIO, DOSAGEM:20%, USO:SOLUÇÃO INJETÁVEL";"AMPOLA";"N";"1108500010096";"Registro de Preços";"ADMINISTRATIVA";"10.0";"ML";"AMPOLA 10.00 ML";"36.325.157/0001-34";"COSTA CAMARGO COM. DE PRODUTOS HOSPITALARES LTDA";"06.628.333/0001-46";"FARMACE - INDUSTRIA QUIMICO-FARMACEUTICA CEARENSE LTDA";"1000";"0.43";"430.0"
"2026";"FUNDO MUNICIPAL DE SAUDE DE RIO BANANAL";"MUNICIPAL";"11.429.173/0001-46";"RIO BANANAL";"ES";"07/01/2026";"11/02/2026";"267540";"GLICOSE, CONCENTRAÇÃO:25%, INDICAÇÃO:SOLUÇÃO INJETÁVEL";"FRASCO";"N";"1108500090057";"Registro de Preços";"ADMINISTRATIVA";"10.0";"ML";"FRASCO 10.00 ML";"36.325.157/0001-34";"COSTA CAMARGO COM. DE PRODUTOS HOSPITALARES LTDA";"06.628.333/0001-46";"FARMACE - INDUSTRIA QUIMICO-FARMACEUTICA CEARENSE LTDA";"200";"0.52";"104.0"
"2026";"FUNDO MUNICIPAL DE SAUDE DE RIO BANANAL";"MUNICIPAL";"11.429.173/0001-46";"RIO BANANAL";"ES";"07/01/2026";"11/02/2026";"267508";"ALOPURINOL, DOSAGEM:100 MG";"COMPRIMIDO";"S";"1256801910017";"Registro de Preços";"ADMINISTRATIVA";;;"COMPRIMIDO";"02.537.890/0001-09";"COFARMINAS COMERCIO DE PRODUTOS FARMACEUTICOS LTDA";"73.856.593/0001-66";"PRATI, DONADUZZI & CIA LTDA";"6000";"0.14";"840.0"
"2026";"FUNDO MUNICIPAL DE SAUDE DE RIO BANANAL";"MUNICIPAL";"11.429.173/0001-46";"RIO BANANAL";"ES";"07/01/2026";"11/02/2026";"268370";"ACICLOVIR, DOSAGEM:200 MG";"COMPRIMIDO";"S";"1438101810057";"Registro de Preços";"ADMINISTRATIVA";;;"COMPRIMIDO";"02.537.890/0001-09";"COFARMINAS COMERCIO DE PRODUTOS FARMACEUTICOS LTDA";"02.814.497/0001-07";"CIMED INDUSTRIA S.A.";"6000";"0.19";"1140.0"
"2026";"FUNDO MUNICIPAL DE SAUDE DE RIO BANANAL";"MUNICIPAL";"11.429.173/0001-46";"RIO BANANAL";"ES";"07/01/2026";"11/02/2026";"267777";"PARACETAMOL, DOSAGEM SOLUÇÃO ORAL:200 MG/ML, APRESENTAÇÃO:SOLUÇÃO ORAL";"FRASCO";"N";"1384100030012";"Registro de Preços";"ADMINISTRATIVA";"15.0";"ML";"FRASCO 15.00 ML";"02.520.829/0001-40";"DIMASTER - COMERCIO DE PRODUTOS HOSPITALARES LTDA.";"02.456.955/0001-83";"NATULAB LABORATORIO S.A";"1200";"1.2";"1440.0"
"2026";"FUNDO MUNICIPAL DE SAUDE DE RIO BANANAL";"MUNICIPAL";"11.429.173/0001-46";"RIO BANANAL";"ES";"07/01/2026";"11/02/2026";"398689";"LEVODOPA, COMPOSIÇÃO:ASSOCIADO À BENSERAZIDA, CONCENTRAÇÃO:100MG + 25 MG, FORMA FARMACEUTICA:LIBERAÇÃO PROLONGADA";"CÁPSULA";"N";"1010000640071";"Registro de Preços";"ADMINISTRATIVA";;;"CÁPSULA";"10.447.355/0001-87";"VIVA FARMACEUTICA SA";"33.009.945/0001-23";"PRODUTOS ROCHE QUIMICOS E FARMACEUTICOS S A";"4000";"1.92";"7680.0"
"2026";"FUNDO MUNICIPAL DE SAUDE DE RIO BANANAL";"MUNICIPAL";"11.429.173/0001-46";"RIO BANANAL";"ES";"07/01/2026";"11/02/2026";"270495";"COLAGENASE, APRESENTAÇÃO:ASSOCIADA COM CLORANFENICOL, CONCENTRAÇÃO:0,6UI + 1%, USO:POMADA";"BISNAGA";"N";"1055302590032";"Registro de Preços";"ADMINISTRATIVA";"30.0";"G";"BISNAGA 30.00 G";"10.447.355/0001-87";"VIVA FARMACEUTICA SA";"56.998.701/0001-16";"ABBOTT LABORATORIOS DO BRASIL LTDA";"800";"14.35";"11480.0"
"2026";"FUNDO MUNICIPAL DE SAUDE DE RIO BANANAL";"MUNICIPAL";"11.429.173/0001-46";"RIO BANANAL";"ES";"07/01/2026";"11/02/2026";"268521";"ROCURÔNIO BROMETO, DOSAGEM:10 MG/ML, INDICAÇÃO:SOLUÇÃO INJETÁVEL";"FRASCO";"S";"1004310100095";"Registro de Preços";"ADMINISTRATIVA";"5.0";"ML";"FRASCO 5.00 ML";"23.864.942/0001-13";"UNIQUE DISTRIBUIDORA DE MEDICAMENTOS LTDA";"61.190.096/0001-92";"EUROFARMA LABORATORIOS S.A.";"50";"16.0";"800.0"
"2026";"FUNDO MUNICIPAL DE SAUDE DE RIO BANANAL";"MUNICIPAL";"11.429.173/0001-46";"RIO BANANAL";"ES";"07/01/2026";"11/02/2026";"365542";"BENZILPENICILINA, COMPOSIÇÃO:BENZATINA, CONCENTRAÇÃO:300.000 UI/ML, FORMA FARMACEUTICA:SUSPENSÃO INJETÁVEL";"FRASCO";"N";"1004306860064";"Registro de Preços";"ADMINISTRATIVA";"4.0";"ML";"FRASCO 4.00 ML";"23.864.942/0001-13";"UNIQUE DISTRIBUIDORA DE MEDICAMENTOS LTDA";"61.190.096/0001-92";"EUROFARMA LABORATORIOS S.A.";"1600";"6.0";"9600.0"
"2026";"FUNDO MUNICIPAL DE SAUDE DE RIO BANANAL";"MUNICIPAL";"11.429.173/0001-46";"RIO BANANAL";"ES";"07/01/2026";"11/02/2026";"448616";"HIDRÓXIDO DE FERRO III, CONCENTRAÇÃO:20 MG/ML, FORMA FARMACEUTICA:SOLUÇÃO INJETÁVEL";"AMPOLA";"N";"1640000130039";"Registro de Preços";"ADMINISTRATIVA";"5.0";"ML";"AMPOLA 5.00 ML";"23.864.942/0001-13";"UNIQUE DISTRIBUIDORA DE MEDICAMENTOS LTDA";"05.155.425/0001-93";"VASCONCELOS INDUSTRIA FARMACEUTICA E COMERCIO LTDA";"300";"9.34";"2802.0"
"2026";"FUNDO MUNICIPAL DE SAUDE DE RIO BANANAL";"MUNICIPAL";"11.429.173/0001-46";"RIO BANANAL";"ES";"07/01/2026";"11/02/2026";"442703";"CEFTRIAXONA SÓDICA, CONCENTRAÇÃO:500 MG, FORMA FARMACEUTICA:PÓ P/ SOLUÇÃO INJETÁVEL";"FRASCO-AMPOLA";"N";"1004314220011";"Registro de Preços";"ADMINISTRATIVA";;;"FRASCO-AMPOLA";"23.864.942/0001-13";"UNIQUE DISTRIBUIDORA DE MEDICAMENTOS LTDA";"61.190.096/0001-92";"EUROFARMA LABORATORIOS S.A.";"100";"9.0";"900.0"
"2026";"FUNDO MUNICIPAL DE SAUDE DE RIO BANANAL";"MUNICIPAL";"11.429.173/0001-46";"RIO BANANAL";"ES";"07/01/2026";"11/02/2026";"268488";"MEROPENEM, DOSAGEM:1 G, APRESENTAÇÃO:INJETÁVEL";"FRASCO-AMPOLA";"S";"1004300340077";"Registro de Preços";"ADMINISTRATIVA";;;"FRASCO-AMPOLA";"23.864.942/0001-13";"UNIQUE DISTRIBUIDORA DE MEDICAMENTOS LTDA";"61.190.096/0001-92";"EUROFARMA LABORATORIOS S.A.";"800";"14.0";"11200.0"
"2026";"FUNDO MUNICIPAL DE SAUDE DE RIO BANANAL";"MUNICIPAL";"11.429.173/0001-46";"RIO BANANAL";"ES";"07/01/2026";"11/02/2026";"268252";"DIPIRONA SÓDICA, DOSAGEM:500 MG/ML, APRESENTAÇÃO:SOLUÇÃO INJETÁVEL";"AMPOLA";"N";"1018600120021";"Registro de Preços";"ADMINISTRATIVA";"2.0";"ML";"AMPOLA 2.00 ML";"04.099.395/0001-82";"SANTISA LABORATORIO FARMACEUTICO S.A";"04.099.395/0001-82";"SANTISA LABORATORIO FARMACEUTICO S.A";"30000";"0.5";"15000.0"
"2026";"FUNDO MUNICIPAL DE SAUDE DE RIO BANANAL";"MUNICIPAL";"11.429.173/0001-46";"RIO BANANAL";"ES";"07/01/2026";"11/02/2026";"322233";"ÁCIDO VALPRÓICO, DOSAGEM:576 MG";"COMPRIMIDO";"S";"1097402580034";"Registro de Preços";"ADMINISTRATIVA";;;"COMPRIMIDO";"10.447.355/0001-87";"VIVA FARMACEUTICA SA";"49.475.833/0001-06";"BIOLAB SANUS FARMACEUTICA LTDA";"30000";"0.58";"17400.0"
"2026";"FUNDO MUNICIPAL DE SAUDE DE RIO BANANAL";"MUNICIPAL";"11.429.173/0001-46";"RIO BANANAL";"ES";"07/01/2026";"11/02/2026";"279269";"VARFARINA SÓDICA, DOSAGEM:5 MG";"COMPRIMIDO";"S";"1037005120025";"Registro de Preços";"ADMINISTRATIVA";;;"COMPRIMIDO";"10.447.355/0001-87";"VIVA FARMACEUTICA SA";"17.159.229/0001-76";"LABORATORIO TEUTO BRASILEIRO S/A";"2600";"0.71";"1846.0"
"2026";"MUNICIPIO DE DOURADOQUARA";"MUNICIPAL";"18.158.261/0001-08";"DOURADOQUARA";"MG";"08/01/2026";"03/03/2026";"459822";"ALBENDAZOL, CONCENTRAÇÃO:400 MG, FORMA FARMACEUTICA:COMPRIMIDO MASTIGÁVEL";"COMPRIMIDO";"S";"1256800520029";"Pregão";"ADMINISTRATIVA";;;"COMPRIMIDO";"73.856.593/0010-57";"PRATI, DONADUZZI & CIA LTDA";"73.856.593/0001-66";"PRATI, DONADUZZI & CIA LTDA";"300";"0.3978";"119.34"
"2026";"MUNICIPIO DE DOURADOQUARA";"MUNICIPAL";"18.158.261/0001-08";"DOURADOQUARA";"MG";"08/01/2026";"03/03/2026";"272365";"SERTRALINA CLORIDRATO, DOSAGEM:50MG";"COMPRIMIDO";"S";"1256802710267";"Pregão";"ADMINISTRATIVA";;;"COMPRIMIDO";"01.417.694/0001-20";"DISTRIMIX DISTRIBUIDORA DE MEDICAMENTOS LTDA";"73.856.593/0001-66";"PRATI, DONADUZZI & CIA LTDA";"15000";"0.1";"1500.0"
"2026";"FUNDO ESTADUAL DE SAUDE DO ESTADO DA BAHIA";"ESTADUAL";"05.816.630/0001-52";"SALVADOR";"BA";"14/01/2026";"28/01/2026";"432915";"LEUPRORRELINA ACETATO, CONCENTRAÇAO:45 MG, FORMA FARMACEUTICA:PÓ LIÓFILO P/INJETÁVEL, CARACTERÍSTICA ADICIONAL:C/ SISTEMA DE APLICAÇÃO";"SERINGA";"N";"1221400740053";"Pregão";"ADMINISTRATIVA";;;"SERINGA";"08.958.628/0004-59";"ONCOEXO DISTRIBUIDORA DE MEDICAMENTOS LTDA";"55.980.684/0001-27";"ADIUM S.A.";"4100";"1316.7";"5398470.0"
"2026";"FUNDO ESTADUAL DE SAUDE DO ESTADO DA BAHIA";"ESTADUAL";"05.816.630/0001-52";"SALVADOR";"BA";"14/01/2026";"28/01/2026";"279269";"VARFARINA SÓDICA, DOSAGEM:5 MG";"COMPRIMIDO";"N";"1039001470281";"Pregão";"ADMINISTRATIVA";;;"COMPRIMIDO";"45.107.793/0001-80";"PHOENIX DISTRIBUIDORA E IMPORTADORA DE PRODUTOS FARMACEUTICOS E CORRELATOS LTDA";"33.349.473/0001-58";"FARMOQUIMICA S A";"31000";"0.14";"4340.0"
"2026";"SECRETARIA DE ESTADO DA SAUDE";"ESTADUAL";"76.416.866/0001-40";"CURITIBA";"PR";"14/01/2026";"23/02/2026";"332985";"LEVOFLOXACINO, DOSAGEM:5 MG/ML, FORMA FARMACÊUTICA:SOLUÇÃO INJETÁVEL";"BOLSA";"N";"1029803030138";"Pregão";"ADMINISTRATIVA";"100.0";"ML";"BOLSA 100.00 ML";"01.571.702/0001-98";"HALEX ISTAR INDUSTRIA FARMACEUTICA SA";"44.734.671/0001-51";"CRISTALIA PRODUTOS QUIMICOS FARMACEUTICOS LTDA";"17018";"5.99";"101937.82"
"2026";"FUNDO ESTADUAL DE SAUDE DO ESTADO DA BAHIA";"ESTADUAL";"05.816.630/0001-52";"SALVADOR";"BA";"14/01/2026";"28/01/2026";"376767";"IVERMECTINA, CONCENTRAÇÃO:6 MG";"COMPRIMIDO";"N";"1023505770045";"Pregão";"ADMINISTRATIVA";;;"COMPRIMIDO";"96.827.563/0001-27";"MEDISIL MEDICAMENTOS LTDA";"57.507.378/0003-65";"EMS S/A";"58000";"0.24";"13920.0"
"2026";"FUNDO ESTADUAL DE SAUDE DO ESTADO DA BAHIA";"ESTADUAL";"05.816.630/0001-52";"SALVADOR";"BA";"14/01/2026";"28/01/2026";"270120";"CLONAZEPAM, DOSAGEM:2,5 MG/ML, APRESENTAÇÃO:SOLUÇÃO ORAL- GOTAS";"FRASCO";"S";"1542303300046";"Pregão";"ADMINISTRATIVA";"20.0";"ML";"FRASCO 20.00 ML";"36.191.620/0001-00";"MS HOSPITALAR LTDA";"03.485.572/0001-04";"GEOLAB INDUSTRIA FARMACEUTICA S/A";"5000";"2.16";"10800.0"
"2026";"FUNDO MUNICIPAL DE SAUDE";"MUNICIPAL";"11.718.406/0001-20";"ARACAJU";"SE";"14/01/2026";"13/03/2026";"403874";"BROCA ALTA ROTAÇÃO, MATERIAL:CARBIDE, FORMATO:CÔNICA LONGA, CARACTERÍSTICA ADICIONAL:TOPO ARREDONDADO, TIPO HASTE:HASTE REGULAR, TIPO CORTE:ZEKRYA, REFERÊNCIA:REF. 151";"UNIDADE";;;"Pregão";"ADMINISTRATIVA";;;"UNIDADE";"28.820.255/0001-10";"SUPREMA DENTAL IMPORTACAO, EXPORTACAO E COMERCIO DE PRODUTOS ODONTOLOGICOS LTDA";"28.857.335/0001-40";"MAXIMA DENTAL IMPORTACAO, EXPORTACAO E COMERCIO DE PRODUTOS ODONTOLOGICOS LTDA";"320";"10.0";"3200.0"
"2026";"SECRETARIA DE ESTADO DA SAUDE";"ESTADUAL";"76.416.866/0001-40";"CURITIBA";"PR";"14/01/2026";"23/02/2026";"269468";"ROPIVACAÍNA CLORIDRATO, DOSAGEM:1%, APRESENTAÇÃO:SOLUÇÃO INJETÁVEL";"AMPOLA";"S";"1006302560038";"Pregão";"ADMINISTRATIVA";"20.0";"ML";"AMPOLA 20.00 ML";"00.656.468/0001-39";"SOMA/PR COMERCIO DE PRODUTOS HOSPITALARES LTDA";"33.258.401/0001-03";"INSTITUTO BIOCHIMICO INDUSTRIA FARMACEUTICA LTDA";"24405";"9.99";"243805.95"
"2026";"SECRETARIA DE ESTADO DE SAUDE - SES";"ESTADUAL";"42.498.717/0001-55";"RIO DE JANEIRO";"RJ";"14/01/2026";"13/03/2026";"448289";"PONATINIBE, CONCENTRAÇÃO:15 MG";"COMPRIMIDO";"N";"1390000010014";"Pregão";"ADMINISTRATIVA";;;"COMPRIMIDO";"04.307.650/0026-93";"ONCO PROD DISTRIBUIDORA DE PRODUTOS HOSPITALARES E ONCOLOGICOS LTDA.";"21.896.000/0001-91";"PINT PHARMA PRODUTOS MEDICO-HOSPITALARES E FARMACEUTICOS LTDA";"11250";"320.99";"3611137.5"
"2026";"FUNDO MUNICIPAL DE SAUDE";"MUNICIPAL";"11.718.406/0001-20";"ARACAJU";"SE";"14/01/2026";"09/03/2026";"435976";"SONDA TRATO URINÁRIO, MODELO:URETRAL, MATERIAL:POLIURETANO, CALIBRE:12 FRENCH, CONECTOR:CONECTOR PADRÃO, COMPRIMENTO:CERCA 40 CM, TIPO PONTA:PONTA DISTAL CILÍNDRICA FECHADA, COMPONENTES:C/ ORIFÍCIOS LATERAIS, ADICIONAIS:LUBRIFICADA, ESTERILIDADE:ESTÉRIL, DESCARTÁVEL, EMBALAGEM:EMBALAGEM INDIVIDUAL";"UNIDADE";;;"Pregão";"JUDICIAL";;;"UNIDADE";"26.605.573/0001-32";"CENUTRI COMERCIO E SERVICOS LTDA";"02.794.555/0003-40";"COLOPLAST DO BRASIL LTDA";"4000";"14.0";"56000.0"
"2026";"FUNDO MUNICIPAL DE SAUDE";"MUNICIPAL";"11.718.406/0001-20";"ARACAJU";"SE";"14/01/2026";"13/03/2026";"403381";"BROCA ALTA ROTAÇÃO, MATERIAL:CARBIDE, FORMATO:ESFÉRICA, TIPO HASTE:HASTE LONGA, TIPO CORTE:CIRÚRGICA, NUMERAÇÃO AMERICANA 1:REF. 4";"UNIDADE";;;"Pregão";"ADMINISTRATIVA";;;"UNIDADE";"34.236.576/0001-74";"SUPREMA DISTRIBUIDORA DE MEDICAMENTOS E MATERIAL MEDICO HOSPITALAR LTDA";"84.683.556/0001-10";"EH BRASIL INDUSTRIA E COMERCIO LTDA.";"350";"10.79";"3776.5"
"2026";"FUNDO MUNICIPAL DE SAUDE";"MUNICIPAL";"11.718.406/0001-20";"ARACAJU";"SE";"14/01/2026";"09/03/2026";"440122";"SONDA TRATO DIGESTIVO, APLICAÇÃO:P/ GASTROSTOMIA, MODELO:NÍVEL DE PELE, MATERIAL:SILICONE, CALIBRE:20 FRENCH, COMPRIMENTO:CERCA 3 CM, CONECTOR:CONECTOR PADRÃO EM Y, CLAMP E TAMPA, COMPONENTES:SISTEMA PARA FIXAÇÃO, OUTROS COMPONENTES:DISTAL - INTRA GÁSTRICA E PERIOSTOMAL, ESTERILIDADE:ESTÉRIL, DESCARTÁVEL, EMBALAGEM:EMBALAGEM INDIVIDUAL";"UNIDADE";;;"Pregão";"JUDICIAL";;;"UNIDADE";"06.886.136/0001-27";"MEDCOM COMERCIO REPRESENTACOES E SERVICOS LTDA";"18.747.319/0001-40";"TOTAL MEDICAL BRASIL INDUSTRIA E COMERCIO DE PRODUTOS MEDICO-HOSPITALARES LTDA";"3";"800.0";"2400.0"
"2026";"FUNDO MUNICIPAL DE SAUDE";"MUNICIPAL";"11.718.406/0001-20";"ARACAJU";"SE";"14/01/2026";"13/03/2026";"438080";"AFASTADOR ODONTOLÓGICO, MATERIAL:SILICONE, TIPO:ABRIDOR DE BOCA, ESTERILIDADE:AUTOCLAVÁVEL, FORMATO:BLOCO, TAMANHO:ADULTO E INFANTIL, APRESENTAÇÃO:CONJUNTO";"UNIDADE";;;"Pregão";"ADMINISTRATIVA";;;"UNIDADE";"28.820.255/0001-10";"SUPREMA DENTAL IMPORTACAO, EXPORTACAO E COMERCIO DE PRODUTOS ODONTOLOGICOS LTDA";"33.325.917/0001-15";"LONDON QUALITY ORAL HEALTH INDUSTRIA E COMERCIO DE PRODUTOS PARA SAUDE LTDA";"100";"5.9";"590.0"
"2026";"FUNDO MUNICIPAL DE SAUDE";"MUNICIPAL";"11.718.406/0001-20";"ARACAJU";"SE";"14/01/2026";"09/03/2026";"440121";"SONDA TRATO DIGESTIVO, APLICAÇÃO:P/ GASTROSTOMIA, MODELO:NÍVEL DE PELE, MATERIAL:SILICONE, CALIBRE:20 FRENCH, COMPRIMENTO:CERCA 2 CM, CONECTOR:CONECTOR PADRÃO EM Y, CLAMP E TAMPA, COMPONENTES:SISTEMA PARA FIXAÇÃO, OUTROS COMPONENTES:DISTAL - INTRA GÁSTRICA E PERIOSTOMAL, ESTERILIDADE:ESTÉRIL, DESCARTÁVEL, EMBALAGEM:EMBALAGEM INDIVIDUAL";"UNIDADE";;;"Pregão";"JUDICIAL";;;"UNIDADE";"31.282.018/0001-57";"BRASIL MED IMPORTACAO E EXPORTACAO LTDA";"17.634.786/0001-00";"DR IMPORTACAO, EXPORTACAO E DISTRIBUICAO LTDA";"3";"750.0";"2250.0"
"2026";"FUNDO MUNICIPAL DE SAUDE";"MUNICIPAL";"11.718.406/0001-20";"ARACAJU";"SE";"14/01/2026";"13/03/2026";"337304";"ARCO ODONTOLÓGICO, MATERIAL:NÁILON, TIPO:OSTBY, TIPO USO:INFANTIL, APLICAÇÃO:ISOLAMENTO DO CAMPO OPERATÓRIO";"UNIDADE";;;"Pregão";"ADMINISTRATIVA";;;"UNIDADE";"26.395.502/0001-52";"DENTAL UNIVERSO EIRELI";"05.823.205/0001-90";"MAQUIRA INDUSTRIA DE PRODUTOS ODONTOLOGICOS S.A.";"50";"8.46";"423.0"
"2026";"FUNDO MUNICIPAL DE SAUDE";"MUNICIPAL";"11.718.406/0001-20";"ARACAJU";"SE";"14/01/2026";"09/03/2026";"440125";"SONDA TRATO DIGESTIVO, APLICAÇÃO:P/ GASTROSTOMIA, MODELO:NÍVEL DE PELE, MATERIAL:SILICONE, CALIBRE:24 FRENCH, COMPRIMENTO:CERCA 3,5 CM, CONECTOR:CONECTOR PADRÃO EM Y, CLAMP E TAMPA, COMPONENTES:SISTEMA PARA FIXAÇÃO, OUTROS COMPONENTES:DISTAL - INTRA GÁSTRICA E PERIOSTOMAL, ESTERILIDADE:ESTÉRIL, DESCARTÁVEL, EMBALAGEM:EMBALAGEM INDIVIDUAL";"UNIDADE";;;"Pregão";"JUDICIAL";;;"UNIDADE";"06.886.136/0001-27";"MEDCOM COMERCIO REPRESENTACOES E SERVICOS LTDA";"18.747.319/0001-40";"TOTAL MEDICAL BRASIL INDUSTRIA E COMERCIO DE PRODUTOS MEDICO-HOSPITALARES LTDA";"3";"900.0";"2700.0"
"2026";"FUNDO MUNICIPAL DE SAUDE";"MUNICIPAL";"11.718.406/0001-20";"ARACAJU";"SE";"14/01/2026";"13/03/2026";"440155";"BANDEJA, MATERIAL:AÇO INOXIDÁVEL, TIPO:LISA, DIMENSÕES:CERCA DE 20 X 15 X 1 CM, ESTERILIDADE:ESTERILIZÁVEL";"UNIDADE";;;"Pregão";"ADMINISTRATIVA";;;"UNIDADE";"46.884.097/0001-43";"GOLDEN PRODUTOS ODONTOLOGICOS LTDA";"40.649.293/0001-57";"ANA JULIA MARTINS FALEIROS DE ANDRADE LTDA";"400";"33.0";"13200.0"
"2026";"FUNDO MUNICIPAL DE SAUDE";"MUNICIPAL";"11.718.406/0001-20";"ARACAJU";"SE";"14/01/2026";"09/03/2026";"440120";"SONDA TRATO DIGESTIVO, APLICAÇÃO:P/ GASTROSTOMIA, MODELO:NÍVEL DE PELE, MATERIAL:SILICONE, CALIBRE:20 FRENCH, COMPRIMENTO:CERCA 1,5 CM, CONECTOR:CONECTOR PADRÃO EM Y, CLAMP E TAMPA, COMPONENTES:SISTEMA PARA FIXAÇÃO, OUTROS COMPONENTES:DISTAL - INTRA GÁSTRICA E PERIOSTOMAL, ESTERILIDADE:ESTÉRIL, DESCARTÁVEL, EMBALAGEM:EMBALAGEM INDIVIDUAL";"UNIDADE";;;"Pregão";"JUDICIAL";;;"UNIDADE";"06.886.136/0001-27";"MEDCOM COMERCIO REPRESENTACOES E SERVICOS LTDA";"18.747.319/0001-40";"TOTAL MEDICAL BRASIL INDUSTRIA E COMERCIO DE PRODUTOS MEDICO-HOSPITALARES LTDA";"3";"779.0";"2337.0"
"2026";"FUNDO MUNICIPAL DE SAUDE";"MUNICIPAL";"11.718.406/0001-20";"ARACAJU";"SE";"14/01/2026";"13/03/2026";"272913";"BENZOCAÍNA, CONCENTRAÇÃO:20%, USO:GEL TÓPICO";"POTE";"N";"1017700270027";"Pregão";"ADMINISTRATIVA";"12.0";"G";"POTE 12.00 G";"26.395.502/0001-52";"DENTAL UNIVERSO EIRELI";"33.112.665/0001-46";"DFL INDUSTRIA E COMERCIO S/A";"1000";"8.37";"8370.0"
"2026";"FUNDO MUNICIPAL DE SAUDE";"MUNICIPAL";"11.718.406/0001-20";"ARACAJU";"SE";"14/01/2026";"09/03/2026";"440112";"SONDA TRATO DIGESTIVO, APLICAÇÃO:P/ GASTROSTOMIA, MODELO:NÍVEL DE PELE, MATERIAL:SILICONE, CALIBRE:16 FRENCH, COMPRIMENTO:CERCA 2 CM, CONECTOR:CONECTOR PADRÃO EM Y, CLAMP E TAMPA, COMPONENTES:SISTEMA PARA FIXAÇÃO, OUTROS COMPONENTES:DISTAL - INTRA GÁSTRICA E PERIOSTOMAL, ESTERILIDADE:ESTÉRIL, DESCARTÁVEL, EMBALAGEM:EMBALAGEM INDIVIDUAL";"UNIDADE";;;"Pregão";"JUDICIAL";;;"UNIDADE";"31.282.018/0001-57";"BRASIL MED IMPORTACAO E EXPORTACAO LTDA";"17.634.786/0001-00";"DR IMPORTACAO, EXPORTACAO E DISTRIBUICAO LTDA";"5";"700.0";"3500.0"
"2026";"FUNDO MUNICIPAL DE SAUDE";"MUNICIPAL";"11.718.406/0001-20";"ARACAJU";"SE";"14/01/2026";"13/03/2026";"338081";"ARCO ODONTOLÓGICO, MATERIAL:NÁILON, TIPO:OSTBY, FORMA:OCTOGONAL, DIÂMETRO:10 CM, CARACTERÍSTICAS ADICIONAIS:ISOLAMENTO DENTAL ADULTO RÍGIDO E ESTERILIZÁVEL";"UNIDADE";;;"Pregão";"ADMINISTRATIVA";;;"UNIDADE";"28.820.255/0001-10";"SUPREMA DENTAL IMPORTACAO, EXPORTACAO E COMERCIO DE PRODUTOS ODONTOLOGICOS LTDA";"74.017.708/0002-72";"INDUSBELLO IND. E COM. DE PRODUTOS MEDICOS E ODONTOLOGICOS LTDA.";"80";"7.06";"564.8"
"2026";"FUNDO MUNICIPAL DE SAUDE";"MUNICIPAL";"11.718.406/0001-20";"ARACAJU";"SE";"14/01/2026";"13/03/2026";"403383";"BROCA ALTA ROTAÇÃO, MATERIAL:CARBIDE, FORMATO:ESFÉRICA, TIPO HASTE:HASTE LONGA, TIPO CORTE:CIRÚRGICA, NUMERAÇÃO AMERICANA 1:REF. 8";"UNIDADE";;;"Pregão";"ADMINISTRATIVA";;;"UNIDADE";"28.820.255/0001-10";"SUPREMA DENTAL IMPORTACAO, EXPORTACAO E COMERCIO DE PRODUTOS ODONTOLOGICOS LTDA";"84.683.556/0001-10";"EH BRASIL INDUSTRIA E COMERCIO LTDA.";"350";"10.14";"3549.0"
"2026";"FUNDO MUNICIPAL DE SAUDE";"MUNICIPAL";"11.718.406/0001-20";"ARACAJU";"SE";"14/01/2026";"13/03/2026";"429358";"APLICADOR ODONTOLÓGICO, APLICAÇÃO:P/ CIMENTO HIDRÓXIDO DE CÁLCIO, MATERIAL:AÇO INOXIDÁVEL, CARACTERÍSTICAS ADICIONAIS:CABO LONGO, DUPLO, TIPO PONTA:PONTA RETA";"UNIDADE";;;"Pregão";"ADMINISTRATIVA";;;"UNIDADE";"46.884.097/0001-43";"GOLDEN PRODUTOS ODONTOLOGICOS LTDA";"40.649.293/0001-57";"ANA JULIA MARTINS FALEIROS DE ANDRADE LTDA";"200";"8.0";"1600.0"
"2026";"FUNDO MUNICIPAL DE SAUDE";"MUNICIPAL";"11.718.406/0001-20";"ARACAJU";"SE";"14/01/2026";"13/03/2026";"403381";"BROCA ALTA ROTAÇÃO, MATERIAL:CARBIDE, FORMATO:ESFÉRICA, TIPO HASTE:HASTE LONGA, TIPO CORTE:CIRÚRGICA, NUMERAÇÃO AMERICANA 1:REF. 4";"UNIDADE";;;"Pregão";"ADMINISTRATIVA";;;"UNIDADE";"28.820.255/0001-10";"SUPREMA DENTAL IMPORTACAO, EXPORTACAO E COMERCIO DE PRODUTOS ODONTOLOGICOS LTDA";"84.683.556/0001-10";"EH BRASIL INDUSTRIA E COMERCIO LTDA.";"3550";"10.79";"38304.5"
"2026";"FUNDO MUNICIPAL DE SAUDE";"MUNICIPAL";"11.718.406/0001-20";"ARACAJU";"SE";"14/01/2026";"13/03/2026";"413302";"CABO ESPELHO BUCAL, MATERIAL:ALUMÍNIO, FORMATO:REDONDO, TIPO USO:AUTOCLAVÁVEL";"UNIDADE";;;"Pregão";"ADMINISTRATIVA";;;"UNIDADE";"28.820.255/0001-10";"SUPREMA DENTAL IMPORTACAO, EXPORTACAO E COMERCIO DE PRODUTOS ODONTOLOGICOS LTDA";"33.325.917/0001-15";"LONDON QUALITY ORAL HEALTH INDUSTRIA E COMERCIO DE PRODUTOS PARA SAUDE LTDA";"100";"2.95";"295.0"
"2026";"FUNDO MUNICIPAL DE SAUDE";"MUNICIPAL";"11.718.406/0001-20";"ARACAJU";"SE";"14/01/2026";"13/03/2026";"403873";"BROCA ALTA ROTAÇÃO, MATERIAL:CARBIDE, FORMATO:CÔNICA LONGA, CARACTERÍSTICA ADICIONAL:TOPO ARREDONDADO, TIPO HASTE:HASTE LONGA, TIPO CORTE:ZEKRYA, REFERÊNCIA:REF. 151";"UNIDADE";;;"Pregão";"ADMINISTRATIVA";;;"UNIDADE";"28.820.255/0001-10";"SUPREMA DENTAL IMPORTACAO, EXPORTACAO E COMERCIO DE PRODUTOS ODONTOLOGICOS LTDA";"28.857.335/0001-40";"MAXIMA DENTAL IMPORTACAO, EXPORTACAO E COMERCIO DE PRODUTOS ODONTOLOGICOS LTDA";"200";"10.0";"2000.0"
"2026";"FUNDO MUNICIPAL DE SAUDE";"MUNICIPAL";"11.718.406/0001-20";"ARACAJU";"SE";"14/01/2026";"13/03/2026";"426708";"ESCAVADOR - USO ODONTOLÓGICO, MATERIAL:AÇO INOXIDÁVEL, FORMATO:DUPLO, CARACTERÍSTICA ADICIONAL:P/ DENTINA, MODELO:Nº 11,5, ESTERILIDADE:AUTOCLAVÁVEL";"UNIDADE";;;"Pregão";"ADMINISTRATIVA";;;"UNIDADE";"28.820.255/0001-10";"SUPREMA DENTAL IMPORTACAO, EXPORTACAO E COMERCIO DE PRODUTOS ODONTOLOGICOS LTDA";"33.325.917/0001-15";"LONDON QUALITY ORAL HEALTH INDUSTRIA E COMERCIO DE PRODUTOS PARA SAUDE LTDA";"100";"5.75";"575.0"
"2026";"FUNDO MUNICIPAL DE SAUDE";"MUNICIPAL";"11.718.406/0001-20";"ARACAJU";"SE";"14/01/2026";"13/03/2026";"403391";"BROCA ALTA ROTAÇÃO, MATERIAL:CARBIDE, FORMATO:TRONCO CÔNICA, CARACTERÍSTICA ADICIONAL:PICOTADA, TIPO HASTE:HASTE LONGA, TIPO CORTE:CIRÚRGICA, NUMERAÇÃO AMERICANA 1:REF. 703";"UNIDADE";;;"Pregão";"ADMINISTRATIVA";;;"UNIDADE";"26.395.502/0001-52";"DENTAL UNIVERSO EIRELI";"84.683.556/0001-10";"EH BRASIL INDUSTRIA E COMERCIO LTDA.";"350";"10.98";"3843.0"
"2026";"FUNDO MUNICIPAL DE SAUDE";"MUNICIPAL";"11.718.406/0001-20";"ARACAJU";"SE";"14/01/2026";"13/03/2026";"426702";"ESCAVADOR - USO ODONTOLÓGICO, MATERIAL:AÇO INOXIDÁVEL, FORMATO:DUPLO, CARACTERÍSTICA ADICIONAL:P/ DENTINA, MODELO:Nº 14, ESTERILIDADE:AUTOCLAVÁVEL";"UNIDADE";;;"Pregão";"ADMINISTRATIVA";;;"UNIDADE";"28.820.255/0001-10";"SUPREMA DENTAL IMPORTACAO, EXPORTACAO E COMERCIO DE PRODUTOS ODONTOLOGICOS LTDA";"33.325.917/0001-15";"LONDON QUALITY ORAL HEALTH INDUSTRIA E COMERCIO DE PRODUTOS PARA SAUDE LTDA";"100";"5.75";"575.0"
"2026";"FUNDO MUNICIPAL DE SAUDE";"MUNICIPAL";"11.718.406/0001-20";"ARACAJU";"SE";"14/01/2026";"13/03/2026";"439208";"CUBA USO HOSPITALAR, MATERIAL:AÇO INOX, FORMATO:REDONDO, CAPACIDADE:CERCA DE 150 ML";"UNIDADE";;;"Pregão";"ADMINISTRATIVA";;;"UNIDADE";"46.884.097/0001-43";"GOLDEN PRODUTOS ODONTOLOGICOS LTDA";"40.649.293/0001-57";"ANA JULIA MARTINS FALEIROS DE ANDRADE LTDA";"200";"17.0";"3400.0"
"2026";"FUNDO MUNICIPAL DE SAUDE";"MUNICIPAL";"11.718.406/0001-20";"ARACAJU";"SE";"14/01/2026";"13/03/2026";"272821";"CABO BISTURI, MATERIAL:AÇO INOXIDÁVEL, TAMANHO:Nº 3";"UNIDADE";;;"Pregão";"ADMINISTRATIVA";;;"UNIDADE";"46.884.097/0001-43";"GOLDEN PRODUTOS ODONTOLOGICOS LTDA";"40.649.293/0001-57";"ANA JULIA MARTINS FALEIROS DE ANDRADE LTDA";"200";"6.2";"1240.0"
"2026";"FUNDO MUNICIPAL DE SAUDE";"MUNICIPAL";"11.718.406/0001-20";"ARACAJU";"SE";"14/01/2026";"13/03/2026";"426703";"ESCAVADOR - USO ODONTOLÓGICO, MATERIAL:AÇO INOXIDÁVEL, FORMATO:DUPLO, CARACTERÍSTICA ADICIONAL:P/ DENTINA, MODELO:Nº 18, ESTERILIDADE:AUTOCLAVÁVEL";"UNIDADE";;;"Pregão";"ADMINISTRATIVA";;;"UNIDADE";"28.820.255/0001-10";"SUPREMA DENTAL IMPORTACAO, EXPORTACAO E COMERCIO DE PRODUTOS ODONTOLOGICOS LTDA";"33.325.917/0001-15";"LONDON QUALITY ORAL HEALTH INDUSTRIA E COMERCIO DE PRODUTOS PARA SAUDE LTDA";"100";"5.75";"575.0"
"2026";"FUNDO MUNICIPAL DE SAUDE";"MUNICIPAL";"11.718.406/0001-20";"ARACAJU";"SE";"14/01/2026";"13/03/2026";"426707";"ESCAVADOR - USO ODONTOLÓGICO, MATERIAL:AÇO INOXIDÁVEL, FORMATO:DUPLO, CARACTERÍSTICA ADICIONAL:P/ DENTINA, MODELO:Nº 17, ESTERILIDADE:AUTOCLAVÁVEL";"UNIDADE";;;"Pregão";"ADMINISTRATIVA";;;"UNIDADE";"28.820.255/0001-10";"SUPREMA DENTAL IMPORTACAO, EXPORTACAO E COMERCIO DE PRODUTOS ODONTOLOGICOS LTDA";"33.325.917/0001-15";"LONDON QUALITY ORAL HEALTH INDUSTRIA E COMERCIO DE PRODUTOS PARA SAUDE LTDA";"100";"5.75";"575.0"
"2026";"FUNDO MUNICIPAL DE SAUDE";"MUNICIPAL";"11.718.406/0001-20";"ARACAJU";"SE";"14/01/2026";"13/03/2026";"422654";"ACESSÓRIO PARA RADIOLOGIA, TIPO:COLGADURA, MATERIAL:AÇO INOXIDÁVEL, CARACTERÍSTICAS ADICIONAIS:INDIVIDUAL";"UNIDADE";;;"Pregão";"ADMINISTRATIVA";;;"UNIDADE";"46.884.097/0001-43";"GOLDEN PRODUTOS ODONTOLOGICOS LTDA";"40.649.293/0001-57";"ANA JULIA MARTINS FALEIROS DE ANDRADE LTDA";"200";"2.6";"520.0"
"2026";"FUNDO MUNICIPAL DE SAUDE";"MUNICIPAL";"11.718.406/0001-20";"ARACAJU";"SE";"14/01/2026";"13/03/2026";"426705";"ESCAVADOR - USO ODONTOLÓGICO, MATERIAL:AÇO INOXIDÁVEL, FORMATO:DUPLO, CARACTERÍSTICA ADICIONAL:P/ DENTINA, MODELO:Nº 05, ESTERILIDADE:AUTOCLAVÁVEL";"UNIDADE";;;"Pregão";"ADMINISTRATIVA";;;"UNIDADE";"28.820.255/0001-10";"SUPREMA DENTAL IMPORTACAO, EXPORTACAO E COMERCIO DE PRODUTOS ODONTOLOGICOS LTDA";"33.325.917/0001-15";"LONDON QUALITY ORAL HEALTH INDUSTRIA E COMERCIO DE PRODUTOS PARA SAUDE LTDA";"100";"5.75";"575.0"
"2026";"FUNDO MUNICIPAL DE SAUDE";"MUNICIPAL";"11.718.406/0001-20";"ARACAJU";"SE";"14/01/2026";"13/03/2026";"403382";"BROCA ALTA ROTAÇÃO, MATERIAL:CARBIDE, FORMATO:ESFÉRICA, TIPO HASTE:HASTE LONGA, TIPO CORTE:CIRÚRGICA, NUMERAÇÃO AMERICANA 1:REF. 6";"UNIDADE";;;"Pregão";"ADMINISTRATIVA";;;"UNIDADE";"28.820.255/0001-10";"SUPREMA DENTAL IMPORTACAO, EXPORTACAO E COMERCIO DE PRODUTOS ODONTOLOGICOS LTDA";"84.683.556/0001-10";"EH BRASIL INDUSTRIA E COMERCIO LTDA.";"350";"10.94";"3829.0"
"2026";"FUNDO ESTADUAL DE SAUDE DO ESTADO DA BAHIA";"ESTADUAL";"05.816.630/0001-52";"SALVADOR";"BA";"17/01/2026";"28/01/2026";"268214";"ATROPINA SULFATO, DOSAGEM:0,25 MG/ML, USO:SOLUÇÃO INJETÁVEL";"AMPOLA";"N";"1108500170026";"Pregão";"ADMINISTRATIVA";"1.0";"ML";"AMPOLA 1.00 ML";"06.628.333/0001-46";"FARMACE - INDUSTRIA QUIMICO-FARMACEUTICA CEARENSE LTDA";"06.628.333/0001-46";"FARMACE - INDUSTRIA QUIMICO-FARMACEUTICA CEARENSE LTDA";"247000";"0.6";"148200.0"
"2026";"FUNDO ESTADUAL DE SAUDE DO ESTADO DA BAHIA";"ESTADUAL";"05.816.630/0001-52";"SALVADOR";"BA";"17/01/2026";"28/01/2026";"270889";"ESCINA, APRESENTAÇÃO:AMORFA, ASSOCIADA COM ESCINA POLISSULFONADA SÓDICA, COMPOSIÇÃO:SALICILATO DE DIETILAMINA, CONCENTRAÇÃO:10MG + 10MG + 50MG/G, APLICAÇÃO:GEL TÓPICO";"BISNAGA";"N";"1097400440014";"Pregão";"ADMINISTRATIVA";"30.0";"G";"BISNAGA 30.00 G";"96.827.563/0001-27";"MEDISIL MEDICAMENTOS LTDA";"49.475.833/0001-06";"BIOLAB SANUS FARMACEUTICA LTDA";"13300";"20.62";"274246.0"
"2026";"FUNDO ESTADUAL DE SAUDE DO ESTADO DA BAHIA";"ESTADUAL";"05.816.630/0001-52";"SALVADOR";"BA";"17/01/2026";"28/01/2026";"270430";"GENCITABINA CLORIDRATO, DOSAGEM:1G, TIPO USO:INJETÁVEL";"FRASCO-AMPOLA";"S";"1746500010021";"Pregão";"ADMINISTRATIVA";;;"FRASCO-AMPOLA";"37.407.347/0001-63";"NEWARIS LIFESCIENCES LTDA";"09.058.502/0001-48";"FARMA VISION IMPORTACAO E EXPORTACAO DE MEDICAMENTOS LTDA";"2850";"57.18";"162963.0"
"2026";"FUNDO ESTADUAL DE SAUDE DO ESTADO DA BAHIA";"ESTADUAL";"05.816.630/0001-52";"SALVADOR";"BA";"17/01/2026";"28/01/2026";"268510";"FLUMAZENIL, DOSAGEM:0,1 MG/ML, INDICAÇÃO:SOLUÇÃO INJETÁVEL";"AMPOLA";"N";"1037006500034";"Pregão";"ADMINISTRATIVA";"5.0";"ML";"AMPOLA 5.00 ML";"05.400.006/0001-70";"FABMED DISTRIBUIDORA HOSPITALAR LTDA";"17.159.229/0001-76";"LABORATORIO TEUTO BRASILEIRO S/A";"21280";"4.97";"105761.6"
"2026";"SECRETARIA DE ESTADO DA SAUDE";"ESTADUAL";"76.416.866/0001-40";"CURITIBA";"PR";"18/01/2026";"03/02/2026";"285055";"ÁCIDO ACETILSALICÍLICO, DOSAGEM:81 MG, TIPO USO:TAMPONADO";"COMPRIMIDO";"N";"1356906470315";"Pregão";"JUDICIAL";;;"COMPRIMIDO";"00.656.468/0001-39";"SOMA/PR COMERCIO DE PRODUTOS HOSPITALARES LTDA";"00.923.140/0001-31";"EMS SIGMA PHARMA LTDA";"8640";"0.14";"1209.6"
"2026";"SECRETARIA DE ESTADO DA SAUDE";"ESTADUAL";"76.416.866/0001-40";"CURITIBA";"PR";"18/01/2026";"03/02/2026";"276095";"LEVOTIROXINA SÓDICA, DOSAGEM:200MCG";"COMPRIMIDO";"N";"1008902020820";"Pregão";"JUDICIAL";;;"COMPRIMIDO";"81.706.251/0001-98";"PROMEFARMA MEDICAMENTOS E PRODUTOS HOSPITALARES LTDA";"33.069.212/0001-84";"MERCK S/A";"720";"0.69";"496.8"
"2026";"SECRETARIA DE ESTADO DA SAUDE";"ESTADUAL";"76.416.866/0001-40";"CURITIBA";"PR";"18/01/2026";"03/02/2026";"337678";"ÁCIDO ACETILSALICÍLICO, CONCENTRAÇÃO:100 MG, FORMA FARMACEUTICA:LIBERAÇÃO ENTÉRICA";"COMPRIMIDO";"N";"1781709310011";"Pregão";"JUDICIAL";;;"COMPRIMIDO";"81.706.251/0001-98";"PROMEFARMA MEDICAMENTOS E PRODUTOS HOSPITALARES LTDA";"61.082.426/0002-07";"COSMED INDUSTRIA DE COSMETICOS E MEDICAMENTOS S.A.";"4320";"0.37";"1598.4"
"2026";"SECRETARIA DE ESTADO DA SAUDE";"ESTADUAL";"76.416.866/0001-40";"CURITIBA";"PR";"18/01/2026";"03/02/2026";"270965";"ÁCIDO ACETILSALICÍLICO, DOSAGEM:100 MG, TIPO USO:TAMPONADO";"COMPRIMIDO";"N";"1356906470341";"Pregão";"JUDICIAL";;;"COMPRIMIDO";"00.656.468/0001-39";"SOMA/PR COMERCIO DE PRODUTOS HOSPITALARES LTDA";"00.923.140/0001-31";"EMS SIGMA PHARMA LTDA";"23040";"0.4";"9216.0"
"2026";"SECRETARIA DE ESTADO DA SAUDE";"ESTADUAL";"76.416.866/0001-40";"CURITIBA";"PR";"18/01/2026";"03/02/2026";"296650";"LEVOTIROXINA SÓDICA, DOSAGEM:112 MCG";"COMPRIMIDO";"N";"1008902021398";"Pregão";"JUDICIAL";;;"COMPRIMIDO";"81.706.251/0001-98";"PROMEFARMA MEDICAMENTOS E PRODUTOS HOSPITALARES LTDA";"33.069.212/0001-84";"MERCK S/A";"2160";"0.5";"1080.0"
"2026";"SECRETARIA DE ESTADO DA SAUDE";"ESTADUAL";"76.416.866/0001-40";"CURITIBA";"PR";"18/01/2026";"03/02/2026";"270548";"ÁCIDO ACETILSALICÍLICO, APRESENTAÇÃO:TAMPONADO, DOSAGEM:325MG";"COMPRIMIDO";"N";"1356906470234";"Pregão";"JUDICIAL";;;"COMPRIMIDO";"00.656.468/0001-39";"SOMA/PR COMERCIO DE PRODUTOS HOSPITALARES LTDA";"00.923.140/0001-31";"EMS SIGMA PHARMA LTDA";"720";"1.03";"741.6"
"2026";"SECRETARIA DE ESTADO DA SAUDE";"ESTADUAL";"76.416.866/0001-40";"CURITIBA";"PR";"18/01/2026";"03/02/2026";"343877";"ÁCIDO ACETILSALICÍLICO, CONCENTRAÇÃO:200 MG, FORMA FARMACEUTICA:TAMPONADO";"COMPRIMIDO";"N";"1356906470153";"Pregão";"JUDICIAL";;;"COMPRIMIDO";"00.656.468/0001-39";"SOMA/PR COMERCIO DE PRODUTOS HOSPITALARES LTDA";"00.923.140/0001-31";"EMS SIGMA PHARMA LTDA";"2160";"0.47";"1015.2"
"2026";"SECRETARIA DE ESTADO DA SAUDE";"ESTADUAL";"76.416.866/0001-40";"CURITIBA";"PR";"18/01/2026";"03/02/2026";"268126";"LEVOTIROXINA SÓDICA, DOSAGEM:150 MCG";"COMPRIMIDO";"N";"1055303290164";"Pregão";"JUDICIAL";;;"COMPRIMIDO";"05.782.733/0003-00";"CIAMED - DISTRIBUIDORA DE MEDICAMENTOS LTDA.";"56.998.701/0001-16";"ABBOTT LABORATORIOS DO BRASIL LTDA";"1440";"0.44";"633.6"
"2026";"SECRETARIA DE ESTADO DA SAUDE";"ESTADUAL";"76.416.866/0001-40";"CURITIBA";"PR";"18/01/2026";"03/02/2026";"296649";"LEVOTIROXINA SÓDICA, DOSAGEM:88 MCG";"COMPRIMIDO";"N";"1055303290083";"Pregão";"JUDICIAL";;;"COMPRIMIDO";"05.782.733/0003-00";"CIAMED - DISTRIBUIDORA DE MEDICAMENTOS LTDA.";"56.998.701/0001-16";"ABBOTT LABORATORIOS DO BRASIL LTDA";"3600";"0.49";"1764.0"
"2026";"SECRETARIA DE ESTADO DA SAUDE";"ESTADUAL";"76.416.866/0001-40";"CURITIBA";"PR";"18/01/2026";"03/02/2026";"395949";"RISEDRONATO SÓDICO, CONCENTRAÇÃO:150 MG";"COMPRIMIDO";"S";"1351700460011";"Pregão";"JUDICIAL";;;"COMPRIMIDO";"42.496.258/0001-70";"METTA FARMACEUTICA LTDA";"48.344.725/0007-19";"ALTHAIA S.A. INDUSTRIA FARMACEUTICA";"120";"34.805";"4176.6"
"2026";"MUNICIPIO DE ESTEIO";"MUNICIPAL";"88.150.495/0001-86";"ESTEIO";"RS";"19/01/2026";"09/02/2026";"281657";"ÁCIDOS GRAXOS ESSENCIAIS, COMPOSIÇÃO:COMPOSTO DOS ÁCIDOS CAPRÍLICO, CÁPRICO, LÁURICO, COMPONENTES:LINOLÊICO, LECITINA DE SOJA, APRESENTAÇÃO:ASSOCIADOS COM VITAMINAS ""A"" E ""E"", TIPO:LOÇÃO OLEOSA";"FRASCO";;;"Pregão";"ADMINISTRATIVA";"100.0";"ML";"FRASCO 100.00 ML";"03.652.030/0006-85";"CENTERMEDI-COMERCIO DE PRODUTOS HOSPITALARES LTDA";"31.170.914/0001-24";"MAYBEN PHARMACEUTICAL LTDA";"1000";"2.749";"2749.0"
"2026";"MUNICIPIO DE PORTO ALEGRE";"MUNICIPAL";"92.963.560/0001-60";"PORTO ALEGRE";"RS";"19/01/2026";"26/01/2026";"270092";"GLICOSE, CONCENTRAÇÃO:5%, INDICAÇÃO:SOLUÇÃO INJETÁVEL, CARACTERÍSTICAS ADICIONAIS:SISTEMA FECHADO";"BOLSA";"N";"1049100200451";"Pregão";"ADMINISTRATIVA";"250.0";"ML";"BOLSA 250.00 ML";"17.472.278/0001-64";"GOLDENPLUS - COMERCIO DE MEDICAMENTOS E PRODUTOS HOSPITALARES LTDA";"55.972.087/0001-50";"JP INDUSTRIA FARMACEUTICA S/A";"25860";"3.8";"98268.0"
"2026";"MUNICIPIO DE PORTO ALEGRE";"MUNICIPAL";"92.963.560/0001-60";"PORTO ALEGRE";"RS";"19/01/2026";"26/01/2026";"304872";"MORFINA, APRESENTAÇÃO:SULFATO, CONCENTRAÇÃO:0,2MG/ML, FORMA FARMACÊUTICA:SOLUÇÃO INJETÁVEL";"AMPOLA";"N";"1029800970148";"Pregão";"ADMINISTRATIVA";"1.0";"ML";"AMPOLA 1.00 ML";"44.734.671/0022-86";"CRISTALIA PRODUTOS QUIMICOS FARMACEUTICOS LTDA";"44.734.671/0001-51";"CRISTALIA PRODUTOS QUIMICOS FARMACEUTICOS LTDA";"3200";"5.3";"16960.0"
"2026";"MUNICIPIO DE ESTEIO";"MUNICIPAL";"88.150.495/0001-86";"ESTEIO";"RS";"19/01/2026";"09/02/2026";"272581";"TIMOLOL, CONCENTRAÇÃO:0,5%, INDICAÇÃO:SOLUÇÃO OFTÁLMICA";"FRASCO";;;"Pregão";"ADMINISTRATIVA";"5.0";"ML";"FRASCO 5.00 ML";"06.294.126/0001-00";"RS - PRODUTOS HOSPITALARES LTDA";"57.507.378/0003-65";"EMS S/A";"400";"2.4";"960.0"
"2026";"MUNICIPIO DE PORTO ALEGRE";"MUNICIPAL";"92.963.560/0001-60";"PORTO ALEGRE";"RS";"19/01/2026";"26/01/2026";"268960";"DOPAMINA, DOSAGEM:5 MG/ML, APRESENTAÇÃO:SOLUÇÃO INJETÁVEL";"AMPOLA";"S";"1037003950047";"Pregão";"ADMINISTRATIVA";"10.0";"ML";"AMPOLA 10.00 ML";"06.294.126/0001-00";"RS - PRODUTOS HOSPITALARES LTDA";"17.159.229/0001-76";"LABORATORIO TEUTO BRASILEIRO S/A";"1270";"2.69";"3416.3"
"2026";"MUNICIPIO DE PORTO ALEGRE";"MUNICIPAL";"92.963.560/0001-60";"PORTO ALEGRE";"RS";"19/01/2026";"26/01/2026";"267197";"DIAZEPAM, DOSAGEM:10 MG";"COMPRIMIDO";"S";"1677302190033";"Pregão";"ADMINISTRATIVA";;;"COMPRIMIDO";"06.294.126/0001-00";"RS - PRODUTOS HOSPITALARES LTDA";"05.044.984/0001-26";"LEGRAND PHARMA INDUSTRIA FARMACEUTICA LTDA";"31400";"0.041";"1287.4"
"2026";"MUNICIPIO DE PORTO ALEGRE";"MUNICIPAL";"92.963.560/0001-60";"PORTO ALEGRE";"RS";"19/01/2026";"26/01/2026";"278281";"ADENOSINA, DOSAGEM:3 MG/ML, INDICAÇÃO:SOLUÇÃO INJETÁVEL";"AMPOLA";"S";"1134301820021";"Pregão";"ADMINISTRATIVA";"2.0";"ML";"AMPOLA 2.00 ML";"67.729.178/0005-72";"COMERCIAL CIRURGICA RIOCLARENSE LTDA";"19.570.720/0001-10";"HIPOLABOR FARMACEUTICA LTDA";"800";"9.58";"7664.0"
"2026";"MUNICIPIO DE PORTO ALEGRE";"MUNICIPAL";"92.963.560/0001-60";"PORTO ALEGRE";"RS";"19/01/2026";"26/01/2026";"267107";"FENITOÍNA SÓDICA, DOSAGEM:50 MG/ML, APRESENTAÇÃO:SOLUÇÃO INJETÁVEL";"AMPOLA";"S";"1134301710021";"Pregão";"ADMINISTRATIVA";"5.0";"ML";"AMPOLA 5.00 ML";"67.729.178/0005-72";"COMERCIAL CIRURGICA RIOCLARENSE LTDA";"19.570.720/0001-10";"HIPOLABOR FARMACEUTICA LTDA";"9700";"1.99";"19303.0"
"2026";"MUNICIPIO DE PORTO ALEGRE";"MUNICIPAL";"92.963.560/0001-60";"PORTO ALEGRE";"RS";"19/01/2026";"26/01/2026";"269603";"BISACODIL, DOSAGEM:5 MG";"COMPRIMIDO";"N";"1558401920010";"Pregão";"ADMINISTRATIVA";;;"COMPRIMIDO";"09.944.371/0001-04";"SULMEDIC COMERCIO DE MEDICAMENTOS LTDA";"05.161.069/0001-10";"BRAINFARMA INDUSTRIA QUIMICA E FARMACEUTICA S.A.";"9400";"0.1";"940.0"
"2026";"MUNICIPIO DE PORTO ALEGRE";"MUNICIPAL";"92.963.560/0001-60";"PORTO ALEGRE";"RS";"19/01/2026";"26/01/2026";"437940";"CAFEÍNA, CONCENTRAÇÃO:20 MG/ML, FORMA FARMACÊUTICA:SOLUÇÃO INJETÁVEL";"AMPOLA";"N";"1005801150015";"Pregão";"ADMINISTRATIVA";"1.0";"ML";"AMPOLA 1.00 ML";"04.071.245/0001-60";"LICIMED DISTRIBUIDORA DE MEDICAMENTOS, CORRELATOS E PRODUTOS MEDICOS E HOSPITALARES LTDA";"61.363.032/0001-46";"CHIESI FARMACEUTICA LTDA";"2000";"113.99";"227980.0"
"2026";"MUNICIPIO DE PORTO ALEGRE";"MUNICIPAL";"92.963.560/0001-60";"PORTO ALEGRE";"RS";"19/01/2026";"26/01/2026";"272343";"TIAMINA, DOSAGEM:100 MG/ML, TIPO MEDICAMENTO:SOLUÇÃO INJETÁVEL";"AMPOLA";;;"Pregão";"ADMINISTRATIVA";"1.0";"ML";"AMPOLA 1.00 ML";"67.729.178/0005-72";"COMERCIAL CIRURGICA RIOCLARENSE LTDA";"19.570.720/0001-10";"HIPOLABOR FARMACEUTICA LTDA";"7630";"4.27";"32580.1"
"2026";"MUNICIPIO DE PORTO ALEGRE";"MUNICIPAL";"92.963.560/0001-60";"PORTO ALEGRE";"RS";"19/01/2026";"26/01/2026";"269622";"GLICEROL, DOSAGEM:12%, APRESENTAÇÃO:CLISTER";"FRASCO";"N";"1177200100041";"Pregão";"ADMINISTRATIVA";"500.0";"ML";"FRASCO 500.00 ML";"67.729.178/0005-72";"COMERCIAL CIRURGICA RIOCLARENSE LTDA";"01.784.792/0001-03";"EQUIPLEX INDUSTRIA FARMACEUTICA LTDA -";"700";"7.48";"5236.0"
"2026";"MUNICIPIO DE PORTO ALEGRE";"MUNICIPAL";"92.963.560/0001-60";"PORTO ALEGRE";"RS";"19/01/2026";"26/01/2026";"272482";"ZUCLOPENTIXOL, DOSAGEM:10 MG";"COMPRIMIDO";"N";"1047500450015";"Pregão";"ADMINISTRATIVA";;;"COMPRIMIDO";"36.325.157/0001-34";"COSTA CAMARGO COM. DE PRODUTOS HOSPITALARES LTDA";"04.522.600/0001-70";"LUNDBECK BRASIL LTDA";"2500";"2.16";"5400.0"
"2026";"MUNICIPIO DE PORTO ALEGRE";"MUNICIPAL";"92.963.560/0001-60";"PORTO ALEGRE";"RS";"19/01/2026";"26/01/2026";"268160";"OMEPRAZOL, CONCENTRAÇÃO:40 MG, USO:INJETÁVEL";"FRASCO-AMPOLA";"N";"1049711960206";"Pregão";"ADMINISTRATIVA";;;"FRASCO-AMPOLA";"60.665.981/0009-75";"UNIAO QUIMICA FARMACEUTICA NACIONAL S A";"60.665.981/0001-18";"UNIAO QUIMICA FARMACEUTICA NACIONAL S A";"24600";"6.97";"171462.0"
"2026";"MUNICIPIO DE PORTO ALEGRE";"MUNICIPAL";"92.963.560/0001-60";"PORTO ALEGRE";"RS";"19/01/2026";"26/01/2026";"269572";"BUPIVACAÍNA CLORIDRATO, PUREZA:0,5%, APLICAÇÃO:ISOBÁRICA, APRESENTAÇÃO:SOLUÇÃO INJETÁVEL";"AMPOLA";"N";"1029800530253";"Pregão";"ADMINISTRATIVA";"4.0";"ML";"AMPOLA 4.00 ML";"44.734.671/0022-86";"CRISTALIA PRODUTOS QUIMICOS FARMACEUTICOS LTDA";"44.734.671/0001-51";"CRISTALIA PRODUTOS QUIMICOS FARMACEUTICOS LTDA";"200";"10.33";"2066.0"
"2026";"MUNICIPIO DE PORTO ALEGRE";"MUNICIPAL";"92.963.560/0001-60";"PORTO ALEGRE";"RS";"19/01/2026";"26/01/2026";"269574";"BUPIVACAÍNA CLORIDRATO, PUREZA:0,5%, APRESENTAÇÃO:SOLUÇÃO INJETÁVEL";"FRASCO";"N";"1029803500118";"Pregão";"ADMINISTRATIVA";"20.0";"ML";"FRASCO 20.00 ML";"44.734.671/0022-86";"CRISTALIA PRODUTOS QUIMICOS FARMACEUTICOS LTDA";"44.734.671/0001-51";"CRISTALIA PRODUTOS QUIMICOS FARMACEUTICOS LTDA";"1000";"20.0";"20000.0"
"2026";"MUNICIPIO DE PORTO ALEGRE";"MUNICIPAL";"92.963.560/0001-60";"PORTO ALEGRE";"RS";"19/01/2026";"26/01/2026";"268952";"AZITROMICINA, DOSAGEM:500 MG, APRESENTAÇÃO:PÓ LIOFILIZADO PARA SOLUÇÃO INJETÁVEL";"FRASCO-AMPOLA";"N";"1029804350020";"Pregão";"ADMINISTRATIVA";;;"FRASCO-AMPOLA";"44.734.671/0022-86";"CRISTALIA PRODUTOS QUIMICOS FARMACEUTICOS LTDA";"44.734.671/0001-51";"CRISTALIA PRODUTOS QUIMICOS FARMACEUTICOS LTDA";"2330";"9.85";"22950.5"
"2026";"MUNICIPIO DE PORTO ALEGRE";"MUNICIPAL";"92.963.560/0001-60";"PORTO ALEGRE";"RS";"19/01/2026";"26/01/2026";"272784";"CODEÍNA, DOSAGEM:3 MG/ML, USO:SOLUÇÃO ORAL";"FRASCO";"N";"1029801990037";"Pregão";"ADMINISTRATIVA";"120.0";"ML";"FRASCO 120.00 ML";"44.734.671/0022-86";"CRISTALIA PRODUTOS QUIMICOS FARMACEUTICOS LTDA";"44.734.671/0001-51";"CRISTALIA PRODUTOS QUIMICOS FARMACEUTICOS LTDA";"1000";"35.24";"35240.0"
"2026";"MUNICIPIO DE PORTO ALEGRE";"MUNICIPAL";"92.963.560/0001-60";"PORTO ALEGRE";"RS";"19/01/2026";"26/01/2026";"272326";"NALOXONA CLORIDRATO, DOSAGEM:0,4 MG/ML, APRESENTAÇÃO:SOLUÇÃO INJETÁVEL";"AMPOLA";"N";"1029802830033";"Pregão";"ADMINISTRATIVA";"1.0";"ML";"AMPOLA 1.00 ML";"44.734.671/0022-86";"CRISTALIA PRODUTOS QUIMICOS FARMACEUTICOS LTDA";"44.734.671/0001-51";"CRISTALIA PRODUTOS QUIMICOS FARMACEUTICOS LTDA";"940";"5.4";"5076.0"
"2026";"MUNICIPIO DE PORTO ALEGRE";"MUNICIPAL";"92.963.560/0001-60";"PORTO ALEGRE";"RS";"19/01/2026";"26/01/2026";"268958";"COLAGENASE, CONCENTRAÇÃO:0,6UI/G, USO:POMADA";"BISNAGA";"N";"1029804310096";"Pregão";"ADMINISTRATIVA";"30.0";"G";"BISNAGA 30.00 G";"44.734.671/0022-86";"CRISTALIA PRODUTOS QUIMICOS FARMACEUTICOS LTDA";"44.734.671/0001-51";"CRISTALIA PRODUTOS QUIMICOS FARMACEUTICOS LTDA";"2080";"13.38";"27830.4"
"2026";"MUNICIPIO DE PORTO ALEGRE";"MUNICIPAL";"92.963.560/0001-60";"PORTO ALEGRE";"RS";"19/01/2026";"26/01/2026";"270092";"GLICOSE, CONCENTRAÇÃO:5%, INDICAÇÃO:SOLUÇÃO INJETÁVEL, CARACTERÍSTICAS ADICIONAIS:SISTEMA FECHADO";"BOLSA";"N";"1049100200271";"Pregão";"ADMINISTRATIVA";"500.0";"ML";"BOLSA 500.00 ML";"17.472.278/0001-64";"GOLDENPLUS - COMERCIO DE MEDICAMENTOS E PRODUTOS HOSPITALARES LTDA";"55.972.087/0001-50";"JP INDUSTRIA FARMACEUTICA S/A";"20700";"4.73";"97911.0"
"2026";"MUNICIPIO DE PORTO ALEGRE";"MUNICIPAL";"92.963.560/0001-60";"PORTO ALEGRE";"RS";"19/01/2026";"26/01/2026";"271100";"AMOXICILINA, PRINCÍPIO ATIVO:ASSOCIADA COM CLAVULANATO DE POTÁSSIO, CONCENTRAÇÃO:1G + 200MG, APRESENTAÇÃO:INJETÁVEL";"FRASCO-AMPOLA";"S";"1742000090013";"Pregão";"ADMINISTRATIVA";;;"FRASCO-AMPOLA";"44.639.493/0001-80";"EUGIA PHARMA INDUSTRIA FARMACEUTICA LIMITADA";"44.639.493/0001-80";"EUGIA PHARMA INDUSTRIA FARMACEUTICA LIMITADA";"19700";"8.74";"172178.0"
"2026";"MUNICIPIO DE PORTO ALEGRE";"MUNICIPAL";"92.963.560/0001-60";"PORTO ALEGRE";"RS";"19/01/2026";"26/01/2026";"357880";"GLICOSE, CONCENTRAÇAO:5%, FORMA FARMACEUTICA:SOLUÇÃO INJETÁVEL, CARACTERISTICA ADICIONAL:SISTEMA FECHADO, EMBALAGEM PRIMÁRIA ISENTA DE PVC";"BOLSA";"N";"1031101770060";"Pregão";"ADMINISTRATIVA";"100.0";"ML";"BOLSA 100.00 ML";"01.571.702/0001-98";"HALEX ISTAR INDUSTRIA FARMACEUTICA SA";"01.571.702/0001-98";"HALEX ISTAR INDUSTRIA FARMACEUTICA SA";"5100";"3.12";"15912.0"
"2026";"MUNICIPIO DE PORTO ALEGRE";"MUNICIPAL";"92.963.560/0001-60";"PORTO ALEGRE";"RS";"19/01/2026";"26/01/2026";"292418";"CIPROFLOXACINO CLORIDRATO, DOSAGEM:2 MG/ML, APRESENTAÇÃO:SOLUÇÃO INJETÁVEL";"BOLSA";"N";"1031100740095";"Pregão";"ADMINISTRATIVA";"100.0";"ML";"BOLSA 100.00 ML";"01.571.702/0001-98";"HALEX ISTAR INDUSTRIA FARMACEUTICA SA";"01.571.702/0001-98";"HALEX ISTAR INDUSTRIA FARMACEUTICA SA";"7060";"5.68";"40100.8"
"2026";"MUNICIPIO DE PORTO ALEGRE";"MUNICIPAL";"92.963.560/0001-60";"PORTO ALEGRE";"RS";"19/01/2026";"26/01/2026";"268498";"METRONIDAZOL, DOSAGEM:5MG/ML, APRESENTAÇÃO:SOLUÇÃO INJETÁVEL";"BOLSA";"S";"1031101540022";"Pregão";"ADMINISTRATIVA";"100.0";"ML";"BOLSA 100.00 ML";"01.571.702/0001-98";"HALEX ISTAR INDUSTRIA FARMACEUTICA SA";"01.571.702/0001-98";"HALEX ISTAR INDUSTRIA FARMACEUTICA SA";"11000";"3.6";"39600.0"
"2026";"MUNICIPIO DE PORTO ALEGRE";"MUNICIPAL";"92.963.560/0001-60";"PORTO ALEGRE";"RS";"19/01/2026";"26/01/2026";"268970";"NITROGLICERINA, DOSAGEM:5 MG/ML, APLICAÇÃO:INJETÁVEL";"AMPOLA";"N";"1029801330053";"Pregão";"ADMINISTRATIVA";"10.0";"ML";"AMPOLA 10.00 ML";"44.734.671/0022-86";"CRISTALIA PRODUTOS QUIMICOS FARMACEUTICOS LTDA";"44.734.671/0001-51";"CRISTALIA PRODUTOS QUIMICOS FARMACEUTICOS LTDA";"770";"38.06";"29306.2"
"2026";"MUNICIPIO DE PORTO ALEGRE";"MUNICIPAL";"92.963.560/0001-60";"PORTO ALEGRE";"RS";"19/01/2026";"26/01/2026";"448591";"PREDNISOLONA, COMPOSIÇÃO:ACETATO, CONCENTRAÇÃO:10 MG/ML, FORMA FARMACEUTICA:SUSPENSÃO OFTÁLMICA";"FRASCO";"N";"1029804810013";"Pregão";"ADMINISTRATIVA";"5.0";"ML";"FRASCO 5.00 ML";"44.734.671/0022-86";"CRISTALIA PRODUTOS QUIMICOS FARMACEUTICOS LTDA";"44.734.671/0001-51";"CRISTALIA PRODUTOS QUIMICOS FARMACEUTICOS LTDA";"500";"14.5";"7250.0"
"2026";"MUNICIPIO DE PORTO ALEGRE";"MUNICIPAL";"92.963.560/0001-60";"PORTO ALEGRE";"RS";"19/01/2026";"26/01/2026";"394088";"BICARBONATO DE SÓDIO, CONCENTRAÇÃO:8,40%, FORMA FARMACÊUTICA:SOLUÇÃO INJETÁVEL, CARACTERÍSTICA ADICIONAL:EM SISTEMA FECHADO";"BOLSA";"N";"1038700560087";"Pregão";"ADMINISTRATIVA";"250.0";"ML";"BOLSA 250.00 ML";"51.685.649/0001-24";"KASMEDI DISTRIBUIDORA DE MEDICAMENTOS LTDA";"17.174.657/0001-78";"HYPOFARMA INSTITUTO DE HYPODERMIA E FARMACIA LTDA";"4000";"26.0";"104000.0"
"2026";"MUNICIPIO DE PORTO ALEGRE";"MUNICIPAL";"92.963.560/0001-60";"PORTO ALEGRE";"RS";"19/01/2026";"26/01/2026";"268532";"TENOXICAM, DOSAGEM:20 MG, INDICAÇÃO:INJETÁVEL";"FRASCO-AMPOLA";"S";"1004307570191";"Pregão";"ADMINISTRATIVA";;;"FRASCO-AMPOLA";"46.381.269/0001-66";"NUTRI-ELE DISTRIBUIDORA DE NUTRICAO, CORRELATOS E PRODUTOS MEDICOS E HOSPITALARES LTDA";"61.190.096/0001-92";"EUROFARMA LABORATORIOS S.A.";"43110";"5.49";"236673.9"
"2026";"MUNICIPIO DE PORTO ALEGRE";"MUNICIPAL";"92.963.560/0001-60";"PORTO ALEGRE";"RS";"19/01/2026";"26/01/2026";"292402";"AMINOFILINA, DOSAGEM:24 MG/ML, FORMA FARMACÊUTICA:SOLUÇÃO INJETÁVEL";"AMPOLA";"S";"1134301180012";"Pregão";"ADMINISTRATIVA";"10.0";"ML";"AMPOLA 10.00 ML";"21.681.325/0001-57";"MULTIFARMA COMERCIO E REPRESENTACOES LTDA.";"19.570.720/0001-10";"HIPOLABOR FARMACEUTICA LTDA";"1000";"1.93";"1930.0"
"2026";"MUNICIPIO DE PORTO ALEGRE";"MUNICIPAL";"92.963.560/0001-60";"PORTO ALEGRE";"RS";"19/01/2026";"26/01/2026";"268236";"CLORETO DE SÓDIO, PRINCÍPIO ATIVO:0,9%_ SOLUÇÃO INJETÁVEL, APLICAÇÃO:SISTEMA FECHADO";"FRASCO";"N";"1168800310056";"Pregão";"ADMINISTRATIVA";"500.0";"ML";"FRASCO 500.00 ML";"06.294.126/0001-00";"RS - PRODUTOS HOSPITALARES LTDA";"58.635.830/0001-75";"FARMARIN INDUSTRIA E COMERCIO LTDA";"12800";"3.47";"44416.0"
"2026";"MUNICIPIO DE PORTO ALEGRE";"MUNICIPAL";"92.963.560/0001-60";"PORTO ALEGRE";"RS";"19/01/2026";"26/01/2026";"268374";"ACICLOVIR, DOSAGEM:250 MG, USO:INJETÁVEL";"FRASCO-AMPOLA";"S";"1037006100044";"Pregão";"ADMINISTRATIVA";;;"FRASCO-AMPOLA";"06.294.126/0001-00";"RS - PRODUTOS HOSPITALARES LTDA";"17.159.229/0001-76";"LABORATORIO TEUTO BRASILEIRO S/A";"8460";"6.72";"56851.2"
"2026";"SECRETARIA DE ESTADO DA SAUDE";"ESTADUAL";"76.416.866/0001-40";"CURITIBA";"PR";"20/01/2026";"21/01/2026";"473335";"BREXPIPRAZOL, CONCENTRAÇÃO:2 MG";"COMPRIMIDO";"N";"1047500530078";"Pregão";"JUDICIAL";;;"COMPRIMIDO";"13.485.130/0001-03";"PHARMA LOG PRODUTOS FARMACEUTICOS LTDA";"04.522.600/0001-70";"LUNDBECK BRASIL LTDA";"3600";"11.31";"40716.0"
"2026";"SECRETARIA DE ESTADO DA SAUDE";"ESTADUAL";"76.416.866/0001-40";"CURITIBA";"PR";"20/01/2026";"21/01/2026";"602451";"LAMOTRIGINA, CONCENTRAÇÃO:50 MG, FORMA FARMACÊUTICA:COMPRIMIDO DISPERSÍVEL";"COMPRIMIDO";"N";"1010700060092";"Pregão";"JUDICIAL";;;"COMPRIMIDO";"42.496.258/0001-70";"METTA FARMACEUTICA LTDA";"33.247.743/0001-10";"GLAXOSMITHKLINE BRASIL LTDA";"3600";"4.7";"16920.0"
"2026";"SECRETARIA DE ESTADO DA SAUDE";"ESTADUAL";"76.416.866/0001-40";"CURITIBA";"PR";"20/01/2026";"21/01/2026";"602452";"LAMOTRIGINA, CONCENTRAÇÃO:25 MG, FORMA FARMACÊUTICA:COMPRIMIDO DISPERSÍVEL";"COMPRIMIDO";"N";"1010700060084";"Pregão";"JUDICIAL";;;"COMPRIMIDO";"42.496.258/0001-70";"METTA FARMACEUTICA LTDA";"33.247.743/0001-10";"GLAXOSMITHKLINE BRASIL LTDA";"2160";"1.85";"3996.0"
"2026";"SECRETARIA DE ESTADO DA SAUDE";"ESTADUAL";"76.416.866/0001-40";"CURITIBA";"PR";"20/01/2026";"21/01/2026";"437585";"ZOLPIDEM, CONCENTRAÇÃO:6,25 MG, ADICIONAL:LIBERAÇÃO PROLONGADA";"COMPRIMIDO";"N";"1004314870049";"Pregão";"JUDICIAL";;;"COMPRIMIDO";"00.802.002/0001-02";"ALTERMED MATERIAL MEDICO HOSPITALAR LTDA";"61.190.096/0001-92";"EUROFARMA LABORATORIOS S.A.";"3600";"1.04";"3744.0"
"2026";"SECRETARIA DE ESTADO DA SAUDE";"ESTADUAL";"76.416.866/0001-40";"CURITIBA";"PR";"20/01/2026";"21/01/2026";"271773";"BROMAZEPAM, DOSAGEM:3 MG";"COMPRIMIDO";"S";"1023504690031";"Pregão";"JUDICIAL";;;"COMPRIMIDO";"02.816.696/0001-54";"PONTAMED FARMACEUTICA LTDA";"57.507.378/0003-65";"EMS S/A";"7200";"0.11";"792.0"
"2026";"SECRETARIA DE ESTADO DA SAUDE";"ESTADUAL";"76.416.866/0001-40";"CURITIBA";"PR";"20/01/2026";"21/01/2026";"401321";"AMISSULPRIDA, CONCENTRAÇÃO:200 MG";"COMPRIMIDO";"N";"1832603190027";"Pregão";"JUDICIAL";;;"COMPRIMIDO";"04.071.245/0001-60";"LICIMED DISTRIBUIDORA DE MEDICAMENTOS, CORRELATOS E PRODUTOS MEDICOS E HOSPITALARES LTDA";"10.588.595/0010-92";"SANOFI MEDLEY FARMACEUTICA LTDA";"5760";"7.91";"45561.6"
"2026";"SECRETARIA DE ESTADO DA SAUDE";"ESTADUAL";"76.416.866/0001-40";"CURITIBA";"PR";"20/01/2026";"21/01/2026";"272809";"LAMOTRIGINA, DOSAGEM:100 MG";"COMPRIMIDO";"S";"1004311390089";"Pregão";"JUDICIAL";;;"COMPRIMIDO";"42.496.258/0001-70";"METTA FARMACEUTICA LTDA";"61.190.096/0001-92";"EUROFARMA LABORATORIOS S.A.";"3240";"8.0";"25920.0"
"2026";"SECRETARIA DE ESTADO DA SAUDE";"ESTADUAL";"76.416.866/0001-40";"CURITIBA";"PR";"20/01/2026";"21/01/2026";"271774";"BROMAZEPAM, DOSAGEM:6 MG";"COMPRIMIDO";"S";"1023504690048";"Pregão";"JUDICIAL";;;"COMPRIMIDO";"02.816.696/0001-54";"PONTAMED FARMACEUTICA LTDA";"57.507.378/0003-65";"EMS S/A";"18000";"0.16";"2880.0"
"2026";"SECRETARIA DE ESTADO DA SAUDE";"ESTADUAL";"76.416.866/0001-40";"CURITIBA";"PR";"20/01/2026";"21/01/2026";"397912";"AGOMELATINA, CONCENTRAÇÃO:25 MG";"COMPRIMIDO";"S";"1023512760017";"Pregão";"JUDICIAL";;;"COMPRIMIDO";"81.706.251/0001-98";"PROMEFARMA MEDICAMENTOS E PRODUTOS HOSPITALARES LTDA";"57.507.378/0003-65";"EMS S/A";"2880";"4.19";"12067.2"
"2026";"SECRETARIA DE ESTADO DA SAUDE";"ESTADUAL";"76.416.866/0001-40";"CURITIBA";"PR";"22/01/2026";"04/02/2026";"404655";"AMBRISENTANA, CONCENTRAÇÃO:5 MG";"COMPRIMIDO";"N";"1010702810013";"Pregão";"ADMINISTRATIVA";;;"COMPRIMIDO";"04.355.394/0001-51";"PROHOSP DISTRIBUIDORA DE MEDICAMENTOS LTDA.";"33.247.743/0001-10";"GLAXOSMITHKLINE BRASIL LTDA";"17550";"44.18";"775359.0"
"2026";"FUNDO ESTADUAL DE SAUDE DO ESTADO DA BAHIA";"ESTADUAL";"05.816.630/0001-52";"SALVADOR";"BA";"22/01/2026";"11/02/2026";"271725";"PIPERACILINA, COMPOSIÇÃO:ASSOCIADA COM TAZOBACTAMA, CONCENTRAÇÃO:4G + 500MG, APLICAÇÃO:INJETÁVEL";"FRASCO-AMPOLA";"S";"1742000110073";"Pregão";"ADMINISTRATIVA";;;"FRASCO-AMPOLA";"15.145.035/0001-96";"RIOBAHIAFARMA COMERCIO E DISTRIBUICAO DE PRODUTOS MEDICOS E COSMETICOS LTDA";"44.639.493/0001-80";"EUGIA PHARMA INDUSTRIA FARMACEUTICA LIMITADA";"600000";"11.15";"6690000.0"
"2026";"FUNDO ESTADUAL DE SAUDE DO ESTADO DA BAHIA";"ESTADUAL";"05.816.630/0001-52";"SALVADOR";"BA";"22/01/2026";"11/02/2026";"272366";"TIORIDAZINA CLORIDRATO, CONCENTRAÇÃO:50 MG";"COMPRIMIDO";"N";"1049712300031";"Pregão";"ADMINISTRATIVA";;;"COMPRIMIDO";"36.191.620/0001-00";"MS HOSPITALAR LTDA";"60.665.981/0001-18";"UNIAO QUIMICA FARMACEUTICA NACIONAL S A";"34000";"0.97";"32980.0"
"2026";"SECRETARIA DE ESTADO DA SAUDE";"ESTADUAL";"76.416.866/0001-40";"CURITIBA";"PR";"22/01/2026";"04/02/2026";"308738";"CIPROFIBRATO, DOSAGEM:100 MG";"COMPRIMIDO";"S";"1004314360016";"Pregão";"ADMINISTRATIVA";;;"COMPRIMIDO";"49.475.833/0017-65";"BIOLAB SANUS FARMACEUTICA LTDA";"61.190.096/0001-92";"EUROFARMA LABORATORIOS S.A.";"5534120";"0.2";"1106824.0"
"2026";"FUNDO ESTADUAL DE SAUDE DO ESTADO DA BAHIA";"ESTADUAL";"05.816.630/0001-52";"SALVADOR";"BA";"22/01/2026";"11/02/2026";"267741";"PREDNISONA, DOSAGEM:5 MG";"COMPRIMIDO";"S";"1558405720016";"Pregão";"ADMINISTRATIVA";;;"COMPRIMIDO";"21.632.425/0001-93";"SALVADOR DISTRIBUIDORA DE MEDICAMENTOS LTDA";"05.161.069/0001-10";"BRAINFARMA INDUSTRIA QUIMICA E FARMACEUTICA S.A.";"214000";"0.06";"12840.0"
"2026";"FUNDO ESTADUAL DE SAUDE DO ESTADO DA BAHIA";"ESTADUAL";"05.816.630/0001-52";"SALVADOR";"BA";"22/01/2026";"11/02/2026";"268521";"ROCURÔNIO BROMETO, DOSAGEM:10 MG/ML, INDICAÇÃO:SOLUÇÃO INJETÁVEL";"FRASCO";"S";"1935700070015";"Pregão";"ADMINISTRATIVA";"5.0";"ML";"FRASCO 5.00 ML";"52.967.925/0001-00";"ABC FARMACEUTICO LTDA";"14.665.928/0001-08";"VOLPHARMA DISTRIBUIDORA DE PRODUTOS HOSPITALARES E FARMACEUTICOS LTDA";"131100";"8.15";"1068465.0"
"2026";"SECRETARIA DE ESTADO DA SAUDE";"ESTADUAL";"76.416.866/0001-40";"CURITIBA";"PR";"22/01/2026";"04/02/2026";"270785";"FENOTEROL BROMIDRATO, DOSAGEM:0,1MG / DOSE, APRESENTAÇÃO:AEROSSOL, FRASCO DOSIFICADOR + AEROCâMARA";"FRASCO";"N";"1036700060274";"Pregão";"ADMINISTRATIVA";"10.0";"ML";"FRASCO 10.00 ML";"04.355.394/0001-51";"PROHOSP DISTRIBUIDORA DE MEDICAMENTOS LTDA.";"60.831.658/0001-77";"BOEHRINGER INGELHEIM DO BRASIL QUIMICA E FARMACEUTICA LTDA.";"365";"16.35";"5967.75"
"2026";"FUNDO ESTADUAL DE SAUDE DO ESTADO DA BAHIA";"ESTADUAL";"05.816.630/0001-52";"SALVADOR";"BA";"22/01/2026";"11/02/2026";"284105";"RISPERIDONA, DOSAGEM:3 MG";"COMPRIMIDO";"S";"1256802690312";"Pregão";"ADMINISTRATIVA";;;"COMPRIMIDO";"73.856.593/0001-66";"PRATI, DONADUZZI & CIA LTDA";"73.856.593/0001-66";"PRATI, DONADUZZI & CIA LTDA";"2242000";"0.11";"246620.0"
"2026";"SECRETARIA DE ESTADO DA SAUDE";"ESTADUAL";"76.416.866/0001-40";"CURITIBA";"PR";"22/01/2026";"04/02/2026";"267087";"GENFIBROZILA, DOSAGEM:900 MG";"COMPRIMIDO";"S";"1023506600216";"Pregão";"ADMINISTRATIVA";;;"COMPRIMIDO";"00.802.002/0001-02";"ALTERMED MATERIAL MEDICO HOSPITALAR LTDA";"57.507.378/0003-65";"EMS S/A";"17100";"2.42";"41382.0"
"2026";"FUNDO ESTADUAL DE SAUDE DO ESTADO DA BAHIA";"ESTADUAL";"05.816.630/0001-52";"SALVADOR";"BA";"22/01/2026";"11/02/2026";"284106";"RISPERIDONA, DOSAGEM:1 MG/ML, USO:SOLUÇÃO ORAL, COM PIPETA DOSADORA";"FRASCO";"N";"1029802000154";"Pregão";"ADMINISTRATIVA";"30.0";"ML";"FRASCO 30.00 ML";"44.734.671/0022-86";"CRISTALIA PRODUTOS QUIMICOS FARMACEUTICOS LTDA";"44.734.671/0001-51";"CRISTALIA PRODUTOS QUIMICOS FARMACEUTICOS LTDA";"63650";"7.4";"471010.0"
"2026";"SECRETARIA DE ESTADO DA SAUDE";"ESTADUAL";"76.416.866/0001-40";"CURITIBA";"PR";"22/01/2026";"04/02/2026";"266736";"DESFERROXAMINA MESILATO, DOSAGEM:500 MG, APRESENTAÇÃO:INJETÁVEL";"FRASCO-AMPOLA";"N";"1006800530041";"Pregão";"ADMINISTRATIVA";;;"FRASCO-AMPOLA";"44.734.671/0022-86";"CRISTALIA PRODUTOS QUIMICOS FARMACEUTICOS LTDA";"56.994.502/0001-30";"NOVARTIS BIOCIENCIAS SA";"10420";"40.58";"422843.6"
"2026";"SECRETARIA DE ESTADO DA SAUDE";"ESTADUAL";"76.416.866/0001-40";"CURITIBA";"PR";"22/01/2026";"04/02/2026";"272808";"ISOTRETINOÍNA, DOSAGEM:20 MG";"CÁPSULA";"S";"1004314240010";"Pregão";"ADMINISTRATIVA";;;"CÁPSULA";"13.485.130/0001-03";"PHARMA LOG PRODUTOS FARMACEUTICOS LTDA";"61.190.096/0001-92";"EUROFARMA LABORATORIOS S.A.";"1485000";"1.09";"1618650.0"
"2026";"SECRETARIA DE ESTADO DA SAUDE";"ESTADUAL";"76.416.866/0001-40";"CURITIBA";"PR";"22/01/2026";"04/02/2026";"272793";"FLUDROCORTISONA ACETATO, DOSAGEM:0,1 MG";"COMPRIMIDO";"N";"1376401600011";"Pregão";"ADMINISTRATIVA";;;"COMPRIMIDO";"81.706.251/0001-98";"PROMEFARMA MEDICAMENTOS E PRODUTOS HOSPITALARES LTDA";"02.433.631/0001-20";"ASPEN PHARMA INDUSTRIA FARMACEUTICA LTDA";"200400";"1.95";"390780.0"
"2026";"SECRETARIA DE ESTADO DA SAUDE";"ESTADUAL";"76.416.866/0001-40";"CURITIBA";"PR";"22/01/2026";"04/02/2026";"448616";"HIDRÓXIDO DE FERRO III, CONCENTRAÇÃO:20 MG/ML, FORMA FARMACEUTICA:SOLUÇÃO INJETÁVEL";"AMPOLA";"N";"1163701380047";"Pregão";"ADMINISTRATIVA";"5.0";"ML";"AMPOLA 5.00 ML";"58.430.828/0001-60";"BLAU FARMACEUTICA S.A.";"58.430.828/0001-60";"BLAU FARMACEUTICA S.A.";"263950";"6.99";"1845010.5"
"2026";"SECRETARIA DE ESTADO DA SAUDE";"ESTADUAL";"76.416.866/0001-40";"CURITIBA";"PR";"22/01/2026";"04/02/2026";"272834";"RALOXIFENO CLORIDRATO, CONCENTRAÇÃO:60 MG";"COMPRIMIDO";"S";"1152400090028";"Pregão";"ADMINISTRATIVA";;;"COMPRIMIDO";"53.359.824/0004-61";"BLANVER FARMOQUIMICA E FARMACEUTICA S.A.";"53.359.824/0001-19";"BLANVER FARMOQUIMICA E FARMACEUTICA S.A.";"319872";"3.77";"1205917.44"
"2026";"SECRETARIA DE ESTADO DA SAUDE";"ESTADUAL";"76.416.866/0001-40";"CURITIBA";"PR";"22/01/2026";"04/02/2026";"296717";"RISEDRONATO SÓDICO, CONCENTRAÇÃO:35 MG";"COMPRIMIDO";"S";"1023512670034";"Pregão";"ADMINISTRATIVA";;;"COMPRIMIDO";"00.656.468/0001-39";"SOMA/PR COMERCIO DE PRODUTOS HOSPITALARES LTDA";"57.507.378/0003-65";"EMS S/A";"103476";"1.33";"137623.08"
"2026";"FUNDO MUNICIPAL DE SAUDE";"MUNICIPAL";"11.718.406/0001-20";"ARACAJU";"SE";"23/01/2026";"05/03/2026";"602410";"FIO DE SUTURA AGULHADO, MATERIAL FIO:CATGUT CROMADO, MODELO FIO:MULTIFILAMENTAR, DIÂMETRO FIO:4-0, COMPRIMENTO FIO:CERCA DE 70 CM, TIPO AGULHA:AGULHA 1/2 CÍRCULO, MODELO AGULHA:CILÍNDRICA, COMPRIMENTO AGULHA:CERCA DE 20 MM, ESTERILIDADE:ESTÉRIL, APRESENTAçãO:EMBALAGEM INDIVIDUAL";"UNIDADE";;;"Pregão";"ADMINISTRATIVA";;;"UNIDADE";"10.638.214/0001-41";"GM FARMA COMERCIAL LTDA";"02.400.787/0001-04";"A C E INDUSTRIA E COMERCIO LTDA";"187";"4.05";"757.35"
"2026";"FUNDO MUNICIPAL DE SAUDE";"MUNICIPAL";"11.718.406/0001-20";"ARACAJU";"SE";"23/01/2026";"25/02/2026";"384894";"PROPAFENONA CLORIDRATO, CONCENTRAÇÃO:150 MG";"COMPRIMIDO";"S";"1351700680062";"Pregão";"JUDICIAL";;;"COMPRIMIDO";"20.918.668/0001-20";"MEDICINALI PRODUTOS PARA SAUDE LTDA";"48.344.725/0007-19";"ALTHAIA S.A. INDUSTRIA FARMACEUTICA";"360";"1.19";"428.4"
"2026";"FUNDO MUNICIPAL DE SAUDE";"MUNICIPAL";"11.718.406/0001-20";"ARACAJU";"SE";"23/01/2026";"05/03/2026";"486938";"FIO DE SUTURA AGULHADO, MATERIAL FIO:CATGUT SIMPLES, MODELO FIO:MULTIFILAMENTAR, DIÂMETRO FIO:5-0, COMPRIMENTO FIO:CERCA DE 70 CM, TIPO AGULHA:AGULHA 1/2 CÍRCULO, MODELO AGULHA:CILÍNDRICA, COMPRIMENTO AGULHA:CERCA DE 22 MM, ESTERILIDADE:ESTÉRIL, APRESENTAçãO:EMBALAGEM INDIVIDUAL";"UNIDADE";;;"Pregão";"ADMINISTRATIVA";;;"UNIDADE";"10.638.214/0001-41";"GM FARMA COMERCIAL LTDA";"02.400.787/0001-04";"A C E INDUSTRIA E COMERCIO LTDA";"187";"4.5";"841.5"
"2026";"FUNDO MUNICIPAL DE SAUDE";"MUNICIPAL";"11.718.406/0001-20";"ARACAJU";"SE";"23/01/2026";"25/02/2026";"436345";"NINTEDANIBE, COMPOSIÇÃO:SAL ESILATO, CONCENTRAÇÃO:150 MG";"CÁPSULA";"N";"1468201060061";"Pregão";"JUDICIAL";;;"CÁPSULA";"53.705.145/0001-54";"SIGGAMED DISTRIBUIDORA DE MEDICAMENTOS LTDA";"05.035.244/0001-23";"SUN FARMACEUTICA DO BRASIL LTDA";"720";"209.0";"150480.0"
"2026";"FUNDO MUNICIPAL DE SAUDE";"MUNICIPAL";"11.718.406/0001-20";"ARACAJU";"SE";"23/01/2026";"05/03/2026";"269941";"ÁLCOOL ETÍLICO, TIPO:HIDRATADO, TEOR ALCOÓLICO:70%_(70¿GL), APRESENTAÇÃO:LÍQUIDO";"FRASCO";;;"Pregão";"ADMINISTRATIVA";"1000.0";"ML";"FRASCO 1000.00 ML";"10.638.214/0001-41";"GM FARMA COMERCIAL LTDA";"09.327.149/0001-54";"SUCROQUIMICA INDUSTRIA COMERCIO LTDA";"22979";"6.08";"139712.32"
"2026";"FUNDO MUNICIPAL DE SAUDE";"MUNICIPAL";"11.718.406/0001-20";"ARACAJU";"SE";"23/01/2026";"25/02/2026";"291771";"ESCITALOPRAM OXALATO, DOSAGEM:20 MG";"COMPRIMIDO";;;"Pregão";"JUDICIAL";;;"COMPRIMIDO";"61.842.701/0001-62";"SEMPREMED COMERCIO ATACADISTA LTDA";"73.856.593/0001-66";"PRATI, DONADUZZI & CIA LTDA";"1080";"0.32";"345.6"
"2026";"FUNDO MUNICIPAL DE SAUDE";"MUNICIPAL";"11.718.406/0001-20";"ARACAJU";"SE";"23/01/2026";"05/03/2026";"486999";"FIO DE SUTURA AGULHADO, MATERIAL FIO:CATGUT CROMADO, MODELO FIO:MULTIFILAMENTAR, DIÂMETRO FIO:3-0, COMPRIMENTO FIO:CERCA DE 70 CM, TIPO AGULHA:AGULHA 1/2 CÍRCULO, MODELO AGULHA:CILÍNDRICA, COMPRIMENTO AGULHA:CERCA DE 26 MM, ESTERILIDADE:ESTÉRIL, APRESENTAçãO:EMBALAGEM INDIVIDUAL";"UNIDADE";;;"Pregão";"ADMINISTRATIVA";;;"UNIDADE";"10.638.214/0001-41";"GM FARMA COMERCIAL LTDA";"02.400.787/0001-04";"A C E INDUSTRIA E COMERCIO LTDA";"749";"4.05";"3033.45"
"2026";"SECRETARIA DE ESTADO DA SAUDE";"ESTADUAL";"76.416.866/0001-40";"CURITIBA";"PR";"23/01/2026";"19/02/2026";"393138";"EVEROLIMO, CONCENTRAÇÃO:5 MG";"COMPRIMIDO";"N";"1514300820019";"Pregão";"JUDICIAL";;;"COMPRIMIDO";"07.752.236/0008-08";"MEDILAR IMPORTACAO E DISTRIBUICAO DE PRODUTOS MEDICO HOSPITALARES S/A";"03.978.166/0001-75";"DR.REDDY'S FARMACEUTICA DO BRASIL LTDA";"2880";"43.1";"124128.0"
"2026";"FUNDO MUNICIPAL DE SAUDE";"MUNICIPAL";"11.718.406/0001-20";"ARACAJU";"SE";"23/01/2026";"05/03/2026";"487010";"FIO DE SUTURA AGULHADO, MATERIAL FIO:CATGUT CROMADO, MODELO FIO:MULTIFILAMENTAR, DIÂMETRO FIO:2-0, COMPRIMENTO FIO:CERCA DE 70 CM, TIPO AGULHA:AGULHA 1/2 CÍRCULO, MODELO AGULHA:CILÍNDRICA ROBUSTA, COMPRIMENTO AGULHA:CERCA DE 26 MM, ESTERILIDADE:ESTÉRIL, APRESENTAçãO:EMBALAGEM INDIVIDUAL";"UNIDADE";;;"Pregão";"ADMINISTRATIVA";;;"UNIDADE";"10.638.214/0001-41";"GM FARMA COMERCIAL LTDA";"02.400.787/0001-04";"A C E INDUSTRIA E COMERCIO LTDA";"374";"4.05";"1514.7"
"2026";"FUNDO MUNICIPAL DE SAUDE";"MUNICIPAL";"11.718.406/0001-20";"ARACAJU";"SE";"23/01/2026";"25/02/2026";"291770";"ESCITALOPRAM OXALATO, DOSAGEM:10 MG";"COMPRIMIDO";;;"Pregão";"JUDICIAL";;;"COMPRIMIDO";"61.842.701/0001-62";"SEMPREMED COMERCIO ATACADISTA LTDA";"73.856.593/0001-66";"PRATI, DONADUZZI & CIA LTDA";"720";"0.22";"158.4"
"2026";"FUNDO MUNICIPAL DE SAUDE";"MUNICIPAL";"11.718.406/0001-20";"ARACAJU";"SE";"23/01/2026";"05/03/2026";"395538";"RECIPIENTE NUTRIÇÃO ENTERAL, MATERIAL:PLÁSTICO TRANSPARENTE, CAPACIDADE:300 ML, COMPONENTES:COM TAMPA ROSQUEADA, ALÇA, ETIQUETA, BICO CONECTOR, GRADUAÇÃO:GRADUADO, ESTERILIDADE:NÃO ESTÉRIL, ATÓXICO, TIPO USO:DESCARTÁVEL, APRESENTAÇÃO:EMBALAGEM INDIVIDUAL";"UNIDADE";;;"Pregão";"ADMINISTRATIVA";;;"UNIDADE";"06.886.136/0001-27";"MEDCOM COMERCIO REPRESENTACOES E SERVICOS LTDA";"26.117.900/0001-07";"PREMA INDUSTRIA E COMERCIO DE PRODUTOS MEDICOS HOSPITALARES LTDA";"5772";"1.08";"6233.76"
"2026";"SECRETARIA DE ESTADO DA SAUDE";"ESTADUAL";"76.416.866/0001-40";"CURITIBA";"PR";"23/01/2026";"19/02/2026";"448657";"ETANERCEPTE, CONCENTRAÇAO:25 MG, FORMA FARMACEUTICA:PÓ LIÓFILO P/ INJETÁVEL + DILUENTE, CARACTERÍSTICAS ADICIONAIS:C/ CONJUNTO DE APLICAÇÃO";"CONJUNTO";"N";"1021602510021";"Pregão";"JUDICIAL";;;"CONJUNTO";"46.070.868/0036-99";"LABORATORIOS PFIZER LTDA";"46.070.868/0036-99";"LABORATORIOS PFIZER LTDA";"336";"862.98";"289961.28"
"2026";"FUNDO MUNICIPAL DE SAUDE";"MUNICIPAL";"11.718.406/0001-20";"ARACAJU";"SE";"23/01/2026";"05/03/2026";"486998";"FIO DE SUTURA AGULHADO, MATERIAL FIO:CATGUT CROMADO, MODELO FIO:MULTIFILAMENTAR, DIÂMETRO FIO:3-0, COMPRIMENTO FIO:CERCA DE 70 CM, TIPO AGULHA:AGULHA 1/2 CÍRCULO, MODELO AGULHA:CILÍNDRICA, COMPRIMENTO AGULHA:CERCA DE 22 MM, ESTERILIDADE:ESTÉRIL, APRESENTAçãO:EMBALAGEM INDIVIDUAL";"UNIDADE";;;"Pregão";"ADMINISTRATIVA";;;"UNIDADE";"10.638.214/0001-41";"GM FARMA COMERCIAL LTDA";"02.400.787/0001-04";"A C E INDUSTRIA E COMERCIO LTDA";"374";"4.05";"1514.7"
"2026";"FUNDO MUNICIPAL DE SAUDE";"MUNICIPAL";"11.718.406/0001-20";"ARACAJU";"SE";"23/01/2026";"25/02/2026";"374816";"TESTOSTERONA, COMPOSIÇÃO:SAL CIPIONATO, CONCENTRAÇÃO:100 MG/ML, FORMA FARMACÊUTICA:SOLUÇÃO INJETÁVEL";"AMPOLA";"N";"1356906000025";"Pregão";"JUDICIAL";"2.0";"ML";"AMPOLA 2.00 ML";"17.854.549/0001-46";"MAIS MED COMERCIO DE PRODUTOS HOSPITALAR LTDA";"00.923.140/0001-31";"EMS SIGMA PHARMA LTDA";"50";"67.0";"3350.0"
"2026";"FUNDO MUNICIPAL DE SAUDE";"MUNICIPAL";"11.718.406/0001-20";"ARACAJU";"SE";"23/01/2026";"25/02/2026";"272839";"RISPERIDONA, DOSAGEM:1 MG";"COMPRIMIDO";"S";"1256802690071";"Pregão";"JUDICIAL";;;"COMPRIMIDO";"00.895.119/0001-70";"SANFARMA COMERCIO DE MEDICAMENTOS LTDA";"73.856.593/0001-66";"PRATI, DONADUZZI & CIA LTDA";"900";"0.16";"144.0"
"2026";"FUNDO MUNICIPAL DE SAUDE";"MUNICIPAL";"11.718.406/0001-20";"ARACAJU";"SE";"23/01/2026";"25/02/2026";"284101";"ARIPIPRAZOL, CONCENTRAÇÃO:15 MG";"COMPRIMIDO";"S";"1023514110079";"Pregão";"JUDICIAL";;;"COMPRIMIDO";"17.854.549/0001-46";"MAIS MED COMERCIO DE PRODUTOS HOSPITALAR LTDA";"57.507.378/0003-65";"EMS S/A";"3600";"0.52";"1872.0"
"2026";"FUNDO MUNICIPAL DE SAUDE";"MUNICIPAL";"11.718.406/0001-20";"ARACAJU";"SE";"23/01/2026";"25/02/2026";"412091";"RIVAROXABANA, CONCENTRAÇÃO:20 MG";"COMPRIMIDO";"S";"1558406090075";"Pregão";"JUDICIAL";;;"COMPRIMIDO";"00.895.119/0001-70";"SANFARMA COMERCIO DE MEDICAMENTOS LTDA";"05.161.069/0001-10";"BRAINFARMA INDUSTRIA QUIMICA E FARMACEUTICA S.A.";"500";"0.53";"265.0"
"2026";"FUNDO MUNICIPAL DE SAUDE";"MUNICIPAL";"11.718.406/0001-20";"ARACAJU";"SE";"23/01/2026";"25/02/2026";"452935";"EXTRATO MEDICINAL, PRINCÍPIO ATIVO:ÓLEO DE CANABIDIOL, CONCENTRAÇÃO:200 MG/ML, FORMA FARMACÊUTICA:SOLUÇÃO ORAL";"FRASCO";;;"Pregão";"JUDICIAL";"30.0";"ML";"FRASCO 30.00 ML";"45.107.793/0001-80";"PHOENIX DISTRIBUIDORA E IMPORTADORA DE PRODUTOS FARMACEUTICOS E CORRELATOS LTDA";"33.349.473/0001-58";"FARMOQUIMICA S A";"20";"612.0";"12240.0"
"2026";"FUNDO MUNICIPAL DE SAUDE";"MUNICIPAL";"11.718.406/0001-20";"ARACAJU";"SE";"23/01/2026";"25/02/2026";"437080";"RIOCIGUATE, CONCENTRAÇÃO:2,5 MG";"COMPRIMIDO";"N";"1705601070098";"Pregão";"JUDICIAL";;;"COMPRIMIDO";"04.307.650/0012-98";"ONCO PROD DISTRIBUIDORA DE PRODUTOS HOSPITALARES E ONCOLOGICOS LTDA.";"18.459.628/0001-15";"BAYER S.A.";"499";"203.55";"101571.45"
"2026";"FUNDO MUNICIPAL DE SAUDE";"MUNICIPAL";"11.718.406/0001-20";"ARACAJU";"SE";"23/01/2026";"25/02/2026";"482287";"DEXTROCETAMINA, CONCENTRAÇÃO:140 MG/ML, FORMA FARMACÊUTICA:SOLUÇÃO NASAL SPRAY, ADICIONAL:COM SISTEMA DE APLICAÇÃO";"FRASCO";"N";"1123634350014";"Pregão";"JUDICIAL";"0.2";"ML";"FRASCO 0.20 ML";"04.307.650/0012-98";"ONCO PROD DISTRIBUIDORA DE PRODUTOS HOSPITALARES E ONCOLOGICOS LTDA.";"51.780.468/0001-87";"JANSSEN-CILAG FARMACEUTICA LTDA";"170";"1552.67";"263953.9"
"2026";"FUNDO MUNICIPAL DE SAUDE";"MUNICIPAL";"11.718.406/0001-20";"ARACAJU";"SE";"23/01/2026";"25/02/2026";"436769";"VORTIOXETINA, COMPOSIÇÃO:SAL BROMIDRATO, CONCENTRAÇÃO:10 MG";"COMPRIMIDO";"N";"1047500520056";"Pregão";"JUDICIAL";;;"COMPRIMIDO";"20.918.668/0001-20";"MEDICINALI PRODUTOS PARA SAUDE LTDA";"04.522.600/0001-70";"LUNDBECK BRASIL LTDA";"500";"12.87";"6435.0"
"2026";"FUNDO MUNICIPAL DE SAUDE";"MUNICIPAL";"11.718.406/0001-20";"ARACAJU";"SE";"23/01/2026";"25/02/2026";"269962";"DOMPERIDONA, DOSAGEM:10 MG";"COMPRIMIDO";"S";"1023509990058";"Pregão";"JUDICIAL";;;"COMPRIMIDO";"00.895.119/0001-70";"SANFARMA COMERCIO DE MEDICAMENTOS LTDA";"57.507.378/0003-65";"EMS S/A";"540";"0.26";"140.4"
"2026";"FUNDO MUNICIPAL DE SAUDE";"MUNICIPAL";"11.718.406/0001-20";"ARACAJU";"SE";"23/01/2026";"25/02/2026";"272850";"TOPIRAMATO, DOSAGEM:50 MG";"COMPRIMIDO";"S";"1023507530246";"Pregão";"JUDICIAL";;;"COMPRIMIDO";"00.895.119/0001-70";"SANFARMA COMERCIO DE MEDICAMENTOS LTDA";"57.507.378/0003-65";"EMS S/A";"1800";"0.77";"1386.0"
"2026";"FUNDO MUNICIPAL DE SAUDE";"MUNICIPAL";"11.718.406/0001-20";"ARACAJU";"SE";"23/01/2026";"25/02/2026";"448579";"MICOFENOLATO, COMPOSIÇÃO:MOFETILA, CONCENTRAÇÃO:500 MG";"COMPRIMIDO";"S";"1023508650059";"Pregão";"JUDICIAL";;;"COMPRIMIDO";"17.854.549/0001-46";"MAIS MED COMERCIO DE PRODUTOS HOSPITALAR LTDA";"57.507.378/0003-65";"EMS S/A";"3000";"6.3";"18900.0"
"2026";"FUNDO MUNICIPAL DE SAUDE";"MUNICIPAL";"11.718.406/0001-20";"ARACAJU";"SE";"23/01/2026";"25/02/2026";"400563";"USTEQUINUMABE, CONCENTRAÇÃO:90 MG/ML, FORMA FARMACÊUTICA:SOLUÇÃO INJETÁVEL";"SERINGA";"N";"1123633940047";"Pregão";"JUDICIAL";"1.0";"ML";"SERINGA 1.00 ML";"38.823.439/0001-97";"VITALEEP DISTRIBUIDORA DE MEDICAMENTOS IMPORTADOS LTDA";"51.780.468/0001-87";"JANSSEN-CILAG FARMACEUTICA LTDA";"30";"32795.6";"983868.0"
"2026";"SECRETARIA DE ESTADO DA SAUDE";"ESTADUAL";"76.416.866/0001-40";"CURITIBA";"PR";"23/01/2026";"19/02/2026";"608079";"FINERENONA, 10 MG";"COMPRIMIDO";"N";"1705601290020";"Pregão";"JUDICIAL";;;"COMPRIMIDO";"13.485.130/0001-03";"PHARMA LOG PRODUTOS FARMACEUTICOS LTDA";"18.459.628/0001-15";"BAYER S.A.";"4320";"3.72";"16070.4"
"2026";"FUNDO MUNICIPAL DE SAUDE";"MUNICIPAL";"11.718.406/0001-20";"ARACAJU";"SE";"23/01/2026";"25/02/2026";"480012";"NIRAPARIBE, CONCENTRAÇÃO:100 MG";"CÁPSULA";"N";"1010703490020";"Pregão";"JUDICIAL";;;"CÁPSULA";"08.958.628/0002-97";"ONCOEXO DISTRIBUIDORA DE MEDICAMENTOS LTDA";"33.247.743/0001-10";"GLAXOSMITHKLINE BRASIL LTDA";"1142";"351.97";"401949.74"
"2026";"FUNDO MUNICIPAL DE SAUDE";"MUNICIPAL";"11.718.406/0001-20";"ARACAJU";"SE";"23/01/2026";"25/02/2026";"405898";"DESVENLAFAXINA, COMPOSIÇÃO:SAL SUCCINATO, CONCENTRAÇÃO:50 MG, FORMA FARMACÊUTICA:LIBERAÇÃO CONTROLADA";"COMPRIMIDO";"S";"1037007730017";"Pregão";"JUDICIAL";;;"COMPRIMIDO";"00.895.119/0001-70";"SANFARMA COMERCIO DE MEDICAMENTOS LTDA";"17.159.229/0001-76";"LABORATORIO TEUTO BRASILEIRO S/A";"360";"1.3";"468.0"
"2026";"FUNDO MUNICIPAL DE SAUDE";"MUNICIPAL";"11.718.406/0001-20";"ARACAJU";"SE";"23/01/2026";"25/02/2026";"272832";"QUETIAPINA, DOSAGEM:100 MG";"COMPRIMIDO";"S";"1097403170085";"Pregão";"JUDICIAL";;;"COMPRIMIDO";"00.895.119/0001-70";"SANFARMA COMERCIO DE MEDICAMENTOS LTDA";"49.475.833/0001-06";"BIOLAB SANUS FARMACEUTICA LTDA";"300";"1.15";"345.0"
"2026";"SECRETARIA DE ESTADO DA SAUDE";"ESTADUAL";"76.416.866/0001-40";"CURITIBA";"PR";"23/01/2026";"19/02/2026";"623795";"BIMEQUIZUMABE, CONCENTRA&#199;&#195;O: 160 MG/ML, FORMA FARMAC&#202;UTICA: SOLU&#199;&#195;O INJET&#193;VEL, ADICIONAL: SERINGA PREENCHIDA C/ CANETA APLICADORA";"SERINGA";"N";"1236100950042";"Pregão";"JUDICIAL";"1.0";"ML";"SERINGA 1.00 ML";"13.485.130/0001-03";"PHARMA LOG PRODUTOS FARMACEUTICOS LTDA";"64.711.500/0001-14";"UCB BIOPHARMA LTDA.";"96";"3846.89";"369301.44"
"2026";"FUNDO MUNICIPAL DE SAUDE";"MUNICIPAL";"11.718.406/0001-20";"ARACAJU";"SE";"23/01/2026";"25/02/2026";"404346";"INDACATEROL MALEATO, CONCENTRAÇÃO:150 MCG, FORMA FARMACÊUTICA:CÁPSULA PÓ INALANTE, CARACTERÍSTICA ADICIONAL:COM INALADOR";"CÁPSULA";"N";"1006810730027";"Pregão";"JUDICIAL";;;"CÁPSULA";"20.918.668/0001-20";"MEDICINALI PRODUTOS PARA SAUDE LTDA";"56.994.502/0001-30";"NOVARTIS BIOCIENCIAS SA";"360";"6.56";"2361.6"
"2026";"SECRETARIA DE ESTADO DA SAUDE";"ESTADUAL";"76.416.866/0001-40";"CURITIBA";"PR";"23/01/2026";"19/02/2026";"383436";"AZACITIDINA, CONCENTRAÇÃO:100 MG, FORMA FARMACÊUTICA:PÓ LIÓFILO P/ INJETÁVEL";"FRASCO-AMPOLA";"N";"1514300460012";"Pregão";"JUDICIAL";;;"FRASCO-AMPOLA";"07.752.236/0008-08";"MEDILAR IMPORTACAO E DISTRIBUICAO DE PRODUTOS MEDICO HOSPITALARES S/A";"03.978.166/0001-75";"DR.REDDY'S FARMACEUTICA DO BRASIL LTDA";"3792";"119.98";"454964.16"
"2026";"FUNDO MUNICIPAL DE SAUDE";"MUNICIPAL";"11.718.406/0001-20";"ARACAJU";"SE";"23/01/2026";"25/02/2026";"276657";"METOPROLOL, PRINCÍPIO ATIVO:SAL SUCCINATO, DOSAGEM:50 MG, APRESENTAÇÃO:LIBERAÇÃO CONTROLADA";"COMPRIMIDO";"S";"1438102800136";"Pregão";"JUDICIAL";;;"COMPRIMIDO";"00.895.119/0001-70";"SANFARMA COMERCIO DE MEDICAMENTOS LTDA";"02.814.497/0001-07";"CIMED INDUSTRIA S.A.";"360";"0.79";"284.4"
"2026";"SECRETARIA DE ESTADO DA SAUDE";"ESTADUAL";"76.416.866/0001-40";"CURITIBA";"PR";"23/01/2026";"19/02/2026";"612053";"BELZUTIFANO, 40 MG";"COMPRIMIDO";"N";"1017102340013";"Pregão";"JUDICIAL";;;"COMPRIMIDO";"12.420.164/0021-09";"CM HOSPITALAR S.A.";"03.560.974/0001-18";"MERCK SHARP & DOHME FARMACEUTICA LTDA.";"4320";"943.91";"4077691.2"
"2026";"FUNDO MUNICIPAL DE SAUDE";"MUNICIPAL";"11.718.406/0001-20";"ARACAJU";"SE";"23/01/2026";"25/02/2026";"452740";"OMALIZUMABE, CONCENTRAÇÃO:150 MG, FORMA FARMACÊUTICA:INJETÁVEL";"FRASCO-AMPOLA";"N";"1006809830013";"Pregão";"JUDICIAL";;;"FRASCO-AMPOLA";"38.823.439/0001-97";"VITALEEP DISTRIBUIDORA DE MEDICAMENTOS IMPORTADOS LTDA";"56.994.502/0001-30";"NOVARTIS BIOCIENCIAS SA";"20";"3896.87";"77937.4"
"2026";"FUNDO MUNICIPAL DE SAUDE";"MUNICIPAL";"11.718.406/0001-20";"ARACAJU";"SE";"23/01/2026";"25/02/2026";"353813";"MIRTAZAPINA, CONCENTRAÇÃO:15 MG, FORMA FARMACÊUTICA:ORODISPERSÍVEL";"COMPRIMIDO";"S";"1058309440014";"Pregão";"JUDICIAL";;;"COMPRIMIDO";"00.895.119/0001-70";"SANFARMA COMERCIO DE MEDICAMENTOS LTDA";"45.992.062/0001-65";"GERMED FARMACEUTICA LTDA";"360";"1.78";"640.8"
"2026";"FUNDO MUNICIPAL DE SAUDE";"MUNICIPAL";"11.718.406/0001-20";"ARACAJU";"SE";"23/01/2026";"25/02/2026";"268149";"RISPERIDONA, DOSAGEM:2 MG";"COMPRIMIDO";"S";"1256802690177";"Pregão";"JUDICIAL";;;"COMPRIMIDO";"00.895.119/0001-70";"SANFARMA COMERCIO DE MEDICAMENTOS LTDA";"73.856.593/0001-66";"PRATI, DONADUZZI & CIA LTDA";"900";"0.17";"153.0"
"2026";"SECRETARIA DE ESTADO DA SAUDE";"ESTADUAL";"76.416.866/0001-40";"CURITIBA";"PR";"23/01/2026";"19/02/2026";"412031";"DASATINIBE, CONCENTRAÇÃO:100 MG";"COMPRIMIDO";"N";"1514300620079";"Pregão";"JUDICIAL";;;"COMPRIMIDO";"07.752.236/0008-08";"MEDILAR IMPORTACAO E DISTRIBUICAO DE PRODUTOS MEDICO HOSPITALARES S/A";"03.978.166/0001-75";"DR.REDDY'S FARMACEUTICA DO BRASIL LTDA";"2880";"119.99";"345571.2"
"2026";"FUNDO MUNICIPAL DE SAUDE";"MUNICIPAL";"11.718.406/0001-20";"ARACAJU";"SE";"23/01/2026";"25/02/2026";"331223";"TERIPARATIDA, CONCENTRAÇÃO:250 MCG/ML, FORMA FARMACÊUTICA:SOLUÇÃO INJETÁVEL, CARACTERÍSTICAS ADICIONAIS:COM SISTEMA DE APLICAÇÃO";"TUBETE";"N";"1126000790023";"Pregão";"JUDICIAL";"2.4";"ML";"TUBETE 2.40 ML";"56.982.062/0001-09";"GIRASSOL REPRESENTACOES DE MEDICAMENTOS E PRODUTOS HOSPITALARES LTDA";"43.940.618/0001-44";"ELI LILLY DO BRASIL LTDA";"6";"3720.0";"22320.0"
"2026";"SECRETARIA DE ESTADO DA SAUDE";"ESTADUAL";"76.416.866/0001-40";"CURITIBA";"PR";"23/01/2026";"19/02/2026";"367664";"NATALIZUMABE, CONCENTRAÇÃO:20 MG/ML, FORMA FARMACÊUTICA:SOLUÇÃO INJETÁVEL";"FRASCO";"N";"1699300020018";"Pregão";"JUDICIAL";"15.0";"ML";"FRASCO 15.00 ML";"04.307.650/0025-02";"ONCO PROD DISTRIBUIDORA DE PRODUTOS HOSPITALARES E ONCOLOGICOS LTDA.";"07.986.222/0001-74";"BIOGEN BRASIL PRODUTOS FARMACEUTICOS LTDA";"72";"4942.93";"355890.96"
"2026";"FUNDO MUNICIPAL DE SAUDE";"MUNICIPAL";"11.718.406/0001-20";"ARACAJU";"SE";"23/01/2026";"25/02/2026";"272831";"QUETIAPINA, DOSAGEM:25 MG";"COMPRIMIDO";"S";"1542302040040";"Pregão";"JUDICIAL";;;"COMPRIMIDO";"00.895.119/0001-70";"SANFARMA COMERCIO DE MEDICAMENTOS LTDA";"03.485.572/0001-04";"GEOLAB INDUSTRIA FARMACEUTICA S/A";"150";"0.31";"46.5"
"2026";"SECRETARIA DE ESTADO DA SAUDE";"ESTADUAL";"76.416.866/0001-40";"CURITIBA";"PR";"23/01/2026";"19/02/2026";"350613";"IMIQUIMODE, CONCENTRAÇÃO:50 MG/G, FORMA FARMACÊUTICA:CREME";"SACHÊ";"N";"1039001760026";"Pregão";"JUDICIAL";"0.25";"G";"SACHÊ 0.25 G";"81.706.251/0001-98";"PROMEFARMA MEDICAMENTOS E PRODUTOS HOSPITALARES LTDA";"33.349.473/0001-58";"FARMOQUIMICA S A";"1536";"10.5";"16128.0"
"2026";"FUNDO MUNICIPAL DE SAUDE";"MUNICIPAL";"11.718.406/0001-20";"ARACAJU";"SE";"23/01/2026";"25/02/2026";"452740";"OMALIZUMABE, CONCENTRAÇÃO:150 MG, FORMA FARMACÊUTICA:INJETÁVEL";"SERINGA";"N";"1006809830031";"Pregão";"JUDICIAL";"1.0";"ML";"SERINGA 1.00 ML";"04.307.650/0012-98";"ONCO PROD DISTRIBUIDORA DE PRODUTOS HOSPITALARES E ONCOLOGICOS LTDA.";"56.994.502/0001-30";"NOVARTIS BIOCIENCIAS SA";"110";"699.76";"76973.6"
"2026";"FUNDO MUNICIPAL DE SAUDE";"MUNICIPAL";"11.718.406/0001-20";"ARACAJU";"SE";"23/01/2026";"25/02/2026";"272809";"LAMOTRIGINA, DOSAGEM:100 MG";"COMPRIMIDO";"S";"1037005470026";"Pregão";"JUDICIAL";;;"COMPRIMIDO";"00.895.119/0001-70";"SANFARMA COMERCIO DE MEDICAMENTOS LTDA";"17.159.229/0001-76";"LABORATORIO TEUTO BRASILEIRO S/A";"720";"0.45";"324.0"
"2026";"FUNDO MUNICIPAL DE SAUDE";"MUNICIPAL";"11.718.406/0001-20";"ARACAJU";"SE";"23/01/2026";"25/02/2026";"448577";"MICOFENOLATO, COMPOSIÇÃO:DE SÓDIO, CONCENTRAÇÃO:360 MG";"COMPRIMIDO";"S";"1023511310141";"Pregão";"JUDICIAL";;;"COMPRIMIDO";"17.854.549/0001-46";"MAIS MED COMERCIO DE PRODUTOS HOSPITALAR LTDA";"57.507.378/0003-65";"EMS S/A";"1200";"7.8";"9360.0"
"2026";"SECRETARIA DE ESTADO DA SAUDE";"ESTADUAL";"76.416.866/0001-40";"CURITIBA";"PR";"23/01/2026";"19/02/2026";"418793";"VEMURAFENIBE, CONCENTRAÇAO:240 MG";"COMPRIMIDO";"N";"1010006560019";"Pregão";"JUDICIAL";;;"COMPRIMIDO";"33.009.945/0002-04";"PRODUTOS ROCHE QUIMICOS E FARMACEUTICOS S A";"33.009.945/0001-23";"PRODUTOS ROCHE QUIMICOS E FARMACEUTICOS S A";"23040";"160.45";"3696768.0"
"2026";"SECRETARIA DE ESTADO DA SAUDE";"ESTADUAL";"76.416.866/0001-40";"CURITIBA";"PR";"23/01/2026";"19/02/2026";"427409";"EVEROLIMO, CONCENTRAÇÃO:2,5 MG";"COMPRIMIDO";"N";"1006810650031";"Pregão";"JUDICIAL";;;"COMPRIMIDO";"12.420.164/0021-09";"CM HOSPITALAR S.A.";"56.994.502/0001-30";"NOVARTIS BIOCIENCIAS SA";"1440";"98.75";"142200.0"
"2026";"SECRETARIA DE ESTADO DA SAUDE";"ESTADUAL";"76.416.866/0001-40";"CURITIBA";"PR";"23/01/2026";"19/02/2026";"464681";"CABOZANTINIBE, COMPOSIÇÃO:LEVOMALATO, CONCENTRAÇÃO:40 MG";"COMPRIMIDO";"N";"1697700040028";"Pregão";"JUDICIAL";;;"COMPRIMIDO";"12.420.164/0021-09";"CM HOSPITALAR S.A.";"07.718.721/0001-80";"BEAUFOUR IPSEN FARMACEUTICA LTDA.";"720";"1163.23";"837525.6"
"2026";"SECRETARIA DE ESTADO DA SAUDE";"ESTADUAL";"76.416.866/0001-40";"CURITIBA";"PR";"23/01/2026";"19/02/2026";"417811";"TAFAMIDIS, CONCENTRAÇÃO:20 MG";"CÁPSULA";"N";"1211004620031";"Pregão";"JUDICIAL";;;"CÁPSULA";"61.072.393/0039-06";"PFIZER BRASIL LTDA";"61.072.393/0001-33";"PFIZER BRASIL LTDA";"37440";"840.13";"31454467.2"
"2026";"FUNDO MUNICIPAL DE SAUDE";"MUNICIPAL";"11.718.406/0001-20";"ARACAJU";"SE";"23/01/2026";"25/02/2026";"405899";"DESVENLAFAXINA, COMPOSIÇÃO:SAL SUCCINATO, CONCENTRAÇÃO:100 MG, FORMA FARMACÊUTICA:LIBERAÇÃO CONTROLADA";"COMPRIMIDO";"S";"1057306430095";"Pregão";"JUDICIAL";;;"COMPRIMIDO";"00.895.119/0001-70";"SANFARMA COMERCIO DE MEDICAMENTOS LTDA";"60.659.463/0029-92";"ACHE LABORATORIOS FARMACEUTICOS SA";"360";"1.41";"507.6"
"2026";"FUNDO MUNICIPAL DE SAUDE";"MUNICIPAL";"11.718.406/0001-20";"ARACAJU";"SE";"23/01/2026";"25/02/2026";"412776";"ABIRATERONA  ACETATO, CONCENTRAÇÃO:250 MG";"COMPRIMIDO";"S";"1468200680013";"Pregão";"JUDICIAL";;;"COMPRIMIDO";"53.705.145/0001-54";"SIGGAMED DISTRIBUIDORA DE MEDICAMENTOS LTDA";"05.035.244/0001-23";"SUN FARMACEUTICA DO BRASIL LTDA";"2500";"10.31";"25775.0"
"2026";"SECRETARIA DE ESTADO DA SAUDE";"ESTADUAL";"76.416.866/0001-40";"CURITIBA";"PR";"23/01/2026";"19/02/2026";"621120";"RITLECITINIBE, 50 MG";"CÁPSULA";"N";"1211004970016";"Pregão";"JUDICIAL";;;"CÁPSULA";"61.072.393/0039-06";"PFIZER BRASIL LTDA";"61.072.393/0001-33";"PFIZER BRASIL LTDA";"9360";"159.41";"1492077.6"
"2026";"FUNDO MUNICIPAL DE SAUDE";"MUNICIPAL";"11.718.406/0001-20";"ARACAJU";"SE";"23/01/2026";"25/02/2026";"364781";"ARIPIPRAZOL, CONCENTRAÇÃO:20 MG";"COMPRIMIDO";"S";"1564900070068";"Pregão";"JUDICIAL";;;"COMPRIMIDO";"17.854.549/0001-46";"MAIS MED COMERCIO DE PRODUTOS HOSPITALAR LTDA";"05.399.786/0001-85";"UNICHEM FARMACEUTICA DO BRASIL LTDA.";"2400";"4.7";"11280.0"
"2026";"FUNDO MUNICIPAL DE SAUDE";"MUNICIPAL";"11.718.406/0001-20";"ARACAJU";"SE";"23/01/2026";"25/02/2026";"331389";"SITAGLIPTINA, COMPOSIÇÃO:SAL FOSFATO, CONCENTRAÇÃO:100 MG";"COMPRIMIDO";;;"Pregão";"JUDICIAL";;;"COMPRIMIDO";"00.895.119/0001-70";"SANFARMA COMERCIO DE MEDICAMENTOS LTDA";"61.286.647/0001-16";"SANDOZ DO BRASIL INDUSTRIA FARMACEUTICA LTDA.";"392";"2.67";"1046.64"
"2026";"FUNDO MUNICIPAL DE SAUDE";"MUNICIPAL";"11.718.406/0001-20";"ARACAJU";"SE";"23/01/2026";"25/02/2026";"452624";"LURASIDONA, CONCENTRAÇÃO:20 MG";"COMPRIMIDO";"N";"1045401870117";"Pregão";"JUDICIAL";;;"COMPRIMIDO";"20.918.668/0001-20";"MEDICINALI PRODUTOS PARA SAUDE LTDA";"60.874.187/0001-84";"DAIICHI SANKYO BRASIL FARMACEUTICA LTDA.";"1080";"7.64";"8251.2"
"2026";"FUNDO MUNICIPAL DE SAUDE";"MUNICIPAL";"11.718.406/0001-20";"ARACAJU";"SE";"23/01/2026";"25/02/2026";"430404";"IBRUTINIBE, CONCENTRAÇÃO:140 MG";"COMPRIMIDO";"N";"1123634390016";"Pregão";"JUDICIAL";;;"COMPRIMIDO";"04.307.650/0012-98";"ONCO PROD DISTRIBUIDORA DE PRODUTOS HOSPITALARES E ONCOLOGICOS LTDA.";"51.780.468/0001-87";"JANSSEN-CILAG FARMACEUTICA LTDA";"918";"375.5";"344709.0"
"2026";"FUNDO MUNICIPAL DE SAUDE";"MUNICIPAL";"11.718.406/0001-20";"ARACAJU";"SE";"23/01/2026";"25/02/2026";"364780";"ARIPIPRAZOL, CONCENTRAÇÃO:10 MG";"COMPRIMIDO";"S";"1023514110028";"Pregão";"JUDICIAL";;;"COMPRIMIDO";"17.854.549/0001-46";"MAIS MED COMERCIO DE PRODUTOS HOSPITALAR LTDA";"57.507.378/0003-65";"EMS S/A";"3600";"0.53";"1908.0"
"2026";"FUNDO MUNICIPAL DE SAUDE - SALGADINHO - PB";"MUNICIPAL";"11.321.779/0001-63";"SALGADINHO";"PB";"26/01/2026";"09/02/2026";"331555";"CEFALEXINA, DOSAGEM:50 MG/ML, FORMA FARMACÊUTICA:PÓ P/ SUSPENSÃO ORAL";"FRASCO";"S";"1556200220058";"Pregão";"ADMINISTRATIVA";"60.0";"ML";"FRASCO 60.00 ML";"26.156.923/0001-20";"EXPRESS DISTRIBUIDORA DE MEDICAMENTOS LTDA";"05.439.635/0001-03";"ANTIBIOTICOS DO BRASIL LTDA.";"60";"6.98";"418.8"
"2026";"FUNDO MUNICIPAL DE SAUDE DE FARO";"MUNICIPAL";"12.403.819/0001-89";"FARO";"PA";"26/01/2026";"27/02/2026";"267652";"ENALAPRIL MALEATO, DOSAGEM:20 MG";"COMPRIMIDO";"S";"1134301900023";"Registro de Preços";"ADMINISTRATIVA";;;"COMPRIMIDO";"16.647.278/0001-95";"PARAMED DISTRIBUIDORA DE MEDICAMENTOS LTDA";"19.570.720/0001-10";"HIPOLABOR FARMACEUTICA LTDA";"3000";"0.045";"135.0"
"2026";"SECRETARIA DE ESTADO DA SAUDE";"ESTADUAL";"76.416.866/0001-40";"CURITIBA";"PR";"26/01/2026";"30/01/2026";"407328";"LISDEXANFETAMINA DIMESILATO, CONCENTRAÇÃO:30 MG";"CÁPSULA";"S";"1004315150015";"Pregão";"JUDICIAL";;;"CÁPSULA";"61.190.096/0016-79";"EUROFARMA LABORATORIOS S.A.";"61.190.096/0001-92";"EUROFARMA LABORATORIOS S.A.";"77760";"2.95";"229392.0"
"2026";"FUNDO MUNICIPAL DE SAUDE DE FARO";"MUNICIPAL";"12.403.819/0001-89";"FARO";"PA";"26/01/2026";"27/02/2026";"270119";"CLONAZEPAM, DOSAGEM:2 MG";"COMPRIMIDO";"N";"1542301750214";"Registro de Preços";"ADMINISTRATIVA";;;"COMPRIMIDO";"16.647.278/0001-95";"PARAMED DISTRIBUIDORA DE MEDICAMENTOS LTDA";"03.485.572/0001-04";"GEOLAB INDUSTRIA FARMACEUTICA S/A";"960";"0.12";"115.2"
"2026";"FUNDO MUNICIPAL DE SAUDE - SALGADINHO - PB";"MUNICIPAL";"11.321.779/0001-63";"SALGADINHO";"PB";"26/01/2026";"09/02/2026";"271089";"AMOXICILINA, CONCENTRAÇÃO:500MG";"CÁPSULA";"S";"1564900030066";"Pregão";"ADMINISTRATIVA";;;"CÁPSULA";"26.156.923/0001-20";"EXPRESS DISTRIBUIDORA DE MEDICAMENTOS LTDA";"05.399.786/0001-85";"UNICHEM FARMACEUTICA DO BRASIL LTDA.";"500";"0.28";"140.0"
"2026";"FUNDO MUNICIPAL DE SAUDE DE FARO";"MUNICIPAL";"12.403.819/0001-89";"FARO";"PA";"26/01/2026";"27/02/2026";"267502";"ÁCIDO ACETILSALICÍLICO, DOSAGEM:100 MG";"COMPRIMIDO";"N";"1425900060081";"Registro de Preços";"ADMINISTRATIVA";;;"COMPRIMIDO";"16.647.278/0001-95";"PARAMED DISTRIBUIDORA DE MEDICAMENTOS LTDA";"08.055.634/0001-53";"IMEC-INDUSTRIA DE MEDICAMENTOS CUSTODIA LTDA";"10000";"0.03";"300.0"
"2026";"FUNDO MUNICIPAL DE SAUDE - SALGADINHO - PB";"MUNICIPAL";"11.321.779/0001-63";"SALGADINHO";"PB";"26/01/2026";"09/02/2026";"267205";"DIPIRONA SÓDICA, DOSAGEM:500 MG/ML, APRESENTAÇÃO:SOLUÇÃO ORAL (GOTAS)";"FRASCO";"N";"1384100020051";"Pregão";"ADMINISTRATIVA";"10.0";"ML";"FRASCO 10.00 ML";"31.187.918/0001-15";"ALLFAMED COMERCIO ATACADISTA DE MEDICAMENTOS LTDA";"02.456.955/0001-83";"NATULAB LABORATORIO S.A";"400";"1.28";"512.0"
"2026";"FUNDO MUNICIPAL DE SAUDE DE FARO";"MUNICIPAL";"12.403.819/0001-89";"FARO";"PA";"26/01/2026";"27/02/2026";"267635";"CLORPROMAZINA, DOSAGEM:25 MG";"COMPRIMIDO";"N";"1029802260229";"Registro de Preços";"ADMINISTRATIVA";;;"COMPRIMIDO";"16.647.278/0001-95";"PARAMED DISTRIBUIDORA DE MEDICAMENTOS LTDA";"44.734.671/0001-51";"CRISTALIA PRODUTOS QUIMICOS FARMACEUTICOS LTDA";"600";"0.21";"126.0"
"2026";"FUNDO MUNICIPAL DE SAUDE - SALGADINHO - PB";"MUNICIPAL";"11.321.779/0001-63";"SALGADINHO";"PB";"26/01/2026";"09/02/2026";"270558";"ACETILCISTEÍNA, DOSAGEM:20 MG/ML, INDICAÇÃO:XAROPE";"FRASCO";"N";"1542301400078";"Pregão";"ADMINISTRATIVA";"120.0";"ML";"FRASCO 120.00 ML";"26.156.923/0001-20";"EXPRESS DISTRIBUIDORA DE MEDICAMENTOS LTDA";"03.485.572/0001-04";"GEOLAB INDUSTRIA FARMACEUTICA S/A";"20";"4.58";"91.6"
"2026";"FUNDO MUNICIPAL DE SAUDE DE FARO";"MUNICIPAL";"12.403.819/0001-89";"FARO";"PA";"26/01/2026";"27/02/2026";"267650";"ENALAPRIL MALEATO, DOSAGEM:5 MG";"COMPRIMIDO";"S";"1048100980244";"Registro de Preços";"ADMINISTRATIVA";;;"COMPRIMIDO";"16.647.278/0001-95";"PARAMED DISTRIBUIDORA DE MEDICAMENTOS LTDA";"48.113.906/0001-49";"1FARMA INDUSTRIA FARMACEUTICA LTDA";"2000";"0.09";"180.0"
"2026";"FUNDO MUNICIPAL DE SAUDE - SALGADINHO - PB";"MUNICIPAL";"11.321.779/0001-63";"SALGADINHO";"PB";"26/01/2026";"09/02/2026";"449185";"BETAMETASONA, COMPOSIÇÃO:DIPROPIONATO, ASSOCIADA AO CETOCONAZOL E NEOMICINA, CONCENTRAÇÃO:0,5 MG/G + 20 MG/G + 1,5 MG/G, FORMA FARMACEUTICA:CREME";"BISNAGA";"N";"1057101530012";"Pregão";"ADMINISTRATIVA";"30.0";"G";"BISNAGA 30.00 G";"31.187.918/0001-15";"ALLFAMED COMERCIO ATACADISTA DE MEDICAMENTOS LTDA";"18.324.343/0001-77";"BELFAR LTDA";"10";"4.47";"44.7"
"2026";"FUNDO MUNICIPAL DE SAUDE DE FARO";"MUNICIPAL";"12.403.819/0001-89";"FARO";"PA";"26/01/2026";"27/02/2026";"415576";"FILME RADIOLÓGICO, TIPO:RAIO-X, DIMENSÕES:24 X 30 CM";"CAIXA";;;"Registro de Preços";"ADMINISTRATIVA";"100.0";"UN";"CAIXA 100.00 UN";"16.647.278/0001-95";"PARAMED DISTRIBUIDORA DE MEDICAMENTOS LTDA";"60.397.874/0001-56";"FUJIFILM DO BRASIL LTDA.";"3";"150.0";"450.0"
"2026";"FUNDO MUNICIPAL DE SAUDE - SALGADINHO - PB";"MUNICIPAL";"11.321.779/0001-63";"SALGADINHO";"PB";"26/01/2026";"09/02/2026";"268499";"METRONIDAZOL, DOSAGEM:400 MG";"COMPRIMIDO";"N";"1677301810054";"Pregão";"ADMINISTRATIVA";;;"COMPRIMIDO";"31.187.918/0001-15";"ALLFAMED COMERCIO ATACADISTA DE MEDICAMENTOS LTDA";"05.044.984/0001-26";"LEGRAND PHARMA INDUSTRIA FARMACEUTICA LTDA";"100";"0.32";"32.0"
"2026";"FUNDO MUNICIPAL DE SAUDE DE FARO";"MUNICIPAL";"12.403.819/0001-89";"FARO";"PA";"26/01/2026";"27/02/2026";"267747";"SINVASTATINA, DOSAGEM:20 MG";"COMPRIMIDO";"S";"1004704720521";"Registro de Preços";"ADMINISTRATIVA";;;"COMPRIMIDO";"16.647.278/0001-95";"PARAMED DISTRIBUIDORA DE MEDICAMENTOS LTDA";"61.286.647/0001-16";"SANDOZ DO BRASIL INDUSTRIA FARMACEUTICA LTDA.";"3000";"0.06";"180.0"
"2026";"FUNDO MUNICIPAL DE SAUDE - SALGADINHO - PB";"MUNICIPAL";"11.321.779/0001-63";"SALGADINHO";"PB";"26/01/2026";"09/02/2026";"268856";"LOSARTANA POTÁSSICA, DOSAGEM:50 MG";"COMPRIMIDO";"S";"1037005050027";"Pregão";"ADMINISTRATIVA";;;"COMPRIMIDO";"31.187.918/0001-15";"ALLFAMED COMERCIO ATACADISTA DE MEDICAMENTOS LTDA";"17.159.229/0001-76";"LABORATORIO TEUTO BRASILEIRO S/A";"9000";"0.04";"360.0"
"2026";"FUNDO MUNICIPAL DE SAUDE DE FARO";"MUNICIPAL";"12.403.819/0001-89";"FARO";"PA";"26/01/2026";"27/02/2026";"333633";"LÂMINA BISTURI, MATERIAL:AÇO CARBONO, TAMANHO:Nº 10, TIPO:DESCARTÁVEL, ESTERILIDADE:ESTÉRIL, CARACTERÍSTICAS ADICIONAIS:EMBALADA INDIVIDUALMENTE";"CAIXA";;;"Registro de Preços";"ADMINISTRATIVA";"100.0";"UN";"CAIXA 100.00 UN";"16.647.278/0001-95";"PARAMED DISTRIBUIDORA DE MEDICAMENTOS LTDA";"37.820.994/0001-00";"MEDIX BRASIL INDUSTRIA DE DESCARTAVEIS HOSPITALARES LTDA";"4";"15.0";"60.0"
"2026";"SECRETARIA DE ESTADO DA SAUDE";"ESTADUAL";"76.416.866/0001-40";"CURITIBA";"PR";"26/01/2026";"30/01/2026";"274149";"ERTAPENEM SÓDICO, DOSAGEM:1 G, APRESENTAÇÃO:INJETÁVEL";"FRASCO-AMPOLA";"N";"1017102240019";"Pregão";"JUDICIAL";;;"FRASCO-AMPOLA";"44.639.493/0001-80";"EUGIA PHARMA INDUSTRIA FARMACEUTICA LIMITADA";"03.560.974/0001-18";"MERCK SHARP & DOHME FARMACEUTICA LTDA.";"240";"133.0";"31920.0"
"2026";"FUNDO MUNICIPAL DE SAUDE DE FARO";"MUNICIPAL";"12.403.819/0001-89";"FARO";"PA";"26/01/2026";"27/02/2026";"267618";"CARBAMAZEPINA, DOSAGEM:200 MG";"COMPRIMIDO";"S";"1134302080021";"Registro de Preços";"ADMINISTRATIVA";;;"COMPRIMIDO";"16.647.278/0001-95";"PARAMED DISTRIBUIDORA DE MEDICAMENTOS LTDA";"19.570.720/0001-10";"HIPOLABOR FARMACEUTICA LTDA";"2000";"0.13";"260.0"
"2026";"FUNDO MUNICIPAL DE SAUDE - SALGADINHO - PB";"MUNICIPAL";"11.321.779/0001-63";"SALGADINHO";"PB";"26/01/2026";"09/02/2026";"446263";"AMBROXOL, COMPOSIÇÃO:SAL CLORIDRATO, CONCENTRAÇÃO:6 MG/ML, FORMA FARMACÊUTICA:XAROPE";"FRASCO";"S";"1108500390026";"Pregão";"ADMINISTRATIVA";"100.0";"ML";"FRASCO 100.00 ML";"26.156.923/0001-20";"EXPRESS DISTRIBUIDORA DE MEDICAMENTOS LTDA";"06.628.333/0001-46";"FARMACE - INDUSTRIA QUIMICO-FARMACEUTICA CEARENSE LTDA";"50";"2.62";"131.0"
"2026";"FUNDO MUNICIPAL DE SAUDE DE FARO";"MUNICIPAL";"12.403.819/0001-89";"FARO";"PA";"26/01/2026";"27/02/2026";"269980";"COMPRESSA GAZE, MATERIAL:TECIDO 100% ALGODÃO, TIPO:9 FIOS/CM2, MODELO:COR BRANCA,ISENTA DE IMPUREZAS, CAMADAS:8 CAMADAS, LARGURA:7,50 CM, COMPRIMENTO:7,50 CM, DOBRAS:5 DOBRAS, CARACTERÍSTICAS ADICIONAIS:ESTÉRIL,DESCARTÁVEL";"PACOTE";;;"Registro de Preços";"ADMINISTRATIVA";"30.0";"UN";"PACOTE 30.00 UN";"16.647.278/0001-95";"PARAMED DISTRIBUIDORA DE MEDICAMENTOS LTDA";"10.403.238/0001-11";"AMED S/A";"40";"5.0";"200.0"
"2026";"FUNDO MUNICIPAL DE SAUDE - SALGADINHO - PB";"MUNICIPAL";"11.321.779/0001-63";"SALGADINHO";"PB";"26/01/2026";"09/02/2026";"267625";"CEFALEXINA, DOSAGEM:500 MG";"CÁPSULA";"S";"1049713540042";"Pregão";"ADMINISTRATIVA";;;"CÁPSULA";"31.187.918/0001-15";"ALLFAMED COMERCIO ATACADISTA DE MEDICAMENTOS LTDA";"60.665.981/0001-18";"UNIAO QUIMICA FARMACEUTICA NACIONAL S A";"500";"0.73";"365.0"
"2026";"FUNDO MUNICIPAL DE SAUDE DE FARO";"MUNICIPAL";"12.403.819/0001-89";"FARO";"PA";"26/01/2026";"27/02/2026";"272809";"LAMOTRIGINA, DOSAGEM:100 MG";"COMPRIMIDO";"S";"1564900090034";"Registro de Preços";"ADMINISTRATIVA";;;"COMPRIMIDO";"16.647.278/0001-95";"PARAMED DISTRIBUIDORA DE MEDICAMENTOS LTDA";"05.399.786/0001-85";"UNICHEM FARMACEUTICA DO BRASIL LTDA.";"120";"0.51";"61.2"
"2026";"FUNDO MUNICIPAL DE SAUDE - SALGADINHO - PB";"MUNICIPAL";"11.321.779/0001-63";"SALGADINHO";"PB";"26/01/2026";"09/02/2026";"267628";"CINARIZINA, DOSAGEM:25 MG";"COMPRIMIDO";"N";"1558405890027";"Pregão";"ADMINISTRATIVA";;;"COMPRIMIDO";"31.187.918/0001-15";"ALLFAMED COMERCIO ATACADISTA DE MEDICAMENTOS LTDA";"05.161.069/0001-10";"BRAINFARMA INDUSTRIA QUIMICA E FARMACEUTICA S.A.";"450";"0.36";"162.0"
"2026";"FUNDO MUNICIPAL DE SAUDE DE FARO";"MUNICIPAL";"12.403.819/0001-89";"FARO";"PA";"26/01/2026";"27/02/2026";"447065";"MATERIAL HOSPITALAR, TIPO:CLAMP PRENDEDOR UMBILICAL, COMPONENTES:PLÁSTICO, EMBALAGEM:EMBALAGEM INDIVIDUAL, ESTERILIDADE :ESTÉRIL, USO ÚNICO";"UNIDADE";;;"Registro de Preços";"ADMINISTRATIVA";;;"UNIDADE";"16.647.278/0001-95";"PARAMED DISTRIBUIDORA DE MEDICAMENTOS LTDA";"10.016.132/0001-65";"VITAL PRODUTOS HOSPITALARES LTDA.";"100";"0.95";"95.0"
"2026";"FUNDO MUNICIPAL DE SAUDE - SALGADINHO - PB";"MUNICIPAL";"11.321.779/0001-63";"SALGADINHO";"PB";"26/01/2026";"09/02/2026";"268949";"AZITROMICINA, DOSAGEM:40 MG/ML, APRESENTAÇÃO:SUSPENSÃO ORAL";"FRASCO";"N";"1410700060195";"Pregão";"ADMINISTRATIVA";"15.0";"ML";"FRASCO 15.00 ML";"31.187.918/0001-15";"ALLFAMED COMERCIO ATACADISTA DE MEDICAMENTOS LTDA";"02.501.297/0001-02";"PHARLAB INDUSTRIA FARMACEUTICA S.A";"20";"8.63";"172.6"
"2026";"FUNDO MUNICIPAL DE SAUDE DE FARO";"MUNICIPAL";"12.403.819/0001-89";"FARO";"PA";"26/01/2026";"27/02/2026";"291770";"ESCITALOPRAM OXALATO, DOSAGEM:10 MG";"COMPRIMIDO";"S";"1438102690063";"Registro de Preços";"ADMINISTRATIVA";;;"COMPRIMIDO";"16.647.278/0001-95";"PARAMED DISTRIBUIDORA DE MEDICAMENTOS LTDA";"02.814.497/0001-07";"CIMED INDUSTRIA S.A.";"180";"0.26";"46.8"
"2026";"FUNDO MUNICIPAL DE SAUDE - SALGADINHO - PB";"MUNICIPAL";"11.321.779/0001-63";"SALGADINHO";"PB";"26/01/2026";"09/02/2026";"272434";"ANLODIPINO BESILATO, DOSAGEM:5 MG";"COMPRIMIDO";"N";"1542302430043";"Pregão";"ADMINISTRATIVA";;;"COMPRIMIDO";"31.187.918/0001-15";"ALLFAMED COMERCIO ATACADISTA DE MEDICAMENTOS LTDA";"03.485.572/0001-04";"GEOLAB INDUSTRIA FARMACEUTICA S/A";"1500";"0.04";"60.0"
"2026";"FUNDO MUNICIPAL DE SAUDE DE FARO";"MUNICIPAL";"12.403.819/0001-89";"FARO";"PA";"26/01/2026";"27/02/2026";"299675";"MANITOL, DOSAGEM:20%, FORMA FARMACÊUTICA:SOLUÇÃO INJETÁVEL, CARACTERÍSTICAS ADICIONAIS:SISTEMA FECHADO";"FRASCO";"N";"1177200080067";"Registro de Preços";"ADMINISTRATIVA";"250.0";"ML";"FRASCO 250.00 ML";"16.647.278/0001-95";"PARAMED DISTRIBUIDORA DE MEDICAMENTOS LTDA";"01.784.792/0001-03";"EQUIPLEX INDUSTRIA FARMACEUTICA LTDA -";"40";"5.0";"200.0"
"2026";"FUNDO MUNICIPAL DE SAUDE - SALGADINHO - PB";"MUNICIPAL";"11.321.779/0001-63";"SALGADINHO";"PB";"26/01/2026";"09/02/2026";"446104";"SAIS PARA REIDRATAÇÃO ORAL, COMPOSIÇÃO:SÓDIO, POTÁSSIO, CLORETO, CITRATO E GLICOSE, CONCENTRAÇÃO:60 MEQ/L + 20 MEQ/L + 60 MEQ/L + 20 MEQ/L + 110 MMOL/L, FORMA FARMACÊUTICA:SOLUÇÃO ORAL";"ENVELOPE";"N";"1004306900041";"Pregão";"ADMINISTRATIVA";;;"ENVELOPE";"31.187.918/0001-15";"ALLFAMED COMERCIO ATACADISTA DE MEDICAMENTOS LTDA";"61.190.096/0001-92";"EUROFARMA LABORATORIOS S.A.";"50";"1.13";"56.5"
"2026";"FUNDO MUNICIPAL DE SAUDE DE FARO";"MUNICIPAL";"12.403.819/0001-89";"FARO";"PA";"26/01/2026";"27/02/2026";"272786";"DONEPEZILA, DOSAGEM:10 MG";"COMPRIMIDO";"S";"1006302770210";"Registro de Preços";"ADMINISTRATIVA";;;"COMPRIMIDO";"16.647.278/0001-95";"PARAMED DISTRIBUIDORA DE MEDICAMENTOS LTDA";"33.258.401/0001-03";"INSTITUTO BIOCHIMICO INDUSTRIA FARMACEUTICA LTDA";"60";"1.26";"75.6"
"2026";"FUNDO MUNICIPAL DE SAUDE - SALGADINHO - PB";"MUNICIPAL";"11.321.779/0001-63";"SALGADINHO";"PB";"26/01/2026";"09/02/2026";"267663";"FUROSEMIDA, DOSAGEM:40 MG";"COMPRIMIDO";"S";"1134301530031";"Pregão";"ADMINISTRATIVA";;;"COMPRIMIDO";"31.187.918/0001-15";"ALLFAMED COMERCIO ATACADISTA DE MEDICAMENTOS LTDA";"19.570.720/0001-10";"HIPOLABOR FARMACEUTICA LTDA";"500";"0.06";"30.0"
"2026";"FUNDO MUNICIPAL DE SAUDE DE FARO";"MUNICIPAL";"12.403.819/0001-89";"FARO";"PA";"26/01/2026";"27/02/2026";"268498";"METRONIDAZOL, DOSAGEM:5MG/ML, APRESENTAÇÃO:SOLUÇÃO INJETÁVEL";"BOLSA";"S";"1031101540022";"Registro de Preços";"ADMINISTRATIVA";"100.0";"ML";"BOLSA 100.00 ML";"16.647.278/0001-95";"PARAMED DISTRIBUIDORA DE MEDICAMENTOS LTDA";"01.571.702/0001-98";"HALEX ISTAR INDUSTRIA FARMACEUTICA SA";"240";"2.1";"504.0"
"2026";"SECRETARIA DE ESTADO DA SAUDE";"ESTADUAL";"76.416.866/0001-40";"CURITIBA";"PR";"26/01/2026";"05/02/2026";"271104";"CICLOSPORINA, CONCENTRAÇÃO:25 MG";"CÁPSULA";"N";"1058309990073";"Pregão";"ADMINISTRATIVA";;;"CÁPSULA";"09.944.371/0001-04";"SULMEDIC COMERCIO DE MEDICAMENTOS LTDA";"45.992.062/0001-65";"GERMED FARMACEUTICA LTDA";"376450";"2.38";"895951.0"
"2026";"FUNDO MUNICIPAL DE SAUDE DE FARO";"MUNICIPAL";"12.403.819/0001-89";"FARO";"PA";"26/01/2026";"27/02/2026";"267674";"HIDROCLOROTIAZIDA, DOSAGEM:25 MG";"COMPRIMIDO";"S";"1438102100053";"Registro de Preços";"ADMINISTRATIVA";;;"COMPRIMIDO";"16.647.278/0001-95";"PARAMED DISTRIBUIDORA DE MEDICAMENTOS LTDA";"02.814.497/0001-07";"CIMED INDUSTRIA S.A.";"3000";"0.06";"180.0"
"2026";"FUNDO MUNICIPAL DE SAUDE - SALGADINHO - PB";"MUNICIPAL";"11.321.779/0001-63";"SALGADINHO";"PB";"26/01/2026";"09/02/2026";"267503";"ÁCIDO FÓLICO, DOSAGEM:5 MG";"COMPRIMIDO";"N";"1384100500167";"Pregão";"ADMINISTRATIVA";;;"COMPRIMIDO";"31.187.918/0001-15";"ALLFAMED COMERCIO ATACADISTA DE MEDICAMENTOS LTDA";"02.456.955/0001-83";"NATULAB LABORATORIO S.A";"500";"0.04";"20.0"
"2026";"FUNDO MUNICIPAL DE SAUDE DE FARO";"MUNICIPAL";"12.403.819/0001-89";"FARO";"PA";"26/01/2026";"27/02/2026";"268331";"IPRATRÓPIO BROMETO, DOSAGEM:0,25 MG/ML, USO:SOLUÇÃO PARA INALAÇÃO";"FRASCO";"S";"1256800900018";"Registro de Preços";"ADMINISTRATIVA";"20.0";"ML";"FRASCO 20.00 ML";"16.647.278/0001-95";"PARAMED DISTRIBUIDORA DE MEDICAMENTOS LTDA";"73.856.593/0001-66";"PRATI, DONADUZZI & CIA LTDA";"200";"1.0";"200.0"
"2026";"FUNDO MUNICIPAL DE SAUDE - SALGADINHO - PB";"MUNICIPAL";"11.321.779/0001-63";"SALGADINHO";"PB";"26/01/2026";"09/02/2026";"448635";"CETOPROFENO, CONCENTRAÇAO:150 MG, FORMA FARMACEUTICA:LIBERAÇÃO PROLONGADA";"COMPRIMIDO";"S";"1004312360043";"Pregão";"ADMINISTRATIVA";;;"COMPRIMIDO";"31.187.918/0001-15";"ALLFAMED COMERCIO ATACADISTA DE MEDICAMENTOS LTDA";"61.190.096/0001-92";"EUROFARMA LABORATORIOS S.A.";"200";"0.69";"138.0"
"2026";"FUNDO MUNICIPAL DE SAUDE DE FARO";"MUNICIPAL";"12.403.819/0001-89";"FARO";"PA";"26/01/2026";"27/02/2026";"267689";"METILDOPA, DOSAGEM:250 MG";"COMPRIMIDO";"S";"1134302090025";"Registro de Preços";"ADMINISTRATIVA";;;"COMPRIMIDO";"16.647.278/0001-95";"PARAMED DISTRIBUIDORA DE MEDICAMENTOS LTDA";"19.570.720/0001-10";"HIPOLABOR FARMACEUTICA LTDA";"2000";"0.12";"240.0"
"2026";"FUNDO MUNICIPAL DE SAUDE - SALGADINHO - PB";"MUNICIPAL";"11.321.779/0001-63";"SALGADINHO";"PB";"26/01/2026";"09/02/2026";"272045";"CLOPIDOGREL, DOSAGEM:75 MG";"COMPRIMIDO";"N";"1058307180023";"Pregão";"ADMINISTRATIVA";;;"COMPRIMIDO";"26.156.923/0001-20";"EXPRESS DISTRIBUIDORA DE MEDICAMENTOS LTDA";"45.992.062/0001-65";"GERMED FARMACEUTICA LTDA";"280";"0.49";"137.2"
"2026";"FUNDO MUNICIPAL DE SAUDE DE FARO";"MUNICIPAL";"12.403.819/0001-89";"FARO";"PA";"26/01/2026";"27/02/2026";"284106";"RISPERIDONA, DOSAGEM:1 MG/ML, USO:SOLUÇÃO ORAL, COM PIPETA DOSADORA";"FRASCO";"S";"1256802320035";"Registro de Preços";"ADMINISTRATIVA";"30.0";"ML";"FRASCO 30.00 ML";"16.647.278/0001-95";"PARAMED DISTRIBUIDORA DE MEDICAMENTOS LTDA";"73.856.593/0001-66";"PRATI, DONADUZZI & CIA LTDA";"100";"5.0";"500.0"
"2026";"FUNDO MUNICIPAL DE SAUDE - SALGADINHO - PB";"MUNICIPAL";"11.321.779/0001-63";"SALGADINHO";"PB";"26/01/2026";"09/02/2026";"267747";"SINVASTATINA, DOSAGEM:20 MG";"COMPRIMIDO";"S";"1053501850062";"Pregão";"ADMINISTRATIVA";;;"COMPRIMIDO";"26.156.923/0001-20";"EXPRESS DISTRIBUIDORA DE MEDICAMENTOS LTDA";"17.115.437/0001-73";"LABORATORIO GLOBO SA";"900";"0.09";"81.0"
"2026";"FUNDO MUNICIPAL DE SAUDE DE FARO";"MUNICIPAL";"12.403.819/0001-89";"FARO";"PA";"26/01/2026";"27/02/2026";"267613";"CAPTOPRIL, CONCENTRAÇÃO:25 MG";"COMPRIMIDO";"S";"1438102350092";"Registro de Preços";"ADMINISTRATIVA";;;"COMPRIMIDO";"16.647.278/0001-95";"PARAMED DISTRIBUIDORA DE MEDICAMENTOS LTDA";"02.814.497/0001-07";"CIMED INDUSTRIA S.A.";"5000";"0.06";"300.0"
"2026";"FUNDO MUNICIPAL DE SAUDE - SALGADINHO - PB";"MUNICIPAL";"11.321.779/0001-63";"SALGADINHO";"PB";"26/01/2026";"09/02/2026";"267632";"CIPROFLOXACINO CLORIDRATO, DOSAGEM:500 MG";"COMPRIMIDO";"S";"1256801500099";"Pregão";"ADMINISTRATIVA";;;"COMPRIMIDO";"31.187.918/0001-15";"ALLFAMED COMERCIO ATACADISTA DE MEDICAMENTOS LTDA";"73.856.593/0001-66";"PRATI, DONADUZZI & CIA LTDA";"1200";"0.24";"288.0"
"2026";"FUNDO MUNICIPAL DE SAUDE DE FARO";"MUNICIPAL";"12.403.819/0001-89";"FARO";"PA";"26/01/2026";"27/02/2026";"271621";"OLANZAPINA, DOSAGEM:10 MG";"COMPRIMIDO";"S";"1256802730322";"Registro de Preços";"ADMINISTRATIVA";;;"COMPRIMIDO";"16.647.278/0001-95";"PARAMED DISTRIBUIDORA DE MEDICAMENTOS LTDA";"73.856.593/0001-66";"PRATI, DONADUZZI & CIA LTDA";"120";"1.06";"127.2"
"2026";"SECRETARIA DE ESTADO DA SAUDE";"ESTADUAL";"76.416.866/0001-40";"CURITIBA";"PR";"26/01/2026";"30/01/2026";"282040";"GEFITINIBE, CONCENTRAÇÃO:250 MG";"COMPRIMIDO";"N";"1004314630013";"Pregão";"JUDICIAL";;;"COMPRIMIDO";"81.706.251/0001-98";"PROMEFARMA MEDICAMENTOS E PRODUTOS HOSPITALARES LTDA";"61.190.096/0001-92";"EUROFARMA LABORATORIOS S.A.";"2160";"13.11";"28317.6"
"2026";"FUNDO MUNICIPAL DE SAUDE DE FARO";"MUNICIPAL";"12.403.819/0001-89";"FARO";"PA";"26/01/2026";"27/02/2026";"287473";"LOSARTANA POTÁSSICA, DOSAGEM:100 MG";"COMPRIMIDO";"N";"1097401210411";"Registro de Preços";"ADMINISTRATIVA";;;"COMPRIMIDO";"16.647.278/0001-95";"PARAMED DISTRIBUIDORA DE MEDICAMENTOS LTDA";"49.475.833/0001-06";"BIOLAB SANUS FARMACEUTICA LTDA";"3000";"0.12";"360.0"
"2026";"FUNDO MUNICIPAL DE SAUDE - SALGADINHO - PB";"MUNICIPAL";"11.321.779/0001-63";"SALGADINHO";"PB";"26/01/2026";"09/02/2026";"294643";"IBUPROFENO, DOSAGEM:50 MG/ML, FORMA FARMACÊUTICA:SUSPENSÃO ORAL";"FRASCO";"N";"1384100330083";"Pregão";"ADMINISTRATIVA";"30.0";"ML";"FRASCO 30.00 ML";"31.187.918/0001-15";"ALLFAMED COMERCIO ATACADISTA DE MEDICAMENTOS LTDA";"02.456.955/0001-83";"NATULAB LABORATORIO S.A";"30";"2.4";"72.0"
"2026";"FUNDO MUNICIPAL DE SAUDE DE FARO";"MUNICIPAL";"12.403.819/0001-89";"FARO";"PA";"26/01/2026";"27/02/2026";"272832";"QUETIAPINA, DOSAGEM:100 MG";"COMPRIMIDO";;;"Registro de Preços";"ADMINISTRATIVA";;;"COMPRIMIDO";"16.647.278/0001-95";"PARAMED DISTRIBUIDORA DE MEDICAMENTOS LTDA";"33.150.764/0001-12";"BIOLAB FARMA GENERICOS LTDA";"120";"0.89";"106.8"
"2026";"SECRETARIA DE ESTADO DA SAUDE";"ESTADUAL";"76.416.866/0001-40";"CURITIBA";"PR";"26/01/2026";"30/01/2026";"405898";"DESVENLAFAXINA, COMPOSIÇÃO:SAL SUCCINATO, CONCENTRAÇÃO:50 MG, FORMA FARMACÊUTICA:LIBERAÇÃO CONTROLADA";"COMPRIMIDO";"S";"1004312080271";"Pregão";"JUDICIAL";;;"COMPRIMIDO";"09.944.371/0005-20";"SULMEDIC COMERCIO DE MEDICAMENTOS LTDA";"61.190.096/0001-92";"EUROFARMA LABORATORIOS S.A.";"30960";"0.65";"20124.0"
"2026";"SECRETARIA DE ESTADO DA SAUDE";"ESTADUAL";"76.416.866/0001-40";"CURITIBA";"PR";"26/01/2026";"26/02/2026";"435985";"SONDA TRATO URINÁRIO, MODELO:URETRAL, MATERIAL:PVC, CALIBRE:16 FRENCH, CONECTOR:CONECTOR PADRÃO C/ TAMPA, COMPRIMENTO:CERCA 40 CM, TIPO PONTA:PONTA DISTAL CILÍNDRICA FECHADA, COMPONENTES:C/ ORIFÍCIOS LATERAIS, ESTERILIDADE:ESTÉRIL, DESCARTÁVEL, EMBALAGEM:EMBALAGEM INDIVIDUAL";"UNIDADE";;;"Pregão";"ADMINISTRATIVA";;;"UNIDADE";"05.997.927/0001-61";"MEDIC STOCK COMERCIO DE PRODUTOS MEDICOS HOSPITALARES LTDA";"05.150.338/0001-43";"MEDSONDA - INDUSTRIA E COMERCIO DE PRODUTOS HOSPITALARES DESCARTAVEIS LTDA";"3230";"0.66";"2131.8"
"2026";"FUNDO MUNICIPAL DE SAUDE - SALGADINHO - PB";"MUNICIPAL";"11.321.779/0001-63";"SALGADINHO";"PB";"26/01/2026";"09/02/2026";"267772";"PROPRANOLOL CLORIDRATO, DOSAGEM:40 MG";"COMPRIMIDO";"N";"1134302100020";"Pregão";"ADMINISTRATIVA";;;"COMPRIMIDO";"26.156.923/0001-20";"EXPRESS DISTRIBUIDORA DE MEDICAMENTOS LTDA";"19.570.720/0001-10";"HIPOLABOR FARMACEUTICA LTDA";"500";"0.04";"20.0"
"2026";"FUNDO MUNICIPAL DE SAUDE DE FARO";"MUNICIPAL";"12.403.819/0001-89";"FARO";"PA";"26/01/2026";"27/02/2026";"415575";"FILME RADIOLÓGICO, TIPO:RAIO-X, DIMENSÕES:18 X 24 CM";"CAIXA";;;"Registro de Preços";"ADMINISTRATIVA";"100.0";"UN";"CAIXA 100.00 UN";"16.647.278/0001-95";"PARAMED DISTRIBUIDORA DE MEDICAMENTOS LTDA";"60.397.874/0001-56";"FUJIFILM DO BRASIL LTDA.";"3";"100.0";"300.0"
"2026";"SECRETARIA DE ESTADO DA SAUDE";"ESTADUAL";"76.416.866/0001-40";"CURITIBA";"PR";"26/01/2026";"30/01/2026";"439259";"AXITINIBE, CONCENTRAÇÃO:5 MG";"COMPRIMIDO";"N";"1211004520045";"Pregão";"JUDICIAL";;;"COMPRIMIDO";"61.072.393/0039-06";"PFIZER BRASIL LTDA";"61.072.393/0001-33";"PFIZER BRASIL LTDA";"2880";"285.19";"821347.2"
"2026";"FUNDO MUNICIPAL DE SAUDE DE FARO";"MUNICIPAL";"12.403.819/0001-89";"FARO";"PA";"26/01/2026";"27/02/2026";"272454";"CARBAMAZEPINA, DOSAGEM:20 MG/ML, APRESENTAÇÃO:SUSPENSÃO ORAL";"FRASCO";"S";"1134302030049";"Registro de Preços";"ADMINISTRATIVA";"100.0";"ML";"FRASCO 100.00 ML";"16.647.278/0001-95";"PARAMED DISTRIBUIDORA DE MEDICAMENTOS LTDA";"19.570.720/0001-10";"HIPOLABOR FARMACEUTICA LTDA";"50";"6.0";"300.0"
"2026";"FUNDO MUNICIPAL DE SAUDE - SALGADINHO - PB";"MUNICIPAL";"11.321.779/0001-63";"SALGADINHO";"PB";"26/01/2026";"09/02/2026";"273711";"NIMESULIDA, DOSAGEM:50 MG/ML, APRESENTAÇÃO:SOLUÇÃO ORAL - GOTAS";"FRASCO";"S";"1023505330010";"Pregão";"ADMINISTRATIVA";"15.0";"ML";"FRASCO 15.00 ML";"31.187.918/0001-15";"ALLFAMED COMERCIO ATACADISTA DE MEDICAMENTOS LTDA";"57.507.378/0003-65";"EMS S/A";"5";"1.9";"9.5"
"2026";"FUNDO MUNICIPAL DE SAUDE DE FARO";"MUNICIPAL";"12.403.819/0001-89";"FARO";"PA";"26/01/2026";"27/02/2026";"415185";"FILME RADIOLÓGICO, TIPO:RAIO-X, ADICIONAL:PARA PROCESSAMENTO SECO, DIMENSÕES:35 X 35 CM";"CAIXA";;;"Registro de Preços";"ADMINISTRATIVA";"100.0";"UN";"CAIXA 100.00 UN";"16.647.278/0001-95";"PARAMED DISTRIBUIDORA DE MEDICAMENTOS LTDA";"60.397.874/0001-56";"FUJIFILM DO BRASIL LTDA.";"4";"160.0";"640.0"
"2026";"FUNDO MUNICIPAL DE SAUDE - SALGADINHO - PB";"MUNICIPAL";"11.321.779/0001-63";"SALGADINHO";"PB";"26/01/2026";"09/02/2026";"267689";"METILDOPA, DOSAGEM:250 MG";"COMPRIMIDO";"S";"1023505640028";"Pregão";"ADMINISTRATIVA";;;"COMPRIMIDO";"31.187.918/0001-15";"ALLFAMED COMERCIO ATACADISTA DE MEDICAMENTOS LTDA";"57.507.378/0003-65";"EMS S/A";"180";"0.48";"86.4"
"2026";"FUNDO MUNICIPAL DE SAUDE - SALGADINHO - PB";"MUNICIPAL";"11.321.779/0001-63";"SALGADINHO";"PB";"26/01/2026";"09/02/2026";"308882";"SULFAMETOXAZOL, COMPOSIÇÃO:ASSOCIADO À TRIMETOPRIMA, CONCENTRAÇÃO:400MG + 80MG";"COMPRIMIDO";"S";"1256802090153";"Pregão";"ADMINISTRATIVA";;;"COMPRIMIDO";"31.187.918/0001-15";"ALLFAMED COMERCIO ATACADISTA DE MEDICAMENTOS LTDA";"73.856.593/0001-66";"PRATI, DONADUZZI & CIA LTDA";"240";"0.17";"40.8"
"2026";"SECRETARIA DE ESTADO DA SAUDE";"ESTADUAL";"76.416.866/0001-40";"CURITIBA";"PR";"26/01/2026";"30/01/2026";"407326";"LISDEXANFETAMINA DIMESILATO, CONCENTRAÇÃO:70 MG";"CÁPSULA";"S";"1004315150031";"Pregão";"JUDICIAL";;;"CÁPSULA";"61.190.096/0016-79";"EUROFARMA LABORATORIOS S.A.";"61.190.096/0001-92";"EUROFARMA LABORATORIOS S.A.";"114432";"4.5";"514944.0"
"2026";"FUNDO MUNICIPAL DE SAUDE DE FARO";"MUNICIPAL";"12.403.819/0001-89";"FARO";"PA";"26/01/2026";"27/02/2026";"444371";"ATADURA, TIPO 1:CREPOM, MATERIAL 1:100% ALGODÃO, DIMENSÕES:20 CM, GRAMATURA 1:CERCA DE 13 FIOS/ CM2, EMBALAGEM:EMBALAGEM INDIVIDUAL";"ROLO";;;"Registro de Preços";"ADMINISTRATIVA";"1.25";"M";"ROLO 1.25 M";"16.647.278/0001-95";"PARAMED DISTRIBUIDORA DE MEDICAMENTOS LTDA";"07.186.183/0001-20";"TEXPHARMA INDUSTRIA E COMERCIO DE PRODUTOS MEDICOS E HOSPITALARES LTDA";"20";"7.0";"140.0"
"2026";"SECRETARIA DE ESTADO DA SAUDE";"ESTADUAL";"76.416.866/0001-40";"CURITIBA";"PR";"26/01/2026";"30/01/2026";"407327";"LISDEXANFETAMINA DIMESILATO, CONCENTRAÇÃO:50 MG";"CÁPSULA";"S";"1004315150023";"Pregão";"JUDICIAL";;;"CÁPSULA";"61.190.096/0016-79";"EUROFARMA LABORATORIOS S.A.";"61.190.096/0001-92";"EUROFARMA LABORATORIOS S.A.";"88512";"3.96";"350507.52"
"2026";"FUNDO MUNICIPAL DE SAUDE DE FARO";"MUNICIPAL";"12.403.819/0001-89";"FARO";"PA";"26/01/2026";"27/02/2026";"352314";"PANTOPRAZOL, CONCENTRAÇÃO:40 MG, FORMA FARMACEUTICA:PÓ LIÓFILO P/ INJETÁVEL";"FRASCO-AMPOLA";"S";"1163701270039";"Registro de Preços";"ADMINISTRATIVA";;;"FRASCO-AMPOLA";"16.647.278/0001-95";"PARAMED DISTRIBUIDORA DE MEDICAMENTOS LTDA";"58.430.828/0001-60";"BLAU FARMACEUTICA S.A.";"300";"2.5";"750.0"
"2026";"FUNDO MUNICIPAL DE SAUDE - SALGADINHO - PB";"MUNICIPAL";"11.321.779/0001-63";"SALGADINHO";"PB";"26/01/2026";"09/02/2026";"282882";"ROSUVASTATINA, COMPOSIÇÃO:CÁLCICA, CONCENTRAÇÃO:20 MG";"COMPRIMIDO";"S";"1677304630091";"Pregão";"ADMINISTRATIVA";;;"COMPRIMIDO";"31.187.918/0001-15";"ALLFAMED COMERCIO ATACADISTA DE MEDICAMENTOS LTDA";"05.044.984/0001-26";"LEGRAND PHARMA INDUSTRIA FARMACEUTICA LTDA";"600";"0.35";"210.0"
"2026";"FUNDO MUNICIPAL DE SAUDE DE FARO";"MUNICIPAL";"12.403.819/0001-89";"FARO";"PA";"26/01/2026";"27/02/2026";"267769";"PROMETAZINA CLORIDRATO, DOSAGEM:25 MG/ML, APRESENTAÇÃO:SOLUÇÃO INJETÁVEL";"AMPOLA";"N";"1134302020061";"Registro de Preços";"ADMINISTRATIVA";"2.0";"ML";"AMPOLA 2.00 ML";"16.647.278/0001-95";"PARAMED DISTRIBUIDORA DE MEDICAMENTOS LTDA";"19.570.720/0001-10";"HIPOLABOR FARMACEUTICA LTDA";"300";"1.0";"300.0"
"2026";"FUNDO MUNICIPAL DE SAUDE - SALGADINHO - PB";"MUNICIPAL";"11.321.779/0001-63";"SALGADINHO";"PB";"26/01/2026";"09/02/2026";"269388";"DEXAMETASONA, DOSAGEM:4 MG";"COMPRIMIDO";"S";"1023507020434";"Pregão";"ADMINISTRATIVA";;;"COMPRIMIDO";"31.187.918/0001-15";"ALLFAMED COMERCIO ATACADISTA DE MEDICAMENTOS LTDA";"57.507.378/0003-65";"EMS S/A";"40";"0.22";"8.8"
"2026";"FUNDO MUNICIPAL DE SAUDE DE FARO";"MUNICIPAL";"12.403.819/0001-89";"FARO";"PA";"26/01/2026";"27/02/2026";"405620";"REVELADOR RADIOLÓGICO, TIPO:SOLUÇÃO AQUOSA PRONTA P/ USO, APLICAÇÃO:PARA PROCESSAMENTO MANUAL";"LITRO";;;"Registro de Preços";"ADMINISTRATIVA";;;"LITRO";"16.647.278/0001-95";"PARAMED DISTRIBUIDORA DE MEDICAMENTOS LTDA";"60.397.874/0001-56";"FUJIFILM DO BRASIL LTDA.";"2";"250.0";"500.0"
"2026";"FUNDO MUNICIPAL DE SAUDE - SALGADINHO - PB";"MUNICIPAL";"11.321.779/0001-63";"SALGADINHO";"PB";"26/01/2026";"09/02/2026";"267507";"ALBENDAZOL, DOSAGEM:40 MG/ML, USO:SUSPENSÃO ORAL";"FRASCO";"N";"1542300440063";"Pregão";"ADMINISTRATIVA";"10.0";"ML";"FRASCO 10.00 ML";"31.187.918/0001-15";"ALLFAMED COMERCIO ATACADISTA DE MEDICAMENTOS LTDA";"03.485.572/0001-04";"GEOLAB INDUSTRIA FARMACEUTICA S/A";"120";"1.4";"168.0"
"2026";"FUNDO MUNICIPAL DE SAUDE DE FARO";"MUNICIPAL";"12.403.819/0001-89";"FARO";"PA";"26/01/2026";"27/02/2026";"352192";"RINGER, COMPOSIÇÃO:SIMPLES, FORMA FARMACÊUTICA:SOLUÇÃO INJETÁVEL, CARACTERÍSTICA ADICIONAL:SISTEMA FECHADO";"FRASCO";"N";"1004101150057";"Registro de Preços";"ADMINISTRATIVA";"500.0";"ML";"FRASCO 500.00 ML";"16.647.278/0001-95";"PARAMED DISTRIBUIDORA DE MEDICAMENTOS LTDA";"49.324.221/0001-04";"FRESENIUS KABI BRASIL LTDA.";"216";"2.1";"453.6"
"2026";"FUNDO MUNICIPAL DE SAUDE - SALGADINHO - PB";"MUNICIPAL";"11.321.779/0001-63";"SALGADINHO";"PB";"26/01/2026";"09/02/2026";"267892";"PANTOPRAZOL, DOSAGEM:40 MG";"COMPRIMIDO";"S";"1091701200064";"Pregão";"ADMINISTRATIVA";;;"COMPRIMIDO";"31.187.918/0001-15";"ALLFAMED COMERCIO ATACADISTA DE MEDICAMENTOS LTDA";"17.875.154/0001-20";"MEDQUIMICA INDUSTRIA FARMACEUTICA LTDA.";"120";"0.19";"22.8"
"2026";"FUNDO MUNICIPAL DE SAUDE DE FARO";"MUNICIPAL";"12.403.819/0001-89";"FARO";"PA";"26/01/2026";"27/02/2026";"303292";"RINGER, COMPOSIÇÃO:ASSOCIADO COM LACTATO DE SÓDIO, FORMA FARMACÊUTICA:SOLUÇÃO INJETÁVEL, CARACTERÍSTICA ADICIONAL:SISTEMA FECHADO";"FRASCO";"N";"1004101030035";"Registro de Preços";"ADMINISTRATIVA";"500.0";"ML";"FRASCO 500.00 ML";"16.647.278/0001-95";"PARAMED DISTRIBUIDORA DE MEDICAMENTOS LTDA";"49.324.221/0001-04";"FRESENIUS KABI BRASIL LTDA.";"210";"1.11";"233.1"
"2026";"FUNDO MUNICIPAL DE SAUDE - SALGADINHO - PB";"MUNICIPAL";"11.321.779/0001-63";"SALGADINHO";"PB";"26/01/2026";"09/02/2026";"386396";"AMOXICILINA, PRINCÍPIO ATIVO:ASSOCIADA COM CLAVULANATO DE POTÁSSIO, CONCENTRAÇÃO:80 MG + 11,5 MG/ML, FORMA FARMACÊUTICA:PÓ P/ SUSPENSÃO ORAL";"FRASCO";"S";"1023508190023";"Pregão";"ADMINISTRATIVA";"70.0";"ML";"FRASCO 70.00 ML";"31.187.918/0001-15";"ALLFAMED COMERCIO ATACADISTA DE MEDICAMENTOS LTDA";"57.507.378/0003-65";"EMS S/A";"20";"22.86";"457.2"
"2026";"FUNDO MUNICIPAL DE SAUDE DE FARO";"MUNICIPAL";"12.403.819/0001-89";"FARO";"PA";"26/01/2026";"27/02/2026";"339565";"REAGENTE PARA DIAGNÓSTICO CLÍNICO 5, TIPO DE ANÁLISE:QUANTITATIVO DE GLICOSE, CARACTERÍSTICAS ADICIONAIS:CAPILAR, APRESENTAÇÃO:TIRA";"UNIDADE";;;"Registro de Preços";"ADMINISTRATIVA";;;"UNIDADE";"16.647.278/0001-95";"PARAMED DISTRIBUIDORA DE MEDICAMENTOS LTDA";"05.343.029/0001-90";"MEDLEVENSOHN COMERCIO E REPRESENTACOES DE PRODUTOS HOSPITALARES LTDA";"30";"9.0";"270.0"
"2026";"FUNDO MUNICIPAL DE SAUDE - SALGADINHO - PB";"MUNICIPAL";"11.321.779/0001-63";"SALGADINHO";"PB";"26/01/2026";"09/02/2026";"270558";"ACETILCISTEÍNA, DOSAGEM:20 MG/ML, INDICAÇÃO:XAROPE";"FRASCO";"S";"1542301080073";"Pregão";"ADMINISTRATIVA";"120.0";"ML";"FRASCO 120.00 ML";"31.187.918/0001-15";"ALLFAMED COMERCIO ATACADISTA DE MEDICAMENTOS LTDA";"03.485.572/0001-04";"GEOLAB INDUSTRIA FARMACEUTICA S/A";"20";"3.36";"67.2"
"2026";"FUNDO MUNICIPAL DE SAUDE DE FARO";"MUNICIPAL";"12.403.819/0001-89";"FARO";"PA";"26/01/2026";"27/02/2026";"270120";"CLONAZEPAM, DOSAGEM:2,5 MG/ML, APRESENTAÇÃO:SOLUÇÃO ORAL- GOTAS";"FRASCO";"S";"1134301660022";"Registro de Preços";"ADMINISTRATIVA";"20.0";"ML";"FRASCO 20.00 ML";"16.647.278/0001-95";"PARAMED DISTRIBUIDORA DE MEDICAMENTOS LTDA";"19.570.720/0001-10";"HIPOLABOR FARMACEUTICA LTDA";"200";"1.0";"200.0"
"2026";"FUNDO MUNICIPAL DE SAUDE - SALGADINHO - PB";"MUNICIPAL";"11.321.779/0001-63";"SALGADINHO";"PB";"26/01/2026";"09/02/2026";"270620";"ESCOPOLAMINA BUTILBROMETO, APRESENTAÇÃO:ASSOCIADA COM DIPIRONA SÓDICA, DOSAGEM:10MG + 250MG";"COMPRIMIDO";"N";"1057101070011";"Pregão";"ADMINISTRATIVA";;;"COMPRIMIDO";"31.187.918/0001-15";"ALLFAMED COMERCIO ATACADISTA DE MEDICAMENTOS LTDA";"18.324.343/0001-77";"BELFAR LTDA";"600";"0.31";"186.0"
"2026";"FUNDO MUNICIPAL DE SAUDE DE FARO";"MUNICIPAL";"12.403.819/0001-89";"FARO";"PA";"26/01/2026";"27/02/2026";"437174";"CATETER PERIFÉRICO, APLICAÇÃO:VENOSO, MODELO:TIPO ESCALPE, MATERIAL AGULHA:AGULHA AÇO INOX, DIAMETRO:23 GAU, COMPONENTE ADICIONAL:C/ ASA DE FIXAÇÃO, TUBO EXTENSOR, CONECTOR:CONECTOR PADRÃO C/ TAMPA, COMPONENTE 1:C/ ADAPTADOR COLETA À VÁCUO, COMPONENTE 2:C/ SISTEMA SEGURANÇA SEGUNDO NR/32, TIPO USO:ESTÉRIL, DESCARTÁVEL, EMBALAGEM INDIVIDUAL";"UNIDADE";;;"Registro de Preços";"ADMINISTRATIVA";;;"UNIDADE";"16.647.278/0001-95";"PARAMED DISTRIBUIDORA DE MEDICAMENTOS LTDA";"61.418.042/0001-31";"CIRURGICA FERNANDES - COMERCIO DE MATERIAIS CIRURGICOS E HOSPITALARES - SOCIEDADE LIMITADA";"10";"10.0";"100.0"
"2026";"FUNDO MUNICIPAL DE SAUDE - SALGADINHO - PB";"MUNICIPAL";"11.321.779/0001-63";"SALGADINHO";"PB";"26/01/2026";"09/02/2026";"268080";"ATORVASTATINA CÁLCICA, DOSAGEM:10 MG";"COMPRIMIDO";"S";"1023511190020";"Pregão";"ADMINISTRATIVA";;;"COMPRIMIDO";"31.187.918/0001-15";"ALLFAMED COMERCIO ATACADISTA DE MEDICAMENTOS LTDA";"57.507.378/0003-65";"EMS S/A";"90";"0.18";"16.2"
"2026";"FUNDO MUNICIPAL DE SAUDE DE FARO";"MUNICIPAL";"12.403.819/0001-89";"FARO";"PA";"26/01/2026";"27/02/2026";"269891";"LUVA PARA PROCEDIMENTO NÃO CIRÚRGICO, MATERIAL:LÁTEX NATURAL ÍNTEGRO E UNIFORME, TAMANHO:EXTRAPEQUENO, CARACTERÍSTICAS ADICIONAIS:LUBRIFICADA COM PÓ BIOABSORVÍVEL, DESCARTÁVEL, APRESENTAÇÃO:ATÓXICA, TIPO:AMBIDESTRA, TIPO USO:DESCARTÁVEL, MODELO:FORMATO ANATÔMICO, FINALIDADE:RESISTENTE À TRAÇÃO";"CAIXA";;;"Registro de Preços";"ADMINISTRATIVA";"100.0";"UN";"CAIXA 100.00 UN";"16.647.278/0001-95";"PARAMED DISTRIBUIDORA DE MEDICAMENTOS LTDA";"43.945.150/0001-80";"ABL INDUSTRIA, COMERCIO ATACADISTA, IMPORTACAO E EXPORTACAO LTDA";"30";"7.0";"210.0"
"2026";"FUNDO MUNICIPAL DE SAUDE - SALGADINHO - PB";"MUNICIPAL";"11.321.779/0001-63";"SALGADINHO";"PB";"26/01/2026";"09/02/2026";"267203";"DIPIRONA SÓDICA, DOSAGEM:500 MG";"COMPRIMIDO";"S";"1201901250089";"Pregão";"ADMINISTRATIVA";;;"COMPRIMIDO";"31.187.918/0001-15";"ALLFAMED COMERCIO ATACADISTA DE MEDICAMENTOS LTDA";"33.408.105/0001-33";"GREENPHARMA QUIMICA E FARMACEUTICA EM RECUPERACAO JUDICIAL LTDA";"3000";"0.13";"390.0"
"2026";"FUNDO MUNICIPAL DE SAUDE DE FARO";"MUNICIPAL";"12.403.819/0001-89";"FARO";"PA";"26/01/2026";"27/02/2026";"269894";"LUVA PARA PROCEDIMENTO NÃO CIRÚRGICO, MATERIAL:LÁTEX NATURAL ÍNTEGRO E UNIFORME, TAMANHO:PEQUENO, CARACTERÍSTICAS ADICIONAIS:LUBRIFICADA COM PÓ BIOABSORVÍVEL, DESCARTÁVEL, APRESENTAÇÃO:ATÓXICA, TIPO:AMBIDESTRA, TIPO USO:DESCARTÁVEL, MODELO:FORMATO ANATÔMICO, FINALIDADE:RESISTENTE À TRAÇÃO";"CAIXA";;;"Registro de Preços";"ADMINISTRATIVA";"100.0";"UN";"CAIXA 100.00 UN";"16.647.278/0001-95";"PARAMED DISTRIBUIDORA DE MEDICAMENTOS LTDA";"43.945.150/0001-80";"ABL INDUSTRIA, COMERCIO ATACADISTA, IMPORTACAO E EXPORTACAO LTDA";"40";"7.0";"280.0"
"2026";"FUNDO MUNICIPAL DE SAUDE - SALGADINHO - PB";"MUNICIPAL";"11.321.779/0001-63";"SALGADINHO";"PB";"26/01/2026";"09/02/2026";"353333";"AMOXICILINA, PRINCÍPIO ATIVO:ASSOCIADA COM CLAVULANATO DE POTÁSSIO, CONCENTRAÇÃO:875MG + 125MG";"COMPRIMIDO";"S";"1023508450165";"Pregão";"ADMINISTRATIVA";;;"COMPRIMIDO";"31.187.918/0001-15";"ALLFAMED COMERCIO ATACADISTA DE MEDICAMENTOS LTDA";"57.507.378/0003-65";"EMS S/A";"120";"3.27";"392.4"
"2026";"FUNDO MUNICIPAL DE SAUDE DE FARO";"MUNICIPAL";"12.403.819/0001-89";"FARO";"PA";"26/01/2026";"27/02/2026";"269891";"LUVA PARA PROCEDIMENTO NÃO CIRÚRGICO, MATERIAL:LÁTEX NATURAL ÍNTEGRO E UNIFORME, TAMANHO:EXTRAPEQUENO, CARACTERÍSTICAS ADICIONAIS:LUBRIFICADA COM PÓ BIOABSORVÍVEL, DESCARTÁVEL, APRESENTAÇÃO:ATÓXICA, TIPO:AMBIDESTRA, TIPO USO:DESCARTÁVEL, MODELO:FORMATO ANATÔMICO, FINALIDADE:RESISTENTE À TRAÇÃO";"CAIXA";;;"Registro de Preços";"ADMINISTRATIVA";"100.0";"UN";"CAIXA 100.00 UN";"16.647.278/0001-95";"PARAMED DISTRIBUIDORA DE MEDICAMENTOS LTDA";"43.945.150/0001-80";"ABL INDUSTRIA, COMERCIO ATACADISTA, IMPORTACAO E EXPORTACAO LTDA";"30";"7.0";"210.0"
"2026";"FUNDO MUNICIPAL DE SAUDE - SALGADINHO - PB";"MUNICIPAL";"11.321.779/0001-63";"SALGADINHO";"PB";"26/01/2026";"09/02/2026";"271111";"AMOXICILINA, CONCENTRAÇÃO:50MG/ML, APRESENTAÇÃO:PÓ PARA SUSPENSÃO ORAL";"FRASCO";"S";"1438101110136";"Pregão";"ADMINISTRATIVA";"60.0";"ML";"FRASCO 60.00 ML";"31.187.918/0001-15";"ALLFAMED COMERCIO ATACADISTA DE MEDICAMENTOS LTDA";"02.814.497/0001-07";"CIMED INDUSTRIA S.A.";"50";"2.98";"149.0"
"2026";"FUNDO MUNICIPAL DE SAUDE DE FARO";"MUNICIPAL";"12.403.819/0001-89";"FARO";"PA";"26/01/2026";"27/02/2026";"437174";"CATETER PERIFÉRICO, APLICAÇÃO:VENOSO, MODELO:TIPO ESCALPE, MATERIAL AGULHA:AGULHA AÇO INOX, DIAMETRO:23 GAU, COMPONENTE ADICIONAL:C/ ASA DE FIXAÇÃO, TUBO EXTENSOR, CONECTOR:CONECTOR PADRÃO C/ TAMPA, COMPONENTE 1:C/ ADAPTADOR COLETA À VÁCUO, COMPONENTE 2:C/ SISTEMA SEGURANÇA SEGUNDO NR/32, TIPO USO:ESTÉRIL, DESCARTÁVEL, EMBALAGEM INDIVIDUAL";"UNIDADE";;;"Registro de Preços";"ADMINISTRATIVA";;;"UNIDADE";"16.647.278/0001-95";"PARAMED DISTRIBUIDORA DE MEDICAMENTOS LTDA";"61.418.042/0001-31";"CIRURGICA FERNANDES - COMERCIO DE MATERIAIS CIRURGICOS E HOSPITALARES - SOCIEDADE LIMITADA";"10";"10.0";"100.0"
"2026";"FUNDO MUNICIPAL DE SAUDE - SALGADINHO - PB";"MUNICIPAL";"11.321.779/0001-63";"SALGADINHO";"PB";"26/01/2026";"09/02/2026";"267650";"ENALAPRIL MALEATO, DOSAGEM:5 MG";"COMPRIMIDO";"S";"1057101580079";"Pregão";"ADMINISTRATIVA";;;"COMPRIMIDO";"31.187.918/0001-15";"ALLFAMED COMERCIO ATACADISTA DE MEDICAMENTOS LTDA";"18.324.343/0001-77";"BELFAR LTDA";"1500";"0.05";"75.0"
"2026";"FUNDO MUNICIPAL DE SAUDE DE FARO";"MUNICIPAL";"12.403.819/0001-89";"FARO";"PA";"26/01/2026";"27/02/2026";"444355";"ATADURA, TIPO 1:CREPOM, MATERIAL 1:100% ALGODÃO, DIMENSÕES:10 CM, GRAMATURA 1:CERCA DE 13 FIOS/ CM2, EMBALAGEM:EMBALAGEM INDIVIDUAL";"ROLO";;;"Registro de Preços";"ADMINISTRATIVA";"1.8";"M";"ROLO 1.80 M";"16.647.278/0001-95";"PARAMED DISTRIBUIDORA DE MEDICAMENTOS LTDA";"07.186.183/0001-20";"TEXPHARMA INDUSTRIA E COMERCIO DE PRODUTOS MEDICOS E HOSPITALARES LTDA";"20";"4.0";"80.0"
"2026";"FUNDO MUNICIPAL DE SAUDE - SALGADINHO - PB";"MUNICIPAL";"11.321.779/0001-63";"SALGADINHO";"PB";"26/01/2026";"09/02/2026";"267662";"FLUCONAZOL, DOSAGEM:150 MG";"CÁPSULA";"N";"1057100840069";"Pregão";"ADMINISTRATIVA";;;"CÁPSULA";"31.187.918/0001-15";"ALLFAMED COMERCIO ATACADISTA DE MEDICAMENTOS LTDA";"18.324.343/0001-77";"BELFAR LTDA";"200";"0.5";"100.0"
"2026";"FUNDO MUNICIPAL DE SAUDE DE FARO";"MUNICIPAL";"12.403.819/0001-89";"FARO";"PA";"26/01/2026";"27/02/2026";"279726";"ALGODÃO, TIPO:HIDRÓFILO, APRESENTAÇÃO:EM MANTAS, MATERIAL:ALVEJADO, PURIFICADO, ISENTO DE IMPUREZAS, CARACTERÍSTICAS ADICIONAIS:ENROLADO EM PAPEL APROPRIADO, ESTERILIDADE:NÃO ESTÉRIL, TIPO EMBALAGEM:EMBALAGEM INDIVIDUAL";"ROLO";;;"Registro de Preços";"ADMINISTRATIVA";"500.0";"G";"ROLO 500.00 G";"16.647.278/0001-95";"PARAMED DISTRIBUIDORA DE MEDICAMENTOS LTDA";"21.172.673/0001-07";"ERS INDUSTRIA E COMERCIO DE PRODUTOS DE HIGIENE E LIMPEZA S.A";"20";"7.0";"140.0"
"2026";"FUNDO MUNICIPAL DE SAUDE - SALGADINHO - PB";"MUNICIPAL";"11.321.779/0001-63";"SALGADINHO";"PB";"26/01/2026";"09/02/2026";"292344";"SULFATO FERROSO, DOSAGEM FERRO:40MG DE FERRO II";"COMPRIMIDO";"N";"1057100040119";"Pregão";"ADMINISTRATIVA";;;"COMPRIMIDO";"31.187.918/0001-15";"ALLFAMED COMERCIO ATACADISTA DE MEDICAMENTOS LTDA";"18.324.343/0001-77";"BELFAR LTDA";"300";"0.04";"12.0"
"2026";"FUNDO MUNICIPAL DE SAUDE DE FARO";"MUNICIPAL";"12.403.819/0001-89";"FARO";"PA";"26/01/2026";"27/02/2026";"269892";"LUVA PARA PROCEDIMENTO NÃO CIRÚRGICO, MATERIAL:LÁTEX NATURAL ÍNTEGRO E UNIFORME, TAMANHO:GRANDE, CARACTERÍSTICAS ADICIONAIS:LUBRIFICADA COM PÓ BIOABSORVÍVEL, DESCARTÁVEL, APRESENTAÇÃO:ATÓXICA, TIPO:AMBIDESTRA, TIPO USO:DESCARTÁVEL, MODELO:FORMATO ANATÔMICO, FINALIDADE:RESISTENTE À TRAÇÃO";"CAIXA";;;"Registro de Preços";"ADMINISTRATIVA";"100.0";"UN";"CAIXA 100.00 UN";"16.647.278/0001-95";"PARAMED DISTRIBUIDORA DE MEDICAMENTOS LTDA";"43.945.150/0001-80";"ABL INDUSTRIA, COMERCIO ATACADISTA, IMPORTACAO E EXPORTACAO LTDA";"40";"7.0";"280.0"
"2026";"FUNDO MUNICIPAL DE SAUDE - SALGADINHO - PB";"MUNICIPAL";"11.321.779/0001-63";"SALGADINHO";"PB";"26/01/2026";"09/02/2026";"271581";"TOBRAMICINA, DOSAGEM:0,3%, APRESENTAÇÃO:SOLUÇÃO OFTÁLMICA";"FRASCO";"S";"1558401930016";"Pregão";"ADMINISTRATIVA";"5.0";"ML";"FRASCO 5.00 ML";"31.187.918/0001-15";"ALLFAMED COMERCIO ATACADISTA DE MEDICAMENTOS LTDA";"05.161.069/0001-10";"BRAINFARMA INDUSTRIA QUIMICA E FARMACEUTICA S.A.";"5";"7.86";"39.3"
"2026";"FUNDO MUNICIPAL DE SAUDE DE FARO";"MUNICIPAL";"12.403.819/0001-89";"FARO";"PA";"26/01/2026";"27/02/2026";"327566";"ÁCIDO TRANEXÂMICO, DOSAGEM:50 MG/ML, FORMA FARMACÊUTICA:SOLUÇÃO INJETÁVEL";"AMPOLA";"S";"1134301860021";"Registro de Preços";"ADMINISTRATIVA";"5.0";"ML";"AMPOLA 5.00 ML";"16.647.278/0001-95";"PARAMED DISTRIBUIDORA DE MEDICAMENTOS LTDA";"19.570.720/0001-10";"HIPOLABOR FARMACEUTICA LTDA";"300";"1.5";"450.0"
"2026";"FUNDO MUNICIPAL DE SAUDE - SALGADINHO - PB";"MUNICIPAL";"11.321.779/0001-63";"SALGADINHO";"PB";"26/01/2026";"09/02/2026";"363597";"PERMETRINA, CONCENTRAÇÃO:50 MG/ML, FORMA FARMACEUTICA:LOÇÃO";"FRASCO";"N";"1476100110100";"Pregão";"ADMINISTRATIVA";"60.0";"ML";"FRASCO 60.00 ML";"31.187.918/0001-15";"ALLFAMED COMERCIO ATACADISTA DE MEDICAMENTOS LTDA";"65.271.900/0001-19";"NATIVITA INDUSTRIA E COMERCIO LTDA";"5";"3.79";"18.95"
"2026";"FUNDO MUNICIPAL DE SAUDE DE FARO";"MUNICIPAL";"12.403.819/0001-89";"FARO";"PA";"26/01/2026";"27/02/2026";"357880";"GLICOSE, CONCENTRAÇAO:5%, FORMA FARMACEUTICA:SOLUÇÃO INJETÁVEL, CARACTERISTICA ADICIONAL:SISTEMA FECHADO, EMBALAGEM PRIMÁRIA ISENTA DE PVC";"FRASCO";"N";"1004101070185";"Registro de Preços";"ADMINISTRATIVA";"500.0";"ML";"FRASCO 500.00 ML";"16.647.278/0001-95";"PARAMED DISTRIBUIDORA DE MEDICAMENTOS LTDA";"49.324.221/0001-04";"FRESENIUS KABI BRASIL LTDA.";"120";"8.0";"960.0"
"2026";"FUNDO MUNICIPAL DE SAUDE - SALGADINHO - PB";"MUNICIPAL";"11.321.779/0001-63";"SALGADINHO";"PB";"26/01/2026";"09/02/2026";"267674";"HIDROCLOROTIAZIDA, DOSAGEM:25 MG";"COMPRIMIDO";"S";"1438102100053";"Pregão";"ADMINISTRATIVA";;;"COMPRIMIDO";"31.187.918/0001-15";"ALLFAMED COMERCIO ATACADISTA DE MEDICAMENTOS LTDA";"02.814.497/0001-07";"CIMED INDUSTRIA S.A.";"3000";"0.03";"90.0"
"2026";"FUNDO MUNICIPAL DE SAUDE DE FARO";"MUNICIPAL";"12.403.819/0001-89";"FARO";"PA";"26/01/2026";"27/02/2026";"312217";"LUVA PARA PROCEDIMENTO NÃO CIRÚRGICO, MATERIAL:LÁTEX, TAMANHO:MÉDIO, CARACTERÍSTICAS ADICIONAIS:LUBRIFICADA COM PÓ BIOABSORVÍVEL, ESTERILIDADE:ESTÉRIL, COR:BRANCA, COMPRIMENTO CANO:MÍNIMO 80 MM, TIPO:PAR, TIPO USO:DESCARTÁVEL";"CAIXA";;;"Registro de Preços";"ADMINISTRATIVA";"100.0";"UN";"CAIXA 100.00 UN";"16.647.278/0001-95";"PARAMED DISTRIBUIDORA DE MEDICAMENTOS LTDA";"43.945.150/0001-80";"ABL INDUSTRIA, COMERCIO ATACADISTA, IMPORTACAO E EXPORTACAO LTDA";"50";"7.0";"350.0"
"2026";"FUNDO MUNICIPAL DE SAUDE - SALGADINHO - PB";"MUNICIPAL";"11.321.779/0001-63";"SALGADINHO";"PB";"26/01/2026";"09/02/2026";"267691";"METFORMINA CLORIDRATO, DOSAGEM:850 MG";"COMPRIMIDO";"S";"1542302700091";"Pregão";"ADMINISTRATIVA";;;"COMPRIMIDO";"31.187.918/0001-15";"ALLFAMED COMERCIO ATACADISTA DE MEDICAMENTOS LTDA";"03.485.572/0001-04";"GEOLAB INDUSTRIA FARMACEUTICA S/A";"3000";"0.14";"420.0"
"2026";"FUNDO MUNICIPAL DE SAUDE DE FARO";"MUNICIPAL";"12.403.819/0001-89";"FARO";"PA";"26/01/2026";"27/02/2026";"313631";"LÂMINA BISTURI, MATERIAL:AÇO CARBONO, TAMANHO:Nº 23, TIPO:DESCARTÁVEL, ESTERILIDADE:ESTÉRIL, CARACTERÍSTICAS ADICIONAIS:EMBALADA INDIVIDUALMENTE";"CAIXA";;;"Registro de Preços";"ADMINISTRATIVA";"100.0";"UN";"CAIXA 100.00 UN";"16.647.278/0001-95";"PARAMED DISTRIBUIDORA DE MEDICAMENTOS LTDA";"61.418.042/0001-31";"CIRURGICA FERNANDES - COMERCIO DE MATERIAIS CIRURGICOS E HOSPITALARES - SOCIEDADE LIMITADA";"4";"20.0";"80.0"
"2026";"FUNDO MUNICIPAL DE SAUDE - SALGADINHO - PB";"MUNICIPAL";"11.321.779/0001-63";"SALGADINHO";"PB";"26/01/2026";"09/02/2026";"267779";"PARACETAMOL, DOSAGEM COMPRIMIDO:750 MG";"COMPRIMIDO";"N";"1003801100070";"Pregão";"ADMINISTRATIVA";;;"COMPRIMIDO";"26.156.923/0001-20";"EXPRESS DISTRIBUIDORA DE MEDICAMENTOS LTDA";"46.179.008/0001-68";"BRASTERAPICA INDUSTRIA FARMACEUTICA LTDA.";"400";"0.12";"48.0"
"2026";"FUNDO MUNICIPAL DE SAUDE DE FARO";"MUNICIPAL";"12.403.819/0001-89";"FARO";"PA";"26/01/2026";"27/02/2026";"366903";"LÂMINA BISTURI, MATERIAL:AÇO INOXIDÁVEL, TAMANHO:Nº 15, TIPO:DESCARTÁVEL, ESTERILIDADE:ESTÉRIL, CARACTERÍSTICAS ADICIONAIS:EMBALADA INDIVIDUALMENTE";"CAIXA";;;"Registro de Preços";"ADMINISTRATIVA";"100.0";"UN";"CAIXA 100.00 UN";"16.647.278/0001-95";"PARAMED DISTRIBUIDORA DE MEDICAMENTOS LTDA";"61.418.042/0001-31";"CIRURGICA FERNANDES - COMERCIO DE MATERIAIS CIRURGICOS E HOSPITALARES - SOCIEDADE LIMITADA";"4";"20.0";"80.0"
"2026";"FUNDO MUNICIPAL DE SAUDE - SALGADINHO - PB";"MUNICIPAL";"11.321.779/0001-63";"SALGADINHO";"PB";"26/01/2026";"09/02/2026";"267777";"PARACETAMOL, DOSAGEM SOLUÇÃO ORAL:200 MG/ML, APRESENTAÇÃO:SOLUÇÃO ORAL";"FRASCO";"S";"1108500340071";"Pregão";"ADMINISTRATIVA";"10.0";"ML";"FRASCO 10.00 ML";"26.156.923/0001-20";"EXPRESS DISTRIBUIDORA DE MEDICAMENTOS LTDA";"06.628.333/0001-46";"FARMACE - INDUSTRIA QUIMICO-FARMACEUTICA CEARENSE LTDA";"30";"1.15";"34.5"
"2026";"FUNDO MUNICIPAL DE SAUDE DE FARO";"MUNICIPAL";"12.403.819/0001-89";"FARO";"PA";"26/01/2026";"27/02/2026";"268236";"CLORETO DE SÓDIO, PRINCÍPIO ATIVO:0,9%_ SOLUÇÃO INJETÁVEL, APLICAÇÃO:SISTEMA FECHADO";"FRASCO";"N";"1004100980099";"Registro de Preços";"ADMINISTRATIVA";"250.0";"ML";"FRASCO 250.00 ML";"16.647.278/0001-95";"PARAMED DISTRIBUIDORA DE MEDICAMENTOS LTDA";"49.324.221/0001-04";"FRESENIUS KABI BRASIL LTDA.";"96";"2.0";"192.0"
"2026";"FUNDO MUNICIPAL DE SAUDE - SALGADINHO - PB";"MUNICIPAL";"11.321.779/0001-63";"SALGADINHO";"PB";"26/01/2026";"09/02/2026";"267768";"PROMETAZINA CLORIDRATO, DOSAGEM:25 MG";"COMPRIMIDO";"N";"1037003210027";"Pregão";"ADMINISTRATIVA";;;"COMPRIMIDO";"31.187.918/0001-15";"ALLFAMED COMERCIO ATACADISTA DE MEDICAMENTOS LTDA";"17.159.229/0001-76";"LABORATORIO TEUTO BRASILEIRO S/A";"600";"0.17";"102.0"
"2026";"FUNDO MUNICIPAL DE SAUDE DE FARO";"MUNICIPAL";"12.403.819/0001-89";"FARO";"PA";"26/01/2026";"27/02/2026";"315056";"ÁGUA DESTILADA, ASPECTO FÍSICO:BIDESTILADA, ESTÉRIL, APIROGÊNICA";"AMPOLA";"N";"1177200240463";"Registro de Preços";"ADMINISTRATIVA";"10.0";"ML";"AMPOLA 10.00 ML";"16.647.278/0001-95";"PARAMED DISTRIBUIDORA DE MEDICAMENTOS LTDA";"01.784.792/0001-03";"EQUIPLEX INDUSTRIA FARMACEUTICA LTDA -";"600";"0.4";"240.0"
"2026";"FUNDO MUNICIPAL DE SAUDE - SALGADINHO - PB";"MUNICIPAL";"11.321.779/0001-63";"SALGADINHO";"PB";"26/01/2026";"09/02/2026";"308884";"SULFAMETOXAZOL, COMPOSIÇÃO:ASSOCIADO À TRIMETOPRIMA, CONCENTRAÇÃO:40MG + 8MG/ML, FORMA FARMACÊUTICA:SUSPENSÃO ORAL";"FRASCO";"S";"1023510480076";"Pregão";"ADMINISTRATIVA";"100.0";"ML";"FRASCO 100.00 ML";"31.187.918/0001-15";"ALLFAMED COMERCIO ATACADISTA DE MEDICAMENTOS LTDA";"57.507.378/0003-65";"EMS S/A";"20";"4.82";"96.4"
"2026";"FUNDO MUNICIPAL DE SAUDE DE FARO";"MUNICIPAL";"12.403.819/0001-89";"FARO";"PA";"26/01/2026";"27/02/2026";"450890";"CEFTRIAXONA SÓDICA, CONCENTRAÇÃO:1 G, FORMA FARMACEUTICA:PÓ P/ SOLUÇÃO INJETÁVEL + DILUENTE";"FRASCO-AMPOLA";"S";"1163701740061";"Registro de Preços";"ADMINISTRATIVA";;;"FRASCO-AMPOLA";"16.647.278/0001-95";"PARAMED DISTRIBUIDORA DE MEDICAMENTOS LTDA";"58.430.828/0001-60";"BLAU FARMACEUTICA S.A.";"500";"1.21";"605.0"
"2026";"FUNDO MUNICIPAL DE SAUDE - SALGADINHO - PB";"MUNICIPAL";"11.321.779/0001-63";"SALGADINHO";"PB";"26/01/2026";"09/02/2026";"267741";"PREDNISONA, DOSAGEM:5 MG";"COMPRIMIDO";"S";"1134302130043";"Pregão";"ADMINISTRATIVA";;;"COMPRIMIDO";"31.187.918/0001-15";"ALLFAMED COMERCIO ATACADISTA DE MEDICAMENTOS LTDA";"19.570.720/0001-10";"HIPOLABOR FARMACEUTICA LTDA";"500";"0.07";"35.0"
"2026";"FUNDO MUNICIPAL DE SAUDE DE FARO";"MUNICIPAL";"12.403.819/0001-89";"FARO";"PA";"26/01/2026";"27/02/2026";"268331";"IPRATRÓPIO BROMETO, DOSAGEM:0,25 MG/ML, USO:SOLUÇÃO PARA INALAÇÃO";"FRASCO";"S";"1256800900026";"Registro de Preços";"ADMINISTRATIVA";"20.0";"ML";"FRASCO 20.00 ML";"16.647.278/0001-95";"PARAMED DISTRIBUIDORA DE MEDICAMENTOS LTDA";"73.856.593/0001-66";"PRATI, DONADUZZI & CIA LTDA";"400";"1.0";"400.0"
"2026";"SECRETARIA DE ESTADO DA SAUDE";"ESTADUAL";"76.416.866/0001-40";"CURITIBA";"PR";"26/01/2026";"05/02/2026";"271107";"CICLOSPORINA, CONCENTRAÇÃO:100 MG";"CÁPSULA";"N";"1058309990091";"Pregão";"ADMINISTRATIVA";;;"CÁPSULA";"09.944.371/0001-04";"SULMEDIC COMERCIO DE MEDICAMENTOS LTDA";"45.992.062/0001-65";"GERMED FARMACEUTICA LTDA";"997200";"9.41";"9383652.0"
"2026";"FUNDO MUNICIPAL DE SAUDE DE FARO";"MUNICIPAL";"12.403.819/0001-89";"FARO";"PA";"26/01/2026";"27/02/2026";"268236";"CLORETO DE SÓDIO, PRINCÍPIO ATIVO:0,9%_ SOLUÇÃO INJETÁVEL, APLICAÇÃO:SISTEMA FECHADO";"FRASCO";"N";"1177200010395";"Registro de Preços";"ADMINISTRATIVA";"100.0";"ML";"FRASCO 100.00 ML";"16.647.278/0001-95";"PARAMED DISTRIBUIDORA DE MEDICAMENTOS LTDA";"01.784.792/0001-03";"EQUIPLEX INDUSTRIA FARMACEUTICA LTDA -";"140";"2.0";"280.0"
"2026";"SECRETARIA DE ESTADO DA SAUDE";"ESTADUAL";"76.416.866/0001-40";"CURITIBA";"PR";"26/01/2026";"05/02/2026";"271106";"CICLOSPORINA, CONCENTRAÇÃO:50 MG";"CÁPSULA";"N";"1058309990081";"Pregão";"ADMINISTRATIVA";;;"CÁPSULA";"09.944.371/0001-04";"SULMEDIC COMERCIO DE MEDICAMENTOS LTDA";"45.992.062/0001-65";"GERMED FARMACEUTICA LTDA";"764350";"4.75";"3630662.5"
"2026";"FUNDO MUNICIPAL DE SAUDE DE FARO";"MUNICIPAL";"12.403.819/0001-89";"FARO";"PA";"26/01/2026";"27/02/2026";"269876";"CLOREXIDINA DIGLUCONATO, DOSAGEM:2%, APLICAÇÃO:DEGERMANTE";"FRASCO";;;"Registro de Preços";"ADMINISTRATIVA";"1000.0";"ML";"FRASCO 1000.00 ML";"16.647.278/0001-95";"PARAMED DISTRIBUIDORA DE MEDICAMENTOS LTDA";"39.032.974/0001-92";"VIC PHARMA INDUSTRIA E COMERCIO LTDA";"5";"15.0";"75.0"
"2026";"SECRETARIA DE ESTADO DA SAUDE";"ESTADUAL";"76.416.866/0001-40";"CURITIBA";"PR";"26/01/2026";"30/01/2026";"364780";"ARIPIPRAZOL, CONCENTRAÇÃO:10 MG";"COMPRIMIDO";"S";"1004705870020";"Pregão";"JUDICIAL";;;"COMPRIMIDO";"00.656.468/0001-39";"SOMA/PR COMERCIO DE PRODUTOS HOSPITALARES LTDA";"61.286.647/0001-16";"SANDOZ DO BRASIL INDUSTRIA FARMACEUTICA LTDA.";"272520";"0.32";"87206.4"
"2026";"FUNDO MUNICIPAL DE SAUDE DE FARO";"MUNICIPAL";"12.403.819/0001-89";"FARO";"PA";"26/01/2026";"27/02/2026";"268236";"CLORETO DE SÓDIO, PRINCÍPIO ATIVO:0,9%_ SOLUÇÃO INJETÁVEL, APLICAÇÃO:SISTEMA FECHADO";"FRASCO";"N";"1004100980129";"Registro de Preços";"ADMINISTRATIVA";"100.0";"ML";"FRASCO 100.00 ML";"16.647.278/0001-95";"PARAMED DISTRIBUIDORA DE MEDICAMENTOS LTDA";"49.324.221/0001-04";"FRESENIUS KABI BRASIL LTDA.";"270";"1.25";"337.5"
"2026";"SECRETARIA DE ESTADO DA SAUDE";"ESTADUAL";"76.416.866/0001-40";"CURITIBA";"PR";"26/01/2026";"30/01/2026";"405899";"DESVENLAFAXINA, COMPOSIÇÃO:SAL SUCCINATO, CONCENTRAÇÃO:100 MG, FORMA FARMACÊUTICA:LIBERAÇÃO CONTROLADA";"COMPRIMIDO";"S";"1004312080172";"Pregão";"JUDICIAL";;;"COMPRIMIDO";"09.944.371/0005-20";"SULMEDIC COMERCIO DE MEDICAMENTOS LTDA";"61.190.096/0001-92";"EUROFARMA LABORATORIOS S.A.";"53280";"0.94";"50083.2"
"2026";"FUNDO MUNICIPAL DE SAUDE DE FARO";"MUNICIPAL";"12.403.819/0001-89";"FARO";"PA";"26/01/2026";"27/02/2026";"363088";"VITAMINAS DO COMPLEXO B, COMPOSIÇÃO BÁSICA:B1, B2, B5, B6 E PP, FORMA FARMACÊUTICA:SOLUÇÃO INJETÁVEL";"AMPOLA";"N";"1018600330018";"Registro de Preços";"ADMINISTRATIVA";"2.0";"ML";"AMPOLA 2.00 ML";"16.647.278/0001-95";"PARAMED DISTRIBUIDORA DE MEDICAMENTOS LTDA";"04.099.395/0001-82";"SANTISA LABORATORIO FARMACEUTICO S.A";"600";"0.25";"150.0"
"2026";"FUNDO MUNICIPAL DE SAUDE - SALGADINHO - PB";"MUNICIPAL";"11.321.779/0001-63";"SALGADINHO";"PB";"26/01/2026";"09/02/2026";"273710";"NIMESULIDA, DOSAGEM:100 MG";"COMPRIMIDO";"N";"1039200730046";"Pregão";"ADMINISTRATIVA";;;"COMPRIMIDO";"31.187.918/0001-15";"ALLFAMED COMERCIO ATACADISTA DE MEDICAMENTOS LTDA";"30.222.814/0001-31";"VITAMEDIC INDUSTRIA FARMACEUTICA LTDA";"1200";"0.1";"120.0"
"2026";"FUNDO MUNICIPAL DE SAUDE DE FARO";"MUNICIPAL";"12.403.819/0001-89";"FARO";"PA";"26/01/2026";"27/02/2026";"313571";"LÂMINA BISTURI, MATERIAL:AÇO CARBONO, TAMANHO:Nº 11, TIPO:DESCARTÁVEL, ESTERILIDADE:ESTÉRIL, CARACTERÍSTICAS ADICIONAIS:EMBALADA INDIVIDUALMENTE";"CAIXA";;;"Registro de Preços";"ADMINISTRATIVA";"100.0";"UN";"CAIXA 100.00 UN";"16.647.278/0001-95";"PARAMED DISTRIBUIDORA DE MEDICAMENTOS LTDA";"37.820.994/0001-00";"MEDIX BRASIL INDUSTRIA DE DESCARTAVEIS HOSPITALARES LTDA";"4";"10.0";"40.0"
"2026";"FUNDO MUNICIPAL DE SAUDE - SALGADINHO - PB";"MUNICIPAL";"11.321.779/0001-63";"SALGADINHO";"PB";"26/01/2026";"09/02/2026";"392118";"DIMETICONA, CONCENTRAÇÃO:75 MG/ML, FORMA FARMACEUTICA:EMULSÃO ORAL - GOTAS";"FRASCO";"S";"1134301330030";"Pregão";"ADMINISTRATIVA";"10.0";"ML";"FRASCO 10.00 ML";"31.187.918/0001-15";"ALLFAMED COMERCIO ATACADISTA DE MEDICAMENTOS LTDA";"19.570.720/0001-10";"HIPOLABOR FARMACEUTICA LTDA";"50";"1.39";"69.5"
"2026";"FUNDO MUNICIPAL DE SAUDE DE FARO";"MUNICIPAL";"12.403.819/0001-89";"FARO";"PA";"26/01/2026";"27/02/2026";"292427";"DEXAMETASONA, DOSAGEM:4 MG/ML, FORMA FARMACÊUTICA:SOLUÇÃO INJETÁVEL";"AMPOLA";"S";"1134301140037";"Registro de Preços";"ADMINISTRATIVA";"2.5";"ML";"AMPOLA 2.50 ML";"16.647.278/0001-95";"PARAMED DISTRIBUIDORA DE MEDICAMENTOS LTDA";"19.570.720/0001-10";"HIPOLABOR FARMACEUTICA LTDA";"600";"0.54";"324.0"
"2026";"FUNDO MUNICIPAL DE SAUDE";"MUNICIPAL";"11.164.805/0001-97";"JURIPIRANGA";"PB";"26/01/2026";"15/02/2026";"271710";"AMIODARONA, DOSAGEM:50MG/ML, INDICAÇÃO:INJETÁVEL";"AMPOLA";"S";"1134301220022";"Pregão";"ADMINISTRATIVA";"3.0";"ML";"AMPOLA 3.00 ML";"28.013.023/0001-50";"W D DISTRIBUIDORA E COMERCIO ATACADISTA DE MEDICAMENTOS LTDA";"19.570.720/0001-10";"HIPOLABOR FARMACEUTICA LTDA";"2000";"3.59";"7180.0"
"2026";"SECRETARIA DE ESTADO DA SAUDE";"ESTADUAL";"76.416.866/0001-40";"CURITIBA";"PR";"26/01/2026";"04/02/2026";"412830";"BRENTUXIMABE VEDOTINA, CONCENTRAÇÃO:50 MG, FORMA FARMACÊUTICA:PÓ LIÓFILO P/ INJETÁVEL";"FRASCO-AMPOLA";"N";"1063902690012";"Pregão";"JUDICIAL";;;"FRASCO-AMPOLA";"12.420.164/0005-80";"CM HOSPITALAR S.A.";"60.397.775/0001-74";"TAKEDA PHARMA LTDA.";"2784";"14830.7";"41288668.8"
"2026";"FUNDO MUNICIPAL DE SAUDE DE FARO";"MUNICIPAL";"12.403.819/0001-89";"FARO";"PA";"26/01/2026";"27/02/2026";"270621";"ESCOPOLAMINA BUTILBROMETO, APRESENTAÇÃO:ASSOCIADA COM DIPIRONA SÓDICA, DOSAGEM:4MG + 500MG/ML, INDICAÇÃO:SOLUÇÃO INJETÁVEL";"AMPOLA";"S";"1134301210035";"Registro de Preços";"ADMINISTRATIVA";"5.0";"ML";"AMPOLA 5.00 ML";"16.647.278/0001-95";"PARAMED DISTRIBUIDORA DE MEDICAMENTOS LTDA";"19.570.720/0001-10";"HIPOLABOR FARMACEUTICA LTDA";"400";"1.0";"400.0"
"2026";"FUNDO MUNICIPAL DE SAUDE";"MUNICIPAL";"11.164.805/0001-97";"JURIPIRANGA";"PB";"26/01/2026";"15/02/2026";"448808";"NORETISTERONA, CONCENTRAÇAO:0,35 MG, CARACTERÍSTICAS ADICIONAIS:EM BLISTER CALENDÁRIO";"BLISTER";"S";"1097402620028";"Pregão";"ADMINISTRATIVA";;;"BLISTER";"48.368.182/0001-84";"OUROMED DISTRIBUIDORA DE MEDICAMENTOS LTDA";"49.475.833/0001-06";"BIOLAB SANUS FARMACEUTICA LTDA";"8000";"0.26";"2080.0"
"2026";"SECRETARIA DE ESTADO DA SAUDE";"ESTADUAL";"76.416.866/0001-40";"CURITIBA";"PR";"26/01/2026";"04/02/2026";"480013";"SELUMETINIBE, CONCENTRAÇÃO:25 MG";"CÁPSULA";"N";"1161802850026";"Pregão";"JUDICIAL";;;"CÁPSULA";"60.318.797/0001-00";"ASTRAZENECA DO BRASIL LTDA.";"60.318.797/0001-00";"ASTRAZENECA DO BRASIL LTDA.";"12240";"1289.43";"15782623.2"
"2026";"FUNDO MUNICIPAL DE SAUDE DE FARO";"MUNICIPAL";"12.403.819/0001-89";"FARO";"PA";"26/01/2026";"27/02/2026";"292399";"FITOMENADIONA, DOSAGEM:10 MG/ML, APRESENTAÇÃO:SOLUÇÃO INJETÁVEL";"AMPOLA";"N";"1134301290020";"Registro de Preços";"ADMINISTRATIVA";"1.0";"ML";"AMPOLA 1.00 ML";"16.647.278/0001-95";"PARAMED DISTRIBUIDORA DE MEDICAMENTOS LTDA";"19.570.720/0001-10";"HIPOLABOR FARMACEUTICA LTDA";"300";"1.0";"300.0"
"2026";"FUNDO MUNICIPAL DE SAUDE";"MUNICIPAL";"11.164.805/0001-97";"JURIPIRANGA";"PB";"26/01/2026";"15/02/2026";"433257";"HIDRÓXIDO DE ALUMÍNIO, CONCENTRAÇÃO:60 MG/ML, FORMA FARMACEUTICA:SUSPENSÃO ORAL";"FRASCO";;;"Pregão";"ADMINISTRATIVA";"100.0";"ML";"FRASCO 100.00 ML";"15.218.561/0001-39";"NNMED - DISTRIBUICAO, IMPORTACAO E EXPORTACAO DE MEDICAMENTOS LTDA";"02.456.955/0001-83";"NATULAB LABORATORIO S.A";"7500";"2.86";"21450.0"
"2026";"SECRETARIA DE ESTADO DA SAUDE";"ESTADUAL";"76.416.866/0001-40";"CURITIBA";"PR";"26/01/2026";"04/02/2026";"480014";"SELUMETINIBE, CONCENTRAÇÃO:10 MG";"CÁPSULA";"N";"1161802850018";"Pregão";"JUDICIAL";;;"CÁPSULA";"60.318.797/0001-00";"ASTRAZENECA DO BRASIL LTDA.";"60.318.797/0001-00";"ASTRAZENECA DO BRASIL LTDA.";"34560";"515.77";"17825011.2"
"2026";"FUNDO MUNICIPAL DE SAUDE DE FARO";"MUNICIPAL";"12.403.819/0001-89";"FARO";"PA";"26/01/2026";"27/02/2026";"268504";"ONDANSETRONA CLORIDRATO, DOSAGEM:2 MG/ML, INDICAÇÃO:INJETÁVEL";"AMPOLA";"S";"1134301990014";"Registro de Preços";"ADMINISTRATIVA";"2.0";"ML";"AMPOLA 2.00 ML";"16.647.278/0001-95";"PARAMED DISTRIBUIDORA DE MEDICAMENTOS LTDA";"19.570.720/0001-10";"HIPOLABOR FARMACEUTICA LTDA";"400";"0.58";"232.0"
"2026";"FUNDO MUNICIPAL DE SAUDE";"MUNICIPAL";"11.164.805/0001-97";"JURIPIRANGA";"PB";"26/01/2026";"15/02/2026";"464130";"DIMENIDRINATO, CONCENTRAÇÃO:50 MG";"CÁPSULA";"N";"1781709010105";"Pregão";"ADMINISTRATIVA";;;"CÁPSULA";"31.151.224/0001-28";"ANJOMEDI DISTRIBUIDORA DE MEDICAMENTOS LTDA";"61.082.426/0002-07";"COSMED INDUSTRIA DE COSMETICOS E MEDICAMENTOS S.A.";"4000";"2.91";"11640.0"
"2026";"SECRETARIA DE ESTADO DA SAUDE";"ESTADUAL";"76.416.866/0001-40";"CURITIBA";"PR";"26/01/2026";"04/02/2026";"458280";"OLAPARIBE, CONCENTRAÇÃO:150 MG";"COMPRIMIDO";"N";"1161802680023";"Pregão";"JUDICIAL";;;"COMPRIMIDO";"60.318.797/0001-00";"ASTRAZENECA DO BRASIL LTDA.";"60.318.797/0001-00";"ASTRAZENECA DO BRASIL LTDA.";"113760";"213.82";"24324163.2"
"2026";"FUNDO MUNICIPAL DE SAUDE DE FARO";"MUNICIPAL";"12.403.819/0001-89";"FARO";"PA";"26/01/2026";"27/02/2026";"271687";"ÁCIDO ASCÓRBICO, DOSAGEM:100 MG/ML, TIPO USO:INJETÁVEL";"AMPOLA";"N";"1108500280026";"Registro de Preços";"ADMINISTRATIVA";"5.0";"ML";"AMPOLA 5.00 ML";"16.647.278/0001-95";"PARAMED DISTRIBUIDORA DE MEDICAMENTOS LTDA";"06.628.333/0001-46";"FARMACE - INDUSTRIA QUIMICO-FARMACEUTICA CEARENSE LTDA";"600";"0.25";"150.0"
"2026";"FUNDO MUNICIPAL DE SAUDE";"MUNICIPAL";"11.164.805/0001-97";"JURIPIRANGA";"PB";"26/01/2026";"15/02/2026";"433257";"HIDRÓXIDO DE ALUMÍNIO, CONCENTRAÇÃO:60 MG/ML, FORMA FARMACEUTICA:SUSPENSÃO ORAL";"FRASCO";;;"Pregão";"ADMINISTRATIVA";"100.0";"ML";"FRASCO 100.00 ML";"31.151.224/0001-28";"ANJOMEDI DISTRIBUIDORA DE MEDICAMENTOS LTDA";"01.858.973/0001-29";"AIRELA INDUSTRIA FARMACEUTICA LTDA";"2500";"2.88";"7200.0"
"2026";"SECRETARIA DE ESTADO DA SAUDE";"ESTADUAL";"76.416.866/0001-40";"CURITIBA";"PR";"26/01/2026";"30/01/2026";"448765";"SOMATROPINA, CONCENTRAÇÃO:6,66 MG/ML, FORMA FARMACEUTICA:SOLUÇÃO INJETÁVEL, CARACTERÍSTICA ADICIONAL:COM APLICADOR";"TUBETE";"N";"1176600060138";"Pregão";"JUDICIAL";"1.5";"ML";"TUBETE 1.50 ML";"81.706.251/0001-98";"PROMEFARMA MEDICAMENTOS E PRODUTOS HOSPITALARES LTDA";"82.277.955/0001-55";"NOVO NORDISK FARMACEUTICA DO BRASIL LTDA";"192";"652.63";"125304.96"
"2026";"FUNDO MUNICIPAL DE SAUDE DE FARO";"MUNICIPAL";"12.403.819/0001-89";"FARO";"PA";"26/01/2026";"27/02/2026";"308882";"SULFAMETOXAZOL, COMPOSIÇÃO:ASSOCIADO À TRIMETOPRIMA, CONCENTRAÇÃO:400MG + 80MG";"COMPRIMIDO";"S";"1039201690021";"Registro de Preços";"ADMINISTRATIVA";;;"COMPRIMIDO";"16.647.278/0001-95";"PARAMED DISTRIBUIDORA DE MEDICAMENTOS LTDA";"30.222.814/0001-31";"VITAMEDIC INDUSTRIA FARMACEUTICA LTDA";"2000";"0.17";"340.0"
"2026";"FUNDO MUNICIPAL DE SAUDE";"MUNICIPAL";"11.164.805/0001-97";"JURIPIRANGA";"PB";"26/01/2026";"15/02/2026";"363088";"VITAMINAS DO COMPLEXO B, COMPOSIÇÃO BÁSICA:B1, B2, B5, B6 E PP, FORMA FARMACÊUTICA:SOLUÇÃO INJETÁVEL";"AMPOLA";"N";"1038700290012";"Pregão";"ADMINISTRATIVA";"2.0";"ML";"AMPOLA 2.00 ML";"40.328.532/0001-77";"DISTRIBUIDORA DE MEDICAMENTOS BANDEIRANTE LTDA";"17.174.657/0001-78";"HYPOFARMA INSTITUTO DE HYPODERMIA E FARMACIA LTDA";"10000";"1.37";"13700.0"
"2026";"FUNDO MUNICIPAL DE SAUDE DE FARO";"MUNICIPAL";"12.403.819/0001-89";"FARO";"PA";"26/01/2026";"27/02/2026";"308884";"SULFAMETOXAZOL, COMPOSIÇÃO:ASSOCIADO À TRIMETOPRIMA, CONCENTRAÇÃO:40MG + 8MG/ML, FORMA FARMACÊUTICA:SUSPENSÃO ORAL";"FRASCO";"S";"1039201700051";"Registro de Preços";"ADMINISTRATIVA";"100.0";"ML";"FRASCO 100.00 ML";"16.647.278/0001-95";"PARAMED DISTRIBUIDORA DE MEDICAMENTOS LTDA";"30.222.814/0001-31";"VITAMEDIC INDUSTRIA FARMACEUTICA LTDA";"240";"1.1";"264.0"
"2026";"FUNDO MUNICIPAL DE SAUDE";"MUNICIPAL";"11.164.805/0001-97";"JURIPIRANGA";"PB";"26/01/2026";"15/02/2026";"296745";"OLMESARTANA MEDOXOMILA, COMPOSIÇÃO:ASSOCIADA COM HIDROCLOROTIAZIDA, CONCENTRAÇÃO:20 MG + 12,5 MG";"COMPRIMIDO";"S";"1004311360031";"Pregão";"ADMINISTRATIVA";;;"COMPRIMIDO";"40.328.532/0001-77";"DISTRIBUIDORA DE MEDICAMENTOS BANDEIRANTE LTDA";"61.190.096/0001-92";"EUROFARMA LABORATORIOS S.A.";"30000";"0.99";"29700.0"
"2026";"FUNDO MUNICIPAL DE SAUDE DE FARO";"MUNICIPAL";"12.403.819/0001-89";"FARO";"PA";"26/01/2026";"27/02/2026";"273467";"LORATADINA, CONCENTRAÇÃO:1MG/ML, TIPO MEDICAMENTO:XAROPE";"FRASCO";"N";"1438102540029";"Registro de Preços";"ADMINISTRATIVA";"100.0";"ML";"FRASCO 100.00 ML";"16.647.278/0001-95";"PARAMED DISTRIBUIDORA DE MEDICAMENTOS LTDA";"02.814.497/0001-07";"CIMED INDUSTRIA S.A.";"300";"1.5";"450.0"
"2026";"FUNDO MUNICIPAL DE SAUDE";"MUNICIPAL";"11.164.805/0001-97";"JURIPIRANGA";"PB";"26/01/2026";"15/02/2026";"340207";"CLORPROMAZINA, CONCENTRAÇÃO:40 MG/ML, FORMA FARMACEUTICA:SOLUÇÃO ORAL - GOTAS";"FRASCO";;;"Pregão";"ADMINISTRATIVA";"20.0";"ML";"FRASCO 20.00 ML";"40.328.532/0001-77";"DISTRIBUIDORA DE MEDICAMENTOS BANDEIRANTE LTDA";"10.588.595/0010-92";"SANOFI MEDLEY FARMACEUTICA LTDA";"1000";"11.03";"11030.0"
"2026";"FUNDO MUNICIPAL DE SAUDE DE FARO";"MUNICIPAL";"12.403.819/0001-89";"FARO";"PA";"26/01/2026";"27/02/2026";"269846";"LIDOCAÍNA CLORIDRATO, DOSAGEM:2%, APRESENTAÇÃO:GELÉIA";"BISNAGA";"N";"1410700560082";"Registro de Preços";"ADMINISTRATIVA";"30.0";"G";"BISNAGA 30.00 G";"16.647.278/0001-95";"PARAMED DISTRIBUIDORA DE MEDICAMENTOS LTDA";"02.501.297/0001-02";"PHARLAB INDUSTRIA FARMACEUTICA S.A";"100";"2.0";"200.0"
"2026";"FUNDO MUNICIPAL DE SAUDE";"MUNICIPAL";"11.164.805/0001-97";"JURIPIRANGA";"PB";"26/01/2026";"15/02/2026";"271392";"MORFINA, APRESENTAÇÃO:SULFATO, CONCENTRAÇÃO:10MG";"COMPRIMIDO";"N";"1029800970423";"Pregão";"ADMINISTRATIVA";;;"COMPRIMIDO";"62.077.080/0001-30";"SAUDENORD COMERCIO HOSPITALAR LTDA";"44.734.671/0001-51";"CRISTALIA PRODUTOS QUIMICOS FARMACEUTICOS LTDA";"2000";"0.87";"1740.0"
"2026";"FUNDO MUNICIPAL DE SAUDE DE FARO";"MUNICIPAL";"12.403.819/0001-89";"FARO";"PA";"26/01/2026";"27/02/2026";"444613";"ATADURA, TIPO 1:GESSADA, MATERIAL 1:100% ALGODÃO, DIMENSÕES:15 CM, CARACTERÍSTICAS ADICIONAIS 1:SECAGEM ULTRA RÁPIDA";"ROLO";;;"Registro de Preços";"ADMINISTRATIVA";"3.0";"M";"ROLO 3.00 M";"16.647.278/0001-95";"PARAMED DISTRIBUIDORA DE MEDICAMENTOS LTDA";"02.881.877/0001-64";"POLAR FIX INDUSTRIA E COMERCIO DE PRODUTOS HOSPITALARES LTDA";"20";"7.09";"141.8"
"2026";"FUNDO MUNICIPAL DE SAUDE";"MUNICIPAL";"11.164.805/0001-97";"JURIPIRANGA";"PB";"26/01/2026";"15/02/2026";"268481";"MIDAZOLAM, DOSAGEM:5 MG/ML, APLICAÇÃO:INJETÁVEL";"AMPOLA";"N";"1029801430104";"Pregão";"ADMINISTRATIVA";"10.0";"ML";"AMPOLA 10.00 ML";"62.077.080/0001-30";"SAUDENORD COMERCIO HOSPITALAR LTDA";"44.734.671/0001-51";"CRISTALIA PRODUTOS QUIMICOS FARMACEUTICOS LTDA";"800";"2.29";"1832.0"
"2026";"FUNDO MUNICIPAL DE SAUDE DE FARO";"MUNICIPAL";"12.403.819/0001-89";"FARO";"PA";"26/01/2026";"27/02/2026";"267643";"DEXAMETASONA, DOSAGEM:0,1%, APRESENTAÇÃO:CREME";"BISNAGA";"S";"1134302120021";"Registro de Preços";"ADMINISTRATIVA";"10.0";"G";"BISNAGA 10.00 G";"16.647.278/0001-95";"PARAMED DISTRIBUIDORA DE MEDICAMENTOS LTDA";"19.570.720/0001-10";"HIPOLABOR FARMACEUTICA LTDA";"200";"1.0";"200.0"
"2026";"FUNDO MUNICIPAL DE SAUDE";"MUNICIPAL";"11.164.805/0001-97";"JURIPIRANGA";"PB";"26/01/2026";"15/02/2026";"446264";"AMBROXOL, COMPOSIÇÃO:SAL CLORIDRATO, CONCENTRAÇÃO:3 MG/ML, FORMA FARMACÊUTICA:XAROPE";"FRASCO";"S";"1023504810027";"Pregão";"ADMINISTRATIVA";"120.0";"ML";"FRASCO 120.00 ML";"40.328.532/0001-77";"DISTRIBUIDORA DE MEDICAMENTOS BANDEIRANTE LTDA";"57.507.378/0003-65";"EMS S/A";"1000";"2.88";"2880.0"
"2026";"FUNDO MUNICIPAL DE SAUDE DE FARO";"MUNICIPAL";"12.403.819/0001-89";"FARO";"PA";"26/01/2026";"27/02/2026";"268243";"DEXAMETASONA, DOSAGEM:0,1 MG/ML, APRESENTAÇÃO:ELIXIR";"FRASCO";"S";"1108500350024";"Registro de Preços";"ADMINISTRATIVA";"100.0";"ML";"FRASCO 100.00 ML";"16.647.278/0001-95";"PARAMED DISTRIBUIDORA DE MEDICAMENTOS LTDA";"06.628.333/0001-46";"FARMACE - INDUSTRIA QUIMICO-FARMACEUTICA CEARENSE LTDA";"300";"1.0";"300.0"
"2026";"FUNDO MUNICIPAL DE SAUDE";"MUNICIPAL";"11.164.805/0001-97";"JURIPIRANGA";"PB";"26/01/2026";"15/02/2026";"267690";"METFORMINA CLORIDRATO, DOSAGEM:500 MG";"COMPRIMIDO";"N";"1008901930025";"Pregão";"ADMINISTRATIVA";;;"COMPRIMIDO";"62.077.080/0001-30";"SAUDENORD COMERCIO HOSPITALAR LTDA";"33.069.212/0001-84";"MERCK S/A";"25000";"0.13";"3250.0"
"2026";"FUNDO MUNICIPAL DE SAUDE DE FARO";"MUNICIPAL";"12.403.819/0001-89";"FARO";"PA";"26/01/2026";"27/02/2026";"267646";"DEXCLORFENIRAMINA MALEATO, DOSAGEM:0,4 MG/ML, APRESENTAÇÃO:SOLUÇÃO ORAL";"FRASCO";"N";"1384100200058";"Registro de Preços";"ADMINISTRATIVA";"100.0";"ML";"FRASCO 100.00 ML";"16.647.278/0001-95";"PARAMED DISTRIBUIDORA DE MEDICAMENTOS LTDA";"02.456.955/0001-83";"NATULAB LABORATORIO S.A";"300";"1.1";"330.0"
"2026";"FUNDO MUNICIPAL DE SAUDE";"MUNICIPAL";"11.164.805/0001-97";"JURIPIRANGA";"PB";"26/01/2026";"15/02/2026";"267677";"IBUPROFENO, DOSAGEM:300 MG";"COMPRIMIDO";"N";"1037000760158";"Pregão";"ADMINISTRATIVA";;;"COMPRIMIDO";"62.077.080/0001-30";"SAUDENORD COMERCIO HOSPITALAR LTDA";"17.159.229/0001-76";"LABORATORIO TEUTO BRASILEIRO S/A";"6000";"0.08";"480.0"
"2026";"FUNDO MUNICIPAL DE SAUDE DE FARO";"MUNICIPAL";"12.403.819/0001-89";"FARO";"PA";"26/01/2026";"27/02/2026";"269388";"DEXAMETASONA, DOSAGEM:4 MG";"COMPRIMIDO";"S";"1037005520112";"Registro de Preços";"ADMINISTRATIVA";;;"COMPRIMIDO";"16.647.278/0001-95";"PARAMED DISTRIBUIDORA DE MEDICAMENTOS LTDA";"17.159.229/0001-76";"LABORATORIO TEUTO BRASILEIRO S/A";"3000";"0.084";"252.0"
"2026";"FUNDO MUNICIPAL DE SAUDE";"MUNICIPAL";"11.164.805/0001-97";"JURIPIRANGA";"PB";"26/01/2026";"15/02/2026";"353333";"AMOXICILINA, PRINCÍPIO ATIVO:ASSOCIADA COM CLAVULANATO DE POTÁSSIO, CONCENTRAÇÃO:875MG + 125MG";"COMPRIMIDO";"S";"1044002030044";"Pregão";"ADMINISTRATIVA";;;"COMPRIMIDO";"62.077.080/0001-30";"SAUDENORD COMERCIO HOSPITALAR LTDA";"33.173.097/0002-74";"CELLERA FARMACEUTICA S.A.";"8000";"2.79";"22320.0"
"2026";"FUNDO MUNICIPAL DE SAUDE";"MUNICIPAL";"11.164.805/0001-97";"JURIPIRANGA";"PB";"26/01/2026";"15/02/2026";"465425";"METFORMINA CLORIDRATO, CONCENTRAÇÃO:850 MG, FORMA FARMACÊUTICA:AÇÃO PROLONGADA";"COMPRIMIDO";"N";"1008903400236";"Pregão";"ADMINISTRATIVA";;;"COMPRIMIDO";"62.077.080/0001-30";"SAUDENORD COMERCIO HOSPITALAR LTDA";"33.069.212/0001-84";"MERCK S/A";"20000";"0.14";"2800.0"
"2026";"FUNDO MUNICIPAL DE SAUDE";"MUNICIPAL";"11.164.805/0001-97";"JURIPIRANGA";"PB";"26/01/2026";"15/02/2026";"394856";"BENZOILMETRONIDAZOL, CONCENTRAÇÃO:40 MG/ML, FORMA FARMACÊUTICA:SUSPENSÃO ORAL";"FRASCO";;;"Pregão";"ADMINISTRATIVA";"100.0";"ML";"FRASCO 100.00 ML";"62.077.080/0001-30";"SAUDENORD COMERCIO HOSPITALAR LTDA";"57.507.378/0001-01";"EMS S/A";"300";"6.76";"2028.0"
"2026";"FUNDO MUNICIPAL DE SAUDE";"MUNICIPAL";"11.164.805/0001-97";"JURIPIRANGA";"PB";"26/01/2026";"15/02/2026";"270999";"DICLOFENACO, APRESENTAÇÃO:SAL POTÁSSICO, DOSAGEM:25MG/ML, USO:SOLUÇÃO INJETÁVEL";"AMPOLA";"S";"1038700520018";"Pregão";"ADMINISTRATIVA";"3.0";"ML";"AMPOLA 3.00 ML";"29.186.223/0001-77";"FIELDS-MED COMERCIO LTDA";"17.174.657/0001-78";"HYPOFARMA INSTITUTO DE HYPODERMIA E FARMACIA LTDA";"10000";"1.12";"11200.0"
"2026";"FUNDO MUNICIPAL DE SAUDE";"MUNICIPAL";"11.164.805/0001-97";"JURIPIRANGA";"PB";"26/01/2026";"15/02/2026";"270120";"CLONAZEPAM, DOSAGEM:2,5 MG/ML, APRESENTAÇÃO:SOLUÇÃO ORAL- GOTAS";"FRASCO";"S";"1037005530029";"Pregão";"ADMINISTRATIVA";"20.0";"ML";"FRASCO 20.00 ML";"40.328.532/0001-77";"DISTRIBUIDORA DE MEDICAMENTOS BANDEIRANTE LTDA";"17.159.229/0001-76";"LABORATORIO TEUTO BRASILEIRO S/A";"1000";"2.54";"2540.0"
"2026";"FUNDO MUNICIPAL DE SAUDE";"MUNICIPAL";"11.164.805/0001-97";"JURIPIRANGA";"PB";"26/01/2026";"15/02/2026";"268162";"MICONAZOL NITRATO, DOSAGEM:2%, APRESENTAÇÃO:CREME VAGINAL";"BISNAGA";"S";"1256800530059";"Pregão";"ADMINISTRATIVA";"80.0";"G";"BISNAGA 80.00 G";"31.151.224/0001-28";"ANJOMEDI DISTRIBUIDORA DE MEDICAMENTOS LTDA";"73.856.593/0001-66";"PRATI, DONADUZZI & CIA LTDA";"2000";"10.38";"20760.0"
"2026";"FUNDO MUNICIPAL DE SAUDE";"MUNICIPAL";"11.164.805/0001-97";"JURIPIRANGA";"PB";"26/01/2026";"15/02/2026";"268505";"ONDANSETRONA CLORIDRATO, DOSAGEM:8 MG";"COMPRIMIDO";;;"Pregão";"ADMINISTRATIVA";;;"COMPRIMIDO";"20.918.668/0001-20";"MEDICINALI PRODUTOS PARA SAUDE LTDA";"10.588.595/0010-92";"SANOFI MEDLEY FARMACEUTICA LTDA";"3000";"0.35";"1050.0"
"2026";"FUNDO MUNICIPAL DE SAUDE";"MUNICIPAL";"11.164.805/0001-97";"JURIPIRANGA";"PB";"26/01/2026";"15/02/2026";"272380";"VENLAFAXINA, COMPOSIÇÃO:SAL CLORIDRATO, CONCENTRAÇÃO:150 MG, APRESENTAÇÃO:LIBERAÇÃO CONTROLADA";"CÁPSULA";"S";"1023512770055";"Pregão";"ADMINISTRATIVA";;;"CÁPSULA";"20.918.668/0001-20";"MEDICINALI PRODUTOS PARA SAUDE LTDA";"57.507.378/0003-65";"EMS S/A";"25000";"1.09";"27250.0"
"2026";"FUNDO MUNICIPAL DE SAUDE";"MUNICIPAL";"11.164.805/0001-97";"JURIPIRANGA";"PB";"26/01/2026";"15/02/2026";"267378";"NISTATINA, DOSAGEM:100.000 UI/ML, APRESENTAÇÃO:SUSPENSÃO ORAL";"FRASCO";"S";"1256800260051";"Pregão";"ADMINISTRATIVA";"30.0";"ML";"FRASCO 30.00 ML";"29.186.223/0001-77";"FIELDS-MED COMERCIO LTDA";"73.856.593/0001-66";"PRATI, DONADUZZI & CIA LTDA";"300";"6.39";"1917.0"
"2026";"FUNDO MUNICIPAL DE SAUDE";"MUNICIPAL";"11.164.805/0001-97";"JURIPIRANGA";"PB";"26/01/2026";"15/02/2026";"448597";"PREDNISOLONA, COMPOSIÇÃO:FOSFATO SÓDICO, CONCENTRAÇÃO:20 MG";"COMPRIMIDO";"S";"1256802680015";"Pregão";"ADMINISTRATIVA";;;"COMPRIMIDO";"29.186.223/0001-77";"FIELDS-MED COMERCIO LTDA";"73.856.593/0001-66";"PRATI, DONADUZZI & CIA LTDA";"3000";"0.31";"930.0"
"2026";"FUNDO MUNICIPAL DE SAUDE";"MUNICIPAL";"11.164.805/0001-97";"JURIPIRANGA";"PB";"26/01/2026";"15/02/2026";"308884";"SULFAMETOXAZOL, COMPOSIÇÃO:ASSOCIADO À TRIMETOPRIMA, CONCENTRAÇÃO:40MG + 8MG/ML, FORMA FARMACÊUTICA:SUSPENSÃO ORAL";"FRASCO";"S";"1039201700051";"Pregão";"ADMINISTRATIVA";"100.0";"ML";"FRASCO 100.00 ML";"40.328.532/0001-77";"DISTRIBUIDORA DE MEDICAMENTOS BANDEIRANTE LTDA";"30.222.814/0001-31";"VITAMEDIC INDUSTRIA FARMACEUTICA LTDA";"500";"5.53";"2765.0"
"2026";"FUNDO MUNICIPAL DE SAUDE";"MUNICIPAL";"11.164.805/0001-97";"JURIPIRANGA";"PB";"26/01/2026";"15/02/2026";"300989";"PERICIAZINA, DOSAGEM:40 MG/ML, FORMA FARMACÊUTICA:SOLUÇÃO ORAL - GOTAS";"FRASCO";"N";"1152400230032";"Pregão";"ADMINISTRATIVA";"20.0";"ML";"FRASCO 20.00 ML";"40.328.532/0001-77";"DISTRIBUIDORA DE MEDICAMENTOS BANDEIRANTE LTDA";"53.359.824/0001-19";"BLANVER FARMOQUIMICA E FARMACEUTICA S.A.";"1000";"36.58";"36580.0"
"2026";"FUNDO MUNICIPAL DE SAUDE";"MUNICIPAL";"11.164.805/0001-97";"JURIPIRANGA";"PB";"26/01/2026";"15/02/2026";"268446";"DOBUTAMINA CLORIDRATO, DOSAGEM:12,5 MG/ML, INDICAÇÃO:INJETÁVEL";"AMPOLA";"S";"1134301170025";"Pregão";"ADMINISTRATIVA";"20.0";"ML";"AMPOLA 20.00 ML";"40.328.532/0001-77";"DISTRIBUIDORA DE MEDICAMENTOS BANDEIRANTE LTDA";"19.570.720/0001-10";"HIPOLABOR FARMACEUTICA LTDA";"500";"8.09";"4045.0"
"2026";"FUNDO MUNICIPAL DE SAUDE";"MUNICIPAL";"11.164.805/0001-97";"JURIPIRANGA";"PB";"26/01/2026";"15/02/2026";"271687";"ÁCIDO ASCÓRBICO, DOSAGEM:100 MG/ML, TIPO USO:INJETÁVEL";"AMPOLA";"N";"1037002040063";"Pregão";"ADMINISTRATIVA";"5.0";"ML";"AMPOLA 5.00 ML";"40.328.532/0001-77";"DISTRIBUIDORA DE MEDICAMENTOS BANDEIRANTE LTDA";"17.159.229/0001-76";"LABORATORIO TEUTO BRASILEIRO S/A";"5000";"0.97";"4850.0"
"2026";"FUNDO MUNICIPAL DE SAUDE";"MUNICIPAL";"11.164.805/0001-97";"JURIPIRANGA";"PB";"26/01/2026";"15/02/2026";"332468";"SULFATO FERROSO, CONCENTRAÇÃO:5 MG/ML, FORMA FARMACEUTICA:XAROPE";"FRASCO";;;"Pregão";"ADMINISTRATIVA";"100.0";"ML";"FRASCO 100.00 ML";"48.368.182/0001-84";"OUROMED DISTRIBUIDORA DE MEDICAMENTOS LTDA";"00.677.858/0001-95";"ARTE NATIVA PRODUTOS NATURAIS LTDA";"300";"5.75";"1725.0"
"2026";"SECRETARIA DE ESTADO DA SAUDE";"ESTADUAL";"76.416.866/0001-40";"CURITIBA";"PR";"27/01/2026";"29/01/2026";"350613";"IMIQUIMODE, CONCENTRAÇÃO:50 MG/G, FORMA FARMACÊUTICA:CREME";"SACHÊ";"N";"1039001760026";"Pregão";"ADMINISTRATIVA";"0.25";"G";"SACHÊ 0.25 G";"81.706.251/0001-98";"PROMEFARMA MEDICAMENTOS E PRODUTOS HOSPITALARES LTDA";"33.349.473/0001-58";"FARMOQUIMICA S A";"1536";"10.5";"16128.0"
"2026";"SECRETARIA DE ESTADO DA SAUDE";"ESTADUAL";"76.416.866/0001-40";"CURITIBA";"PR";"27/01/2026";"29/01/2026";"319883";"SILDENAFILA, COMPOSIÇÃO:SAL CITRATO, CONCENTRAÇÃO:20 MG";"COMPRIMIDO";"S";"1023511360041";"Pregão";"ADMINISTRATIVA";;;"COMPRIMIDO";"09.944.371/0001-04";"SULMEDIC COMERCIO DE MEDICAMENTOS LTDA";"57.507.378/0003-65";"EMS S/A";"104400";"14.7";"1534680.0"
"2026";"SECRETARIA DE ESTADO DA SAUDE";"ESTADUAL";"76.416.866/0001-40";"CURITIBA";"PR";"27/01/2026";"29/01/2026";"608079";"FINERENONA, 10 MG";"COMPRIMIDO";"N";"1705601290012";"Pregão";"ADMINISTRATIVA";;;"COMPRIMIDO";"13.485.130/0001-03";"PHARMA LOG PRODUTOS FARMACEUTICOS LTDA";"18.459.628/0001-15";"BAYER S.A.";"4320";"3.72";"16070.4"
"2026";"SECRETARIA DE ESTADO DA SAUDE";"ESTADUAL";"76.416.866/0001-40";"CURITIBA";"PR";"27/01/2026";"29/01/2026";"273821";"SILDENAFILA, COMPOSIÇÃO:SAL CITRATO, CONCENTRAÇÃO:50 MG";"COMPRIMIDO";"N";"1004310350075";"Pregão";"ADMINISTRATIVA";;;"COMPRIMIDO";"10.749.758/0001-80";"A.D. DAMINELLI LTDA";"61.190.096/0001-92";"EUROFARMA LABORATORIOS S.A.";"30132";"0.29";"8738.28"
"2026";"SECRETARIA DE ESTADO DA SAUDE";"ESTADUAL";"76.416.866/0001-40";"CURITIBA";"PR";"27/01/2026";"29/01/2026";"369176";"EVEROLIMO, CONCENTRAÇÃO:0,50 MG";"COMPRIMIDO";"N";"1006809590020";"Pregão";"ADMINISTRATIVA";;;"COMPRIMIDO";"12.420.164/0005-80";"CM HOSPITALAR S.A.";"56.994.502/0001-30";"NOVARTIS BIOCIENCIAS SA";"42360";"19.31";"817971.6"
"2026";"SECRETARIA DE ESTADO DA SAUDE";"ESTADUAL";"76.416.866/0001-40";"CURITIBA";"PR";"27/01/2026";"29/01/2026";"285818";"SIROLIMO, DOSAGEM:2 MG";"DRÁGEA";"N";"1211004530024";"Pregão";"ADMINISTRATIVA";;;"DRÁGEA";"61.072.393/0039-06";"PFIZER BRASIL LTDA";"61.072.393/0001-33";"PFIZER BRASIL LTDA";"26640";"58.02";"1545652.8"
"2026";"SECRETARIA DE ESTADO DA SAUDE";"ESTADUAL";"76.416.866/0001-40";"CURITIBA";"PR";"27/01/2026";"29/01/2026";"272429";"CLOZAPINA, DOSAGEM:25 MG";"COMPRIMIDO";"N";"1029803770026";"Pregão";"ADMINISTRATIVA";;;"COMPRIMIDO";"44.734.671/0022-86";"CRISTALIA PRODUTOS QUIMICOS FARMACEUTICOS LTDA";"44.734.671/0001-51";"CRISTALIA PRODUTOS QUIMICOS FARMACEUTICOS LTDA";"126000";"1.0";"126000.0"
"2026";"SECRETARIA DE ESTADO DA SAUDE";"ESTADUAL";"76.416.866/0001-40";"CURITIBA";"PR";"27/01/2026";"29/01/2026";"268098";"TACROLIMO, DOSAGEM:1 MG";"CÁPSULA";"N";"1003301600015";"Pregão";"ADMINISTRATIVA";;;"CÁPSULA";"00.656.468/0001-39";"SOMA/PR COMERCIO DE PRODUTOS HOSPITALARES LTDA";"61.230.314/0001-75";"LIBBS FARMACEUTICA LTDA";"1985600";"1.18";"2343008.0"
"2026";"SECRETARIA DE ESTADO DA SAUDE";"ESTADUAL";"76.416.866/0001-40";"CURITIBA";"PR";"27/01/2026";"29/01/2026";"272431";"CLOZAPINA, DOSAGEM:100 MG";"COMPRIMIDO";"S";"1018301480050";"Pregão";"ADMINISTRATIVA";;;"COMPRIMIDO";"44.734.671/0022-86";"CRISTALIA PRODUTOS QUIMICOS FARMACEUTICOS LTDA";"10.877.926/0001-13";"LABORATORIO FARMACEUTICO DO ESTADO DE PERNAMBUCO GOVERNADOR MIGUEL ARRAES S/A - LAFEPE";"865750";"4.59";"3973792.5"
"2026";"SECRETARIA DE ESTADO DA SAUDE";"ESTADUAL";"76.416.866/0001-40";"CURITIBA";"PR";"27/01/2026";"29/01/2026";"272327";"OXIBUTININA CLORIDRATO, DOSAGEM:5 MG";"COMPRIMIDO";"N";"1011801080011";"Pregão";"ADMINISTRATIVA";;;"COMPRIMIDO";"13.485.130/0001-03";"PHARMA LOG PRODUTOS FARMACEUTICOS LTDA";"62.462.015/0001-29";"APSEN FARMACEUTICA S/A";"1470440";"0.74";"1088125.6"
"2026";"SECRETARIA DE ESTADO DA SAUDE";"ESTADUAL";"76.416.866/0001-40";"CURITIBA";"PR";"27/01/2026";"29/01/2026";"272832";"QUETIAPINA, DOSAGEM:100 MG";"COMPRIMIDO";"S";"1004311910104";"Pregão";"ADMINISTRATIVA";;;"COMPRIMIDO";"81.706.251/0001-98";"PROMEFARMA MEDICAMENTOS E PRODUTOS HOSPITALARES LTDA";"61.190.096/0001-92";"EUROFARMA LABORATORIOS S.A.";"1855000";"0.28";"519400.0"
"2026";"SECRETARIA DE ESTADO DA SAUDE";"ESTADUAL";"76.416.866/0001-40";"CURITIBA";"PR";"27/01/2026";"29/01/2026";"272831";"QUETIAPINA, DOSAGEM:25 MG";"COMPRIMIDO";"N";"1004311950025";"Pregão";"ADMINISTRATIVA";;;"COMPRIMIDO";"81.706.251/0001-98";"PROMEFARMA MEDICAMENTOS E PRODUTOS HOSPITALARES LTDA";"61.190.096/0001-92";"EUROFARMA LABORATORIOS S.A.";"1451900";"0.09";"130671.0"
"2026";"SECRETARIA DE ESTADO DA SAUDE";"ESTADUAL";"76.416.866/0001-40";"CURITIBA";"PR";"27/01/2026";"29/01/2026";"271620";"OLANZAPINA, DOSAGEM:5 MG";"COMPRIMIDO";"S";"1004310570075";"Pregão";"ADMINISTRATIVA";;;"COMPRIMIDO";"04.071.245/0001-60";"LICIMED DISTRIBUIDORA DE MEDICAMENTOS, CORRELATOS E PRODUTOS MEDICOS E HOSPITALARES LTDA";"61.190.096/0001-92";"EUROFARMA LABORATORIOS S.A.";"560300";"0.21";"117663.0"
"2026";"SECRETARIA DE ESTADO DA SAUDE";"ESTADUAL";"76.416.866/0001-40";"CURITIBA";"PR";"27/01/2026";"29/01/2026";"448577";"MICOFENOLATO, COMPOSIÇÃO:DE SÓDIO, CONCENTRAÇÃO:360 MG";"COMPRIMIDO";"S";"1023511310141";"Pregão";"ADMINISTRATIVA";;;"COMPRIMIDO";"64.171.697/0004-99";"ACCORD FARMACEUTICA LTDA";"57.507.378/0003-65";"EMS S/A";"1110000";"3.0";"3330000.0"
"2026";"SECRETARIA DE ESTADO DA SAUDE";"ESTADUAL";"76.416.866/0001-40";"CURITIBA";"PR";"27/01/2026";"29/01/2026";"272833";"QUETIAPINA, DOSAGEM:200 MG";"COMPRIMIDO";"S";"1004311910163";"Pregão";"ADMINISTRATIVA";;;"COMPRIMIDO";"81.706.251/0001-98";"PROMEFARMA MEDICAMENTOS E PRODUTOS HOSPITALARES LTDA";"61.190.096/0001-92";"EUROFARMA LABORATORIOS S.A.";"862000";"0.63";"543060.0"
"2026";"FUNDO MUNICIPAL DE SAUDE - SALGADINHO - PB";"MUNICIPAL";"11.321.779/0001-63";"SALGADINHO";"PB";"28/01/2026";"10/02/2026";"267512";"AMITRIPTILINA CLORIDRATO, DOSAGEM:25 MG";"COMPRIMIDO";"S";"1023508850041";"Pregão";"ADMINISTRATIVA";;;"COMPRIMIDO";"31.187.918/0001-15";"ALLFAMED COMERCIO ATACADISTA DE MEDICAMENTOS LTDA";"57.507.378/0003-65";"EMS S/A";"3000";"0.05";"150.0"
"2026";"SECRETARIA DA SAUDE";"ESTADUAL";"87.958.625/0001-49";"PORTO ALEGRE";"RS";"28/01/2026";"30/01/2026";"466567";"DIETA ENTERAL, INDICAÇÃO:COMPLEMENTO ALIMENTAR, ASPECTO FÍSICO:PÓ, USO:ORAL, FONTE DE PROTEÍNA:LEITE INTEGRAL E/OU LEITE DESNATADO, FONTE DE CARBOIDRATO:MALTODEXTRINA E/OU SACAROSE, FONTE DE LIPÍDIOS:GORDURA LÁCTEA, COMPONENTES ADICIONAIS:VITAMINAS, MINERAIS E/OU FIBRAS, CARACTERÍSTICAS ADICIONAIS:ISENTO DE GLÚTEN, SABOR:C/SABOR";"GRAMA";;;"Pregão";"ADMINISTRATIVA";;;"GRAMA";"26.325.797/0001-90";"EREMIX INDUSTRIA DE ALIMENTOS ESPECIAIS LTDA";"26.325.797/0001-90";"EREMIX INDUSTRIA DE ALIMENTOS ESPECIAIS LTDA";"52000";"0.0631";"3281.2"
"2026";"FUNDO MUNICIPAL DE SAUDE - SALGADINHO - PB";"MUNICIPAL";"11.321.779/0001-63";"SALGADINHO";"PB";"28/01/2026";"10/02/2026";"271774";"BROMAZEPAM, DOSAGEM:6 MG";"COMPRIMIDO";"S";"1023504690048";"Pregão";"ADMINISTRATIVA";;;"COMPRIMIDO";"31.187.918/0001-15";"ALLFAMED COMERCIO ATACADISTA DE MEDICAMENTOS LTDA";"57.507.378/0003-65";"EMS S/A";"1000";"0.15";"150.0"
"2026";"SECRETARIA DA SAUDE";"ESTADUAL";"87.958.625/0001-49";"PORTO ALEGRE";"RS";"28/01/2026";"30/01/2026";"440996";"DIETA ENTERAL, INDICAÇÃO:SIMBIÓTICO, ASPECTO FÍSICO:PÓ, USO:ENTERAL OU ORAL, COMPONENTES ADICIONAIS:PREBIÓTICOS E PROBIÓTICOS, CARACTERÍSTICAS ADICIONAIS:ISENTA LACTOSE E GLÚTEN, SABOR:C/ OU S/ SABOR, APRESENTAÇÃO:EM SACHÊ";"GRAMA";;;"Pregão";"ADMINISTRATIVA";;;"GRAMA";"05.782.733/0001-49";"CIAMED - DISTRIBUIDORA DE MEDICAMENTOS LTDA.";"33.349.473/0001-58";"FARMOQUIMICA S A";"35640";"0.35";"12474.0"
"2026";"FUNDO MUNICIPAL DE SAUDE - SALGADINHO - PB";"MUNICIPAL";"11.321.779/0001-63";"SALGADINHO";"PB";"28/01/2026";"10/02/2026";"271356";"ALPRAZOLAM, DOSAGEM:1 MG";"COMPRIMIDO";"S";"1023506630158";"Pregão";"ADMINISTRATIVA";;;"COMPRIMIDO";"31.187.918/0001-15";"ALLFAMED COMERCIO ATACADISTA DE MEDICAMENTOS LTDA";"57.507.378/0003-65";"EMS S/A";"360";"0.1";"36.0"
"2026";"FUNDO MUNICIPAL DE SAUDE - SALGADINHO - PB";"MUNICIPAL";"11.321.779/0001-63";"SALGADINHO";"PB";"28/01/2026";"10/02/2026";"267504";"ÁCIDO VALPRÓICO, DOSAGEM:250 MG";"CÁPSULA";"N";"1055303150079";"Pregão";"ADMINISTRATIVA";;;"CÁPSULA";"31.187.918/0001-15";"ALLFAMED COMERCIO ATACADISTA DE MEDICAMENTOS LTDA";"56.998.701/0001-16";"ABBOTT LABORATORIOS DO BRASIL LTDA";"500";"0.43";"215.0"
"2026";"FUNDO MUNICIPAL DE SAUDE - SALGADINHO - PB";"MUNICIPAL";"11.321.779/0001-63";"SALGADINHO";"PB";"28/01/2026";"10/02/2026";"270120";"CLONAZEPAM, DOSAGEM:2,5 MG/ML, APRESENTAÇÃO:SOLUÇÃO ORAL- GOTAS";"FRASCO";"S";"1023507520021";"Pregão";"ADMINISTRATIVA";"20.0";"ML";"FRASCO 20.00 ML";"31.187.918/0001-15";"ALLFAMED COMERCIO ATACADISTA DE MEDICAMENTOS LTDA";"57.507.378/0003-65";"EMS S/A";"30";"2.43";"72.9"
"2026";"FUNDO MUNICIPAL DE SAUDE - SALGADINHO - PB";"MUNICIPAL";"11.321.779/0001-63";"SALGADINHO";"PB";"28/01/2026";"10/02/2026";"267621";"CARBONATO DE LÍTIO, DOSAGEM:300 MG";"COMPRIMIDO";"N";"1029805560096";"Pregão";"ADMINISTRATIVA";;;"COMPRIMIDO";"31.187.918/0001-15";"ALLFAMED COMERCIO ATACADISTA DE MEDICAMENTOS LTDA";"44.734.671/0001-51";"CRISTALIA PRODUTOS QUIMICOS FARMACEUTICOS LTDA";"600";"0.22";"132.0"
"2026";"FUNDO MUNICIPAL DE SAUDE - SALGADINHO - PB";"MUNICIPAL";"11.321.779/0001-63";"SALGADINHO";"PB";"28/01/2026";"10/02/2026";"273940";"PAROXETINA CLORIDRATO, DOSAGEM:20 MG";"COMPRIMIDO";"S";"1542303100020";"Pregão";"ADMINISTRATIVA";;;"COMPRIMIDO";"26.156.923/0001-20";"EXPRESS DISTRIBUIDORA DE MEDICAMENTOS LTDA";"03.485.572/0001-04";"GEOLAB INDUSTRIA FARMACEUTICA S/A";"600";"0.26";"156.0"
"2026";"FUNDO MUNICIPAL DE SAUDE - SALGADINHO - PB";"MUNICIPAL";"11.321.779/0001-63";"SALGADINHO";"PB";"28/01/2026";"10/02/2026";"292194";"HALOPERIDOL, APRESENTAÇÃO:SAL DECANOATO, CONCENTRAÇÃO:50 MG/ML, TIPO USO:SOLUÇÃO INJETÁVEL";"AMPOLA";"N";"1049711330016";"Pregão";"ADMINISTRATIVA";"1.0";"ML";"AMPOLA 1.00 ML";"31.187.918/0001-15";"ALLFAMED COMERCIO ATACADISTA DE MEDICAMENTOS LTDA";"60.665.981/0001-18";"UNIAO QUIMICA FARMACEUTICA NACIONAL S A";"30";"6.75";"202.5"
"2026";"FUNDO MUNICIPAL DE SAUDE - SALGADINHO - PB";"MUNICIPAL";"11.321.779/0001-63";"SALGADINHO";"PB";"28/01/2026";"10/02/2026";"291771";"ESCITALOPRAM OXALATO, DOSAGEM:20 MG";"COMPRIMIDO";"S";"1023510630116";"Pregão";"ADMINISTRATIVA";;;"COMPRIMIDO";"31.187.918/0001-15";"ALLFAMED COMERCIO ATACADISTA DE MEDICAMENTOS LTDA";"57.507.378/0003-65";"EMS S/A";"900";"0.27";"243.0"
"2026";"FUNDO MUNICIPAL DE SAUDE - SALGADINHO - PB";"MUNICIPAL";"11.321.779/0001-63";"SALGADINHO";"PB";"28/01/2026";"10/02/2026";"272831";"QUETIAPINA, DOSAGEM:25 MG";"COMPRIMIDO";"S";"1023510170042";"Pregão";"ADMINISTRATIVA";;;"COMPRIMIDO";"31.187.918/0001-15";"ALLFAMED COMERCIO ATACADISTA DE MEDICAMENTOS LTDA";"57.507.378/0003-65";"EMS S/A";"3000";"0.13";"390.0"
"2026";"FUNDO MUNICIPAL DE SAUDE - SALGADINHO - PB";"MUNICIPAL";"11.321.779/0001-63";"SALGADINHO";"PB";"28/01/2026";"10/02/2026";"267505";"ÁCIDO VALPRÓICO, DOSAGEM:500 MG";"COMPRIMIDO";"N";"1055303150052";"Pregão";"ADMINISTRATIVA";;;"COMPRIMIDO";"31.187.918/0001-15";"ALLFAMED COMERCIO ATACADISTA DE MEDICAMENTOS LTDA";"56.998.701/0001-16";"ABBOTT LABORATORIOS DO BRASIL LTDA";"500";"0.81";"405.0"
"2026";"FUNDO MUNICIPAL DE SAUDE - SALGADINHO - PB";"MUNICIPAL";"11.321.779/0001-63";"SALGADINHO";"PB";"28/01/2026";"10/02/2026";"273009";"FLUOXETINA, DOSAGEM:20 MG";"COMPRIMIDO";"S";"1256802830068";"Pregão";"ADMINISTRATIVA";;;"COMPRIMIDO";"31.187.918/0001-15";"ALLFAMED COMERCIO ATACADISTA DE MEDICAMENTOS LTDA";"73.856.593/0001-66";"PRATI, DONADUZZI & CIA LTDA";"1200";"0.07";"84.0"
"2026";"FUNDO MUNICIPAL DE SAUDE - SALGADINHO - PB";"MUNICIPAL";"11.321.779/0001-63";"SALGADINHO";"PB";"28/01/2026";"10/02/2026";"328532";"VALPROATO DE SÓDIO, CONCENTRAÇÃO:50 MG/ML, FORMA FARMACÊUTICA:XAROPE";"FRASCO";"S";"1134301420048";"Pregão";"ADMINISTRATIVA";"100.0";"ML";"FRASCO 100.00 ML";"31.187.918/0001-15";"ALLFAMED COMERCIO ATACADISTA DE MEDICAMENTOS LTDA";"19.570.720/0001-10";"HIPOLABOR FARMACEUTICA LTDA";"50";"8.89";"444.5"
"2026";"FUNDO MUNICIPAL DE SAUDE - SALGADINHO - PB";"MUNICIPAL";"11.321.779/0001-63";"SALGADINHO";"PB";"28/01/2026";"10/02/2026";"270140";"BIPERIDENO, DOSAGEM:2 MG";"COMPRIMIDO";"N";"1029805990031";"Pregão";"ADMINISTRATIVA";;;"COMPRIMIDO";"31.187.918/0001-15";"ALLFAMED COMERCIO ATACADISTA DE MEDICAMENTOS LTDA";"44.734.671/0001-51";"CRISTALIA PRODUTOS QUIMICOS FARMACEUTICOS LTDA";"400";"0.38";"152.0"
"2026";"FUNDO MUNICIPAL DE SAUDE - SALGADINHO - PB";"MUNICIPAL";"11.321.779/0001-63";"SALGADINHO";"PB";"28/01/2026";"10/02/2026";"267197";"DIAZEPAM, DOSAGEM:10 MG";"COMPRIMIDO";"N";"1018600190119";"Pregão";"ADMINISTRATIVA";;;"COMPRIMIDO";"31.187.918/0001-15";"ALLFAMED COMERCIO ATACADISTA DE MEDICAMENTOS LTDA";"04.099.395/0001-82";"SANTISA LABORATORIO FARMACEUTICO S.A";"3000";"0.05";"150.0"
"2026";"FUNDO MUNICIPAL DE SAUDE - SALGADINHO - PB";"MUNICIPAL";"11.321.779/0001-63";"SALGADINHO";"PB";"28/01/2026";"10/02/2026";"267638";"CLORPROMAZINA, DOSAGEM:100 MG";"COMPRIMIDO";"N";"1049701550048";"Pregão";"ADMINISTRATIVA";;;"COMPRIMIDO";"31.187.918/0001-15";"ALLFAMED COMERCIO ATACADISTA DE MEDICAMENTOS LTDA";"60.665.981/0001-18";"UNIAO QUIMICA FARMACEUTICA NACIONAL S A";"1000";"0.31";"310.0"
"2026";"FUNDO MUNICIPAL DE SAUDE - SALGADINHO - PB";"MUNICIPAL";"11.321.779/0001-63";"SALGADINHO";"PB";"28/01/2026";"10/02/2026";"388712";"PREGABALINA, CONCENTRAÇÃO:75 MG";"CÁPSULA";"S";"1023513450054";"Pregão";"ADMINISTRATIVA";;;"CÁPSULA";"31.187.918/0001-15";"ALLFAMED COMERCIO ATACADISTA DE MEDICAMENTOS LTDA";"57.507.378/0003-65";"EMS S/A";"1500";"0.25";"375.0"
"2026";"FUNDO MUNICIPAL DE SAUDE - SALGADINHO - PB";"MUNICIPAL";"11.321.779/0001-63";"SALGADINHO";"PB";"28/01/2026";"10/02/2026";"267657";"FENITOÍNA SÓDICA, DOSAGEM:100 MG";"COMPRIMIDO";"S";"1134301930038";"Pregão";"ADMINISTRATIVA";;;"COMPRIMIDO";"31.187.918/0001-15";"ALLFAMED COMERCIO ATACADISTA DE MEDICAMENTOS LTDA";"19.570.720/0001-10";"HIPOLABOR FARMACEUTICA LTDA";"500";"0.18";"90.0"
"2026";"FUNDO MUNICIPAL DE SAUDE - SALGADINHO - PB";"MUNICIPAL";"11.321.779/0001-63";"SALGADINHO";"PB";"28/01/2026";"10/02/2026";"291770";"ESCITALOPRAM OXALATO, DOSAGEM:10 MG";"COMPRIMIDO";"S";"1023510630043";"Pregão";"ADMINISTRATIVA";;;"COMPRIMIDO";"31.187.918/0001-15";"ALLFAMED COMERCIO ATACADISTA DE MEDICAMENTOS LTDA";"57.507.378/0003-65";"EMS S/A";"300";"0.13";"39.0"
"2026";"FUNDO MUNICIPAL DE SAUDE - SALGADINHO - PB";"MUNICIPAL";"11.321.779/0001-63";"SALGADINHO";"PB";"28/01/2026";"10/02/2026";"272454";"CARBAMAZEPINA, DOSAGEM:20 MG/ML, APRESENTAÇÃO:SUSPENSÃO ORAL";"FRASCO";"S";"1134302030049";"Pregão";"ADMINISTRATIVA";"100.0";"ML";"FRASCO 100.00 ML";"31.187.918/0001-15";"ALLFAMED COMERCIO ATACADISTA DE MEDICAMENTOS LTDA";"19.570.720/0001-10";"HIPOLABOR FARMACEUTICA LTDA";"50";"10.16";"508.0"
"2026";"SECRETARIA DE ESTADO DA SAUDE";"ESTADUAL";"76.416.866/0001-40";"CURITIBA";"PR";"29/01/2026";"30/01/2026";"622053";"OSILODROSTATE, 1 MG";"COMPRIMIDO";;;"Pregão";"JUDICIAL";;;"COMPRIMIDO";"04.307.650/0025-02";"ONCO PROD DISTRIBUIDORA DE PRODUTOS HOSPITALARES E ONCOLOGICOS LTDA.";"53.056.057/0001-79";"RECORDATI RARE DISEASES COMERCIO DE MEDICAMENTOS LTDA.";"4320";"148.89";"643204.8"
"2026";"MUNICIPIO DE ESTEIO";"MUNICIPAL";"88.150.495/0001-86";"ESTEIO";"RS";"29/01/2026";"09/02/2026";"446603";"FITA HOSPITALAR, TIPO:ESPARADRAPO, IMPERMEÁVEL, MATERIAL:ALGODÃO, COMPONENTES:ADESIVO À BASE DE ZINCO, DIMENSÕES:CERCA DE 10 CM, CARACTERÍSTICAS ADICIONAIS:HIPOALERGÊNICO, COR:COM COR";"ROLO";;;"Pregão";"ADMINISTRATIVA";"4.5";"M";"ROLO 4.50 M";"07.752.236/0001-23";"MEDILAR IMPORTACAO E DISTRIBUICAO DE PRODUTOS MEDICO HOSPITALARES S/A";"48.740.849/0007-13";"CRAL ARTIGOS PARA LABORATORIO LTDA";"300";"7.41";"2223.0"
"2026";"SECRETARIA DE ESTADO DA SAUDE";"ESTADUAL";"76.416.866/0001-40";"CURITIBA";"PR";"29/01/2026";"30/01/2026";"408048";"SOMATROPINA, COMPOSIÇÃO:SOMATOTROFINA HUMANA RECOMBINANTE, CONCENTRAÇÃO:36 UI, FORMA FARMACEUTICA:PÓ LIÓFILO P/ INJETÁVEL + DILUENTE, CARACTERÍSTICA ADICIONAL:COM APLICADOR";"FRASCO-AMPOLA";"N";"1211004590027";"Pregão";"JUDICIAL";;;"FRASCO-AMPOLA";"31.958.700/0001-17";"H C IMPORTACOES EXPORTACOES LTDA";"61.072.393/0001-33";"PFIZER BRASIL LTDA";"72";"1261.99";"90863.28"
"2026";"SECRETARIA DE ESTADO DA SAUDE";"ESTADUAL";"76.416.866/0001-40";"CURITIBA";"PR";"29/01/2026";"30/01/2026";"276234";"INSULINA, ORIGEM:ASPART, DOSAGEM:100U/ML, APLICAÇÃO:INJETÁVEL";"FRASCO";"N";"1176600160019";"Pregão";"JUDICIAL";"10.0";"ML";"FRASCO 10.00 ML";"82.277.955/0007-40";"NOVO NORDISK FARMACEUTICA DO BRASIL LTDA";"82.277.955/0001-55";"NOVO NORDISK FARMACEUTICA DO BRASIL LTDA";"21456";"83.87";"1799514.72"
"2026";"SECRETARIA DE ESTADO DA SAUDE";"ESTADUAL";"76.416.866/0001-40";"CURITIBA";"PR";"29/01/2026";"30/01/2026";"485182";"AMIVANTAMABE, CONCENTRAÇÃO:50 MG/ML, FORMA FARMACÊUTICA:SOLUÇÃO P/ INFUSÃO";"FRASCO-AMPOLA";"N";"1123634360011";"Pregão";"JUDICIAL";;;"FRASCO-AMPOLA";"51.780.468/0002-68";"JANSSEN-CILAG FARMACEUTICA LTDA";"51.780.468/0001-87";"JANSSEN-CILAG FARMACEUTICA LTDA";"288";"8873.47";"2555559.36"
"2026";"SECRETARIA DE ESTADO DA SAUDE";"ESTADUAL";"76.416.866/0001-40";"CURITIBA";"PR";"29/01/2026";"30/01/2026";"472278";"BARICITINIBE, CONCENTRAÇÃO:4 MG";"COMPRIMIDO";"N";"1126001980047";"Pregão";"JUDICIAL";;;"COMPRIMIDO";"04.307.650/0025-02";"ONCO PROD DISTRIBUIDORA DE PRODUTOS HOSPITALARES E ONCOLOGICOS LTDA.";"43.940.618/0001-44";"ELI LILLY DO BRASIL LTDA";"8640";"159.41";"1377302.4"
"2026";"SECRETARIA DE ESTADO DA SAUDE";"ESTADUAL";"76.416.866/0001-40";"CURITIBA";"PR";"29/01/2026";"30/01/2026";"458853";"GUSELCUMABE, CONCENTRAÇÃO:100 MG/ML, FORMA FARMACÊUTICA:SOLUÇÃO INJETÁVEL, ADICIONAL:SERINGA PREENCHIDA";"SERINGA";"N";"1123634180011";"Pregão";"JUDICIAL";"1.0";"ML";"SERINGA 1.00 ML";"51.780.468/0002-68";"JANSSEN-CILAG FARMACEUTICA LTDA";"51.780.468/0001-87";"JANSSEN-CILAG FARMACEUTICA LTDA";"24";"12076.13";"289827.12"
"2026";"MUNICIPIO DE ESTEIO";"MUNICIPAL";"88.150.495/0001-86";"ESTEIO";"RS";"29/01/2026";"09/02/2026";"444371";"ATADURA, TIPO 1:CREPOM, MATERIAL 1:100% ALGODÃO, DIMENSÕES:20 CM, GRAMATURA 1:CERCA DE 13 FIOS/ CM2, EMBALAGEM:EMBALAGEM INDIVIDUAL";"ROLO";;;"Pregão";"ADMINISTRATIVA";"1.8";"M";"ROLO 1.80 M";"11.463.608/0001-79";"ERIMAR INDUSTRIA E COMERCIO DE PRODUTOS PARA SAUDE LTDA";"11.463.608/0003-30";"ERIMAR INDUSTRIA E COMERCIO DE PRODUTOS PARA SAUDE LTDA";"10000";"0.81";"8100.0"
"2026";"FUNDO MUNICIPAL DE SAUDE - SALGADINHO - PB";"MUNICIPAL";"11.321.779/0001-63";"SALGADINHO";"PB";"30/01/2026";"10/02/2026";"282313";"CICLOBENZAPRINA CLORIDRATO, DOSAGEM:10 MG";"COMPRIMIDO";"S";"1438101740156";"Dispensa de Licitação";"ADMINISTRATIVA";;;"COMPRIMIDO";"31.187.918/0001-15";"ALLFAMED COMERCIO ATACADISTA DE MEDICAMENTOS LTDA";"02.814.497/0001-07";"CIMED INDUSTRIA S.A.";"120";"0.4";"48.0"
"2026";"FUNDO MUNICIPAL DE SAUDE";"MUNICIPAL";"11.718.406/0001-20";"ARACAJU";"SE";"30/01/2026";"03/03/2026";"267632";"CIPROFLOXACINO CLORIDRATO, DOSAGEM:500 MG";"COMPRIMIDO";"S";"1558400960035";"Pregão";"ADMINISTRATIVA";;;"COMPRIMIDO";"00.895.119/0001-70";"SANFARMA COMERCIO DE MEDICAMENTOS LTDA";"05.161.069/0001-10";"BRAINFARMA INDUSTRIA QUIMICA E FARMACEUTICA S.A.";"160000";"0.16";"25600.0"
"2026";"FUNDO MUNICIPAL DE SAUDE - SALGADINHO - PB";"MUNICIPAL";"11.321.779/0001-63";"SALGADINHO";"PB";"30/01/2026";"10/02/2026";"272166";"CICLOBENZAPRINA CLORIDRATO, DOSAGEM:5 MG";"COMPRIMIDO";"S";"1438101740032";"Dispensa de Licitação";"ADMINISTRATIVA";;;"COMPRIMIDO";"31.187.918/0001-15";"ALLFAMED COMERCIO ATACADISTA DE MEDICAMENTOS LTDA";"02.814.497/0001-07";"CIMED INDUSTRIA S.A.";"120";"0.2";"24.0"
"2026";"MUNICIPIO DE MAUA";"MUNICIPAL";"46.522.959/0001-98";"MAUA";"SP";"30/01/2026";"03/03/2026";"273836";"INSULINA, ORIGEM:GLARGINA, DOSAGEM:100UI/ML, APLICAÇÃO:INJETÁVEL";"FRASCO";"N";"1832603480025";"Registro de Preços";"JUDICIAL";"10.0";"ML";"FRASCO 10.00 ML";"12.420.164/0036-87";"CM HOSPITALAR S.A.";"10.588.595/0010-92";"SANOFI MEDLEY FARMACEUTICA LTDA";"200";"130.93";"26186.0"
"2026";"FUNDO MUNICIPAL DE SAUDE - SALGADINHO - PB";"MUNICIPAL";"11.321.779/0001-63";"SALGADINHO";"PB";"30/01/2026";"10/02/2026";"267712";"OMEPRAZOL, CONCENTRAÇÃO:20 MG";"CÁPSULA";"N";"1057100830098";"Dispensa de Licitação";"ADMINISTRATIVA";;;"CÁPSULA";"31.187.918/0001-15";"ALLFAMED COMERCIO ATACADISTA DE MEDICAMENTOS LTDA";"18.324.343/0001-77";"BELFAR LTDA";"1512";"0.1";"151.2"
"2026";"FUNDO MUNICIPAL DE SAUDE";"MUNICIPAL";"11.718.406/0001-20";"ARACAJU";"SE";"30/01/2026";"03/03/2026";"268513";"OXACILINA, DOSAGEM:500 MG, COMPOSIÇÃO:INJETÁVEL";"FRASCO-AMPOLA";"N";"1004101790031";"Pregão";"ADMINISTRATIVA";;;"FRASCO-AMPOLA";"17.854.549/0001-46";"MAIS MED COMERCIO DE PRODUTOS HOSPITALAR LTDA";"49.324.221/0001-04";"FRESENIUS KABI BRASIL LTDA.";"3500";"4.7";"16450.0"
"2026";"FUNDO MUNICIPAL DE SAUDE - SALGADINHO - PB";"MUNICIPAL";"11.321.779/0001-63";"SALGADINHO";"PB";"30/01/2026";"10/02/2026";"267613";"CAPTOPRIL, CONCENTRAÇÃO:25 MG";"COMPRIMIDO";"N";"1542300010111";"Dispensa de Licitação";"ADMINISTRATIVA";;;"COMPRIMIDO";"31.187.918/0001-15";"ALLFAMED COMERCIO ATACADISTA DE MEDICAMENTOS LTDA";"03.485.572/0001-04";"GEOLAB INDUSTRIA FARMACEUTICA S/A";"3000";"0.05";"150.0"
"2026";"FUNDO MUNICIPAL DE SAUDE";"MUNICIPAL";"11.718.406/0001-20";"ARACAJU";"SE";"30/01/2026";"03/03/2026";"268498";"METRONIDAZOL, DOSAGEM:5MG/ML, APRESENTAÇÃO:SOLUÇÃO INJETÁVEL";"BOLSA";"S";"1031101190064";"Pregão";"ADMINISTRATIVA";"100.0";"ML";"BOLSA 100.00 ML";"17.854.549/0001-46";"MAIS MED COMERCIO DE PRODUTOS HOSPITALAR LTDA";"01.571.702/0001-98";"HALEX ISTAR INDUSTRIA FARMACEUTICA SA";"3000";"4.6";"13800.0"
"2026";"FUNDO MUNICIPAL DE SAUDE - SALGADINHO - PB";"MUNICIPAL";"11.321.779/0001-63";"SALGADINHO";"PB";"30/01/2026";"10/02/2026";"394263";"HIDROXIZINA CLORIDRATO, CONCENTRAÇÃO:2 MG/ML, FORMA FARMACEUTICA:SOLUÇÃO ORAL";"FRASCO";"S";"1058306420020";"Dispensa de Licitação";"ADMINISTRATIVA";"120.0";"ML";"FRASCO 120.00 ML";"31.187.918/0001-15";"ALLFAMED COMERCIO ATACADISTA DE MEDICAMENTOS LTDA";"45.992.062/0001-65";"GERMED FARMACEUTICA LTDA";"10";"7.5";"75.0"
"2026";"FUNDO MUNICIPAL DE SAUDE";"MUNICIPAL";"11.718.406/0001-20";"ARACAJU";"SE";"30/01/2026";"03/03/2026";"268162";"MICONAZOL NITRATO, DOSAGEM:2%, APRESENTAÇÃO:CREME VAGINAL";"BISNAGA";"S";"1256800530040";"Pregão";"ADMINISTRATIVA";"80.0";"G";"BISNAGA 80.00 G";"02.520.829/0001-40";"DIMASTER - COMERCIO DE PRODUTOS HOSPITALARES LTDA.";"73.856.593/0001-66";"PRATI, DONADUZZI & CIA LTDA";"25500";"8.16";"208080.0"
"2026";"FUNDO MUNICIPAL DE SAUDE - SALGADINHO - PB";"MUNICIPAL";"11.321.779/0001-63";"SALGADINHO";"PB";"30/01/2026";"10/02/2026";"267743";"PREDNISONA, DOSAGEM:20 MG";"COMPRIMIDO";"S";"1134302130086";"Dispensa de Licitação";"ADMINISTRATIVA";;;"COMPRIMIDO";"31.187.918/0001-15";"ALLFAMED COMERCIO ATACADISTA DE MEDICAMENTOS LTDA";"19.570.720/0001-10";"HIPOLABOR FARMACEUTICA LTDA";"1000";"0.25";"250.0"
"2026";"FUNDO MUNICIPAL DE SAUDE";"MUNICIPAL";"11.718.406/0001-20";"ARACAJU";"SE";"30/01/2026";"03/03/2026";"268286";"MICONAZOL NITRATO, DOSAGEM:20 MG/G, APRESENTAÇÃO:CREME";"BISNAGA";;;"Pregão";"ADMINISTRATIVA";"28.0";"G";"BISNAGA 28.00 G";"00.895.119/0001-70";"SANFARMA COMERCIO DE MEDICAMENTOS LTDA";"18.324.343/0001-77";"BELFAR LTDA";"12000";"3.0";"36000.0"
"2026";"FUNDO MUNICIPAL DE SAUDE";"MUNICIPAL";"11.718.406/0001-20";"ARACAJU";"SE";"30/01/2026";"03/03/2026";"268499";"METRONIDAZOL, DOSAGEM:400 MG";"COMPRIMIDO";"N";"1677301810054";"Pregão";"ADMINISTRATIVA";;;"COMPRIMIDO";"17.854.549/0001-46";"MAIS MED COMERCIO DE PRODUTOS HOSPITALAR LTDA";"05.044.984/0001-26";"LEGRAND PHARMA INDUSTRIA FARMACEUTICA LTDA";"140000";"0.31";"43400.0"
"2026";"FUNDO MUNICIPAL DE SAUDE";"MUNICIPAL";"11.718.406/0001-20";"ARACAJU";"SE";"30/01/2026";"03/03/2026";"267151";"CETOCONAZOL, DOSAGEM:200 MG";"COMPRIMIDO";"S";"1256801920055";"Pregão";"ADMINISTRATIVA";;;"COMPRIMIDO";"05.359.481/0001-40";"CONEXAO MEDICA COMERCIAL LTDA";"73.856.593/0001-66";"PRATI, DONADUZZI & CIA LTDA";"35000";"0.29";"10150.0"
"2026";"FUNDO MUNICIPAL DE SAUDE";"MUNICIPAL";"11.718.406/0001-20";"ARACAJU";"SE";"30/01/2026";"03/03/2026";"268162";"MICONAZOL NITRATO, DOSAGEM:2%, APRESENTAÇÃO:CREME VAGINAL";"BISNAGA";"S";"1256800530040";"Pregão";"ADMINISTRATIVA";"80.0";"G";"BISNAGA 80.00 G";"00.895.119/0001-70";"SANFARMA COMERCIO DE MEDICAMENTOS LTDA";"73.856.593/0001-66";"PRATI, DONADUZZI & CIA LTDA";"4500";"8.58";"38610.0"
"2026";"FUNDO MUNICIPAL DE SAUDE";"MUNICIPAL";"11.718.406/0001-20";"ARACAJU";"SE";"30/01/2026";"03/03/2026";"372335";"METRONIDAZOL, CONCENTRAÇAO:100 MG/G, FORMA FARMACEUTICA:GEL VAGINAL, CARACTERÍSTICA ADICIONAL:COM APLICADOR";"BISNAGA";"N";"1037000710088";"Pregão";"ADMINISTRATIVA";"50.0";"G";"BISNAGA 50.00 G";"02.520.829/0001-40";"DIMASTER - COMERCIO DE PRODUTOS HOSPITALARES LTDA.";"17.159.229/0001-76";"LABORATORIO TEUTO BRASILEIRO S/A";"13600";"5.95";"80920.0"
"2026";"FUNDO MUNICIPAL DE SAUDE";"MUNICIPAL";"11.718.406/0001-20";"ARACAJU";"SE";"30/01/2026";"03/03/2026";"268949";"AZITROMICINA, DOSAGEM:40 MG/ML, APRESENTAÇÃO:SUSPENSÃO ORAL";"FRASCO";"S";"1256801850081";"Pregão";"ADMINISTRATIVA";"15.0";"ML";"FRASCO 15.00 ML";"01.417.694/0001-20";"DISTRIMIX DISTRIBUIDORA DE MEDICAMENTOS LTDA";"73.856.593/0001-66";"PRATI, DONADUZZI & CIA LTDA";"8500";"7.3";"62050.0"
"2026";"FUNDO MUNICIPAL DE SAUDE";"MUNICIPAL";"11.718.406/0001-20";"ARACAJU";"SE";"30/01/2026";"03/03/2026";"372335";"METRONIDAZOL, CONCENTRAÇAO:100 MG/G, FORMA FARMACEUTICA:GEL VAGINAL, CARACTERÍSTICA ADICIONAL:COM APLICADOR";"BISNAGA";"S";"1057101400038";"Pregão";"ADMINISTRATIVA";"50.0";"G";"BISNAGA 50.00 G";"00.895.119/0001-70";"SANFARMA COMERCIO DE MEDICAMENTOS LTDA";"18.324.343/0001-77";"BELFAR LTDA";"2400";"6.4";"15360.0"
"2026";"FUNDO MUNICIPAL DE SAUDE";"MUNICIPAL";"11.718.406/0001-20";"ARACAJU";"SE";"30/01/2026";"03/03/2026";"442701";"CEFTRIAXONA SÓDICA, CONCENTRAÇÃO:1 G, FORMA FARMACEUTICA:PÓ P/ SOLUÇÃO INJETÁVEL";"FRASCO-AMPOLA";"S";"1556200540052";"Pregão";"ADMINISTRATIVA";;;"FRASCO-AMPOLA";"22.862.531/0001-26";"TOP NORTE COMERCIO DE MATERIAL MEDICO HOSPITALAR LTDA";"05.439.635/0001-03";"ANTIBIOTICOS DO BRASIL LTDA.";"15300";"4.1";"62730.0"
"2026";"FUNDO MUNICIPAL DE SAUDE";"MUNICIPAL";"11.718.406/0001-20";"ARACAJU";"SE";"30/01/2026";"03/03/2026";"376767";"IVERMECTINA, CONCENTRAÇÃO:6 MG";"COMPRIMIDO";"N";"1023505770045";"Pregão";"ADMINISTRATIVA";;;"COMPRIMIDO";"17.854.549/0001-46";"MAIS MED COMERCIO DE PRODUTOS HOSPITALAR LTDA";"57.507.378/0003-65";"EMS S/A";"36000";"0.25";"9000.0"
"2026";"FUNDO MUNICIPAL DE SAUDE";"MUNICIPAL";"11.718.406/0001-20";"ARACAJU";"SE";"30/01/2026";"03/03/2026";"394856";"BENZOILMETRONIDAZOL, CONCENTRAÇÃO:40 MG/ML, FORMA FARMACÊUTICA:SUSPENSÃO ORAL";"FRASCO";"S";"1057101540026";"Pregão";"ADMINISTRATIVA";"100.0";"ML";"FRASCO 100.00 ML";"35.250.918/0001-73";"L FERREIRA DA COSTA DISTRIBUIDORA DE MEDICAMENTOS";"18.324.343/0001-77";"BELFAR LTDA";"1200";"6.45";"7740.0"
"2026";"FUNDO MUNICIPAL DE SAUDE";"MUNICIPAL";"11.718.406/0001-20";"ARACAJU";"SE";"30/01/2026";"03/03/2026";"292418";"CIPROFLOXACINO CLORIDRATO, DOSAGEM:2 MG/ML, APRESENTAÇÃO:SOLUÇÃO INJETÁVEL";"BOLSA";"S";"1031101200086";"Pregão";"ADMINISTRATIVA";"200.0";"ML";"BOLSA 200.00 ML";"00.895.119/0001-70";"SANFARMA COMERCIO DE MEDICAMENTOS LTDA";"01.571.702/0001-98";"HALEX ISTAR INDUSTRIA FARMACEUTICA SA";"1000";"24.7";"24700.0"
"2026";"FUNDO MUNICIPAL DE SAUDE";"MUNICIPAL";"11.718.406/0001-20";"ARACAJU";"SE";"30/01/2026";"03/03/2026";"267662";"FLUCONAZOL, DOSAGEM:150 MG";"CÁPSULA";"N";"1057100840042";"Pregão";"ADMINISTRATIVA";;;"CÁPSULA";"35.250.918/0001-73";"L FERREIRA DA COSTA DISTRIBUIDORA DE MEDICAMENTOS";"18.324.343/0001-77";"BELFAR LTDA";"60000";"0.46";"27600.0"
"2026";"FUNDO MUNICIPAL DE SAUDE";"MUNICIPAL";"11.718.406/0001-20";"ARACAJU";"SE";"30/01/2026";"03/03/2026";"271103";"CETOCONAZOL, DOSAGEM:2%, APRESENTAÇÃO:SHAMPOO";"FRASCO";"S";"1476100200010";"Pregão";"ADMINISTRATIVA";"100.0";"ML";"FRASCO 100.00 ML";"00.895.119/0001-70";"SANFARMA COMERCIO DE MEDICAMENTOS LTDA";"65.271.900/0001-19";"NATIVITA INDUSTRIA E COMERCIO LTDA";"10200";"5.12";"52224.0"
"2026";"FUNDO MUNICIPAL DE SAUDE";"MUNICIPAL";"11.718.406/0001-20";"ARACAJU";"SE";"30/01/2026";"03/03/2026";"271111";"AMOXICILINA, CONCENTRAÇÃO:50MG/ML, APRESENTAÇÃO:PÓ PARA SUSPENSÃO ORAL";"FRASCO";"S";"1438101110128";"Pregão";"ADMINISTRATIVA";"150.0";"ML";"FRASCO 150.00 ML";"42.092.374/0001-24";"GALLI E LIOTTO COMERCIO DE PRODUTOS HOSPITALARES LTDA";"02.814.497/0001-07";"CIMED INDUSTRIA S.A.";"10200";"5.96";"60792.0"
"2026";"FUNDO MUNICIPAL DE SAUDE";"MUNICIPAL";"11.718.406/0001-20";"ARACAJU";"SE";"30/01/2026";"03/03/2026";"292419";"CLINDAMICINA, DOSAGEM:150 MG/ML, APRESENTAÇÃO:SOLUÇÃO INJETÁVEL";"AMPOLA";"S";"1134301030045";"Pregão";"ADMINISTRATIVA";"4.0";"ML";"AMPOLA 4.00 ML";"17.854.549/0001-46";"MAIS MED COMERCIO DE PRODUTOS HOSPITALAR LTDA";"19.570.720/0001-10";"HIPOLABOR FARMACEUTICA LTDA";"5000";"3.3";"16500.0"
"2026";"FUNDO MUNICIPAL DE SAUDE";"MUNICIPAL";"11.718.406/0001-20";"ARACAJU";"SE";"30/01/2026";"03/03/2026";"331555";"CEFALEXINA, DOSAGEM:50 MG/ML, FORMA FARMACÊUTICA:PÓ P/ SUSPENSÃO ORAL";"FRASCO";"S";"1037005090045";"Pregão";"ADMINISTRATIVA";"60.0";"ML";"FRASCO 60.00 ML";"35.250.918/0001-73";"L FERREIRA DA COSTA DISTRIBUIDORA DE MEDICAMENTOS";"17.159.229/0001-76";"LABORATORIO TEUTO BRASILEIRO S/A";"1650";"6.28";"10362.0"
"2026";"FUNDO MUNICIPAL DE SAUDE";"MUNICIPAL";"11.718.406/0001-20";"ARACAJU";"SE";"30/01/2026";"03/03/2026";"268228";"CEFALOTINA SÓDICA, DOSAGEM:1 G, USO:INJETÁVEL";"FRASCO-AMPOLA";"N";"1163701100036";"Pregão";"ADMINISTRATIVA";;;"FRASCO-AMPOLA";"00.895.119/0001-70";"SANFARMA COMERCIO DE MEDICAMENTOS LTDA";"58.430.828/0001-60";"BLAU FARMACEUTICA S.A.";"600";"4.75";"2850.0"
"2026";"FUNDO MUNICIPAL DE SAUDE";"MUNICIPAL";"11.718.406/0001-20";"ARACAJU";"SE";"30/01/2026";"03/03/2026";"339846";"CEFEPIMA CLORIDRATO, CONCENTRAÇÃO:1 G, FORMA FARMACEUTICA:PÓ LIÓFILO P/ INJETÁVEL";"FRASCO-AMPOLA";"S";"1037006460032";"Pregão";"ADMINISTRATIVA";;;"FRASCO-AMPOLA";"00.895.119/0001-70";"SANFARMA COMERCIO DE MEDICAMENTOS LTDA";"17.159.229/0001-76";"LABORATORIO TEUTO BRASILEIRO S/A";"2400";"8.0";"19200.0"
"2026";"FUNDO MUNICIPAL DE SAUDE";"MUNICIPAL";"11.718.406/0001-20";"ARACAJU";"SE";"30/01/2026";"03/03/2026";"450890";"CEFTRIAXONA SÓDICA, CONCENTRAÇÃO:1 G, FORMA FARMACEUTICA:PÓ P/ SOLUÇÃO INJETÁVEL + DILUENTE";"FRASCO-AMPOLA";"S";"1163701740061";"Pregão";"ADMINISTRATIVA";;;"FRASCO-AMPOLA";"00.895.119/0001-70";"SANFARMA COMERCIO DE MEDICAMENTOS LTDA";"58.430.828/0001-60";"BLAU FARMACEUTICA S.A.";"2700";"4.17";"11259.0"
"2026";"FUNDO MUNICIPAL DE SAUDE";"MUNICIPAL";"11.718.406/0001-20";"ARACAJU";"SE";"30/01/2026";"03/03/2026";"271111";"AMOXICILINA, CONCENTRAÇÃO:50MG/ML, APRESENTAÇÃO:PÓ PARA SUSPENSÃO ORAL";"FRASCO";"S";"1058308900038";"Pregão";"ADMINISTRATIVA";"150.0";"ML";"FRASCO 150.00 ML";"33.891.594/0001-27";"EXCLUSIVE PRODUTOS HOSPITALARES LTDA";"45.992.062/0001-65";"GERMED FARMACEUTICA LTDA";"1800";"5.95";"10710.0"
"2026";"FUNDO MUNICIPAL DE SAUDE";"MUNICIPAL";"11.718.406/0001-20";"ARACAJU";"SE";"30/01/2026";"03/03/2026";"267140";"AZITROMICINA, DOSAGEM:500 MG";"COMPRIMIDO";"S";"1438102050064";"Pregão";"ADMINISTRATIVA";;;"COMPRIMIDO";"35.250.918/0001-73";"L FERREIRA DA COSTA DISTRIBUIDORA DE MEDICAMENTOS";"02.814.497/0001-07";"CIMED INDUSTRIA S.A.";"22500";"0.82";"18450.0"
"2026";"FUNDO MUNICIPAL DE SAUDE";"MUNICIPAL";"11.718.406/0001-20";"ARACAJU";"SE";"30/01/2026";"03/03/2026";"270612";"BENZILPENICILINA, APRESENTAÇÃO:BENZATINA, DOSAGEM:1.200.000UI, USO:INJETÁVEL";"FRASCO-AMPOLA";"N";"1037001000092";"Pregão";"ADMINISTRATIVA";;;"FRASCO-AMPOLA";"62.077.080/0001-30";"SAUDENORD COMERCIO HOSPITALAR LTDA";"17.159.229/0001-76";"LABORATORIO TEUTO BRASILEIRO S/A";"6300";"5.77";"36351.0"
"2026";"FUNDO MUNICIPAL DE SAUDE";"MUNICIPAL";"11.718.406/0001-20";"ARACAJU";"SE";"30/01/2026";"03/03/2026";"331555";"CEFALEXINA, DOSAGEM:50 MG/ML, FORMA FARMACÊUTICA:PÓ P/ SUSPENSÃO ORAL";"FRASCO";"S";"1037005090045";"Pregão";"ADMINISTRATIVA";"60.0";"ML";"FRASCO 60.00 ML";"21.595.464/0001-68";"UNI HOSPITALAR CEARA LTDA";"17.159.229/0001-76";"LABORATORIO TEUTO BRASILEIRO S/A";"9350";"5.33";"49835.5"
"2026";"FUNDO MUNICIPAL DE SAUDE";"MUNICIPAL";"11.718.406/0001-20";"ARACAJU";"SE";"30/01/2026";"03/03/2026";"267625";"CEFALEXINA, DOSAGEM:500 MG";"COMPRIMIDO";"S";"1037003820062";"Pregão";"ADMINISTRATIVA";;;"COMPRIMIDO";"33.891.594/0001-27";"EXCLUSIVE PRODUTOS HOSPITALARES LTDA";"17.159.229/0001-76";"LABORATORIO TEUTO BRASILEIRO S/A";"84750";"0.58";"49155.0"
"2026";"FUNDO MUNICIPAL DE SAUDE";"MUNICIPAL";"11.718.406/0001-20";"ARACAJU";"SE";"30/01/2026";"03/03/2026";"267625";"CEFALEXINA, DOSAGEM:500 MG";"COMPRIMIDO";"S";"1037003820062";"Pregão";"ADMINISTRATIVA";;;"COMPRIMIDO";"01.417.694/0001-20";"DISTRIMIX DISTRIBUIDORA DE MEDICAMENTOS LTDA";"17.159.229/0001-76";"LABORATORIO TEUTO BRASILEIRO S/A";"480250";"0.58";"278545.0"
"2026";"FUNDO MUNICIPAL DE SAUDE";"MUNICIPAL";"11.718.406/0001-20";"ARACAJU";"SE";"30/01/2026";"03/03/2026";"271217";"AMOXICILINA, PRINCÍPIO ATIVO:ASSOCIADA COM CLAVULANATO DE POTÁSSIO, CONCENTRAÇÃO:500MG + 125MG";"COMPRIMIDO";"S";"1004704570317";"Pregão";"ADMINISTRATIVA";;;"COMPRIMIDO";"00.895.119/0001-70";"SANFARMA COMERCIO DE MEDICAMENTOS LTDA";"61.286.647/0001-16";"SANDOZ DO BRASIL INDUSTRIA FARMACEUTICA LTDA.";"212500";"0.86";"182750.0"
"2026";"FUNDO MUNICIPAL DE SAUDE";"MUNICIPAL";"11.718.406/0001-20";"ARACAJU";"SE";"30/01/2026";"03/03/2026";"271089";"AMOXICILINA, CONCENTRAÇÃO:500MG";"CÁPSULA";"S";"1564900030066";"Pregão";"ADMINISTRATIVA";;;"CÁPSULA";"35.250.918/0001-73";"L FERREIRA DA COSTA DISTRIBUIDORA DE MEDICAMENTOS";"05.399.786/0001-85";"UNICHEM FARMACEUTICA DO BRASIL LTDA.";"93000";"0.24";"22320.0"
"2026";"FUNDO MUNICIPAL DE SAUDE";"MUNICIPAL";"11.718.406/0001-20";"ARACAJU";"SE";"30/01/2026";"03/03/2026";"268949";"AZITROMICINA, DOSAGEM:40 MG/ML, APRESENTAÇÃO:SUSPENSÃO ORAL";"FRASCO";"S";"1410706100040";"Pregão";"ADMINISTRATIVA";"15.0";"ML";"FRASCO 15.00 ML";"35.250.918/0001-73";"L FERREIRA DA COSTA DISTRIBUIDORA DE MEDICAMENTOS";"02.501.297/0001-02";"PHARLAB INDUSTRIA FARMACEUTICA S.A";"1500";"7.74";"11610.0"
"2026";"FUNDO MUNICIPAL DE SAUDE";"MUNICIPAL";"11.718.406/0001-20";"ARACAJU";"SE";"30/01/2026";"03/03/2026";"268207";"AMPICILINA, DOSAGEM:1 G, TIPO USO:INJETÁVEL";"FRASCO-AMPOLA";"S";"1037002990231";"Pregão";"ADMINISTRATIVA";;;"FRASCO-AMPOLA";"00.895.119/0001-70";"SANFARMA COMERCIO DE MEDICAMENTOS LTDA";"17.159.229/0001-76";"LABORATORIO TEUTO BRASILEIRO S/A";"250";"4.46";"1115.0"
"2026";"FUNDO MUNICIPAL DE SAUDE";"MUNICIPAL";"11.718.406/0001-20";"ARACAJU";"SE";"30/01/2026";"03/03/2026";"271089";"AMOXICILINA, CONCENTRAÇÃO:500MG";"CÁPSULA";"S";"1256801470068";"Pregão";"ADMINISTRATIVA";;;"CÁPSULA";"02.520.829/0001-40";"DIMASTER - COMERCIO DE PRODUTOS HOSPITALARES LTDA.";"73.856.593/0001-66";"PRATI, DONADUZZI & CIA LTDA";"527000";"0.21";"110670.0"
"2026";"FUNDO MUNICIPAL DE SAUDE";"MUNICIPAL";"11.718.406/0001-20";"ARACAJU";"SE";"30/01/2026";"03/03/2026";"365542";"BENZILPENICILINA, COMPOSIÇÃO:BENZATINA, CONCENTRAÇÃO:300.000 UI/ML, FORMA FARMACEUTICA:SUSPENSÃO INJETÁVEL";"FRASCO";"N";"1004306860064";"Pregão";"ADMINISTRATIVA";"4.0";"ML";"FRASCO 4.00 ML";"21.595.464/0001-68";"UNI HOSPITALAR CEARA LTDA";"61.190.096/0001-92";"EUROFARMA LABORATORIOS S.A.";"35700";"5.4";"192780.0"
"2026";"FUNDO MUNICIPAL DE SAUDE";"MUNICIPAL";"11.718.406/0001-20";"ARACAJU";"SE";"30/01/2026";"03/03/2026";"459822";"ALBENDAZOL, CONCENTRAÇÃO:400 MG, FORMA FARMACEUTICA:COMPRIMIDO MASTIGÁVEL";"COMPRIMIDO";"S";"1256800520223";"Pregão";"ADMINISTRATIVA";;;"COMPRIMIDO";"33.891.594/0001-27";"EXCLUSIVE PRODUTOS HOSPITALARES LTDA";"73.856.593/0001-66";"PRATI, DONADUZZI & CIA LTDA";"38000";"0.55";"20900.0"
"2026";"FUNDO MUNICIPAL DE SAUDE";"MUNICIPAL";"11.718.406/0001-20";"ARACAJU";"SE";"30/01/2026";"03/03/2026";"448841";"AMOXICILINA, PRINCÍPIO ATIVO:ASSOCIADA COM CLAVULANATO DE POTÁSSIO, CONCENTRAÇÃO:50 MG/ML + 12,5 MG/ML, FORMA FARMACÊUTICA:SUSPENSÃO ORAL";"FRASCO";"S";"1023505280080";"Pregão";"ADMINISTRATIVA";"75.0";"ML";"FRASCO 75.00 ML";"05.487.170/0001-66";"PB FARMA DISTRIBUIDORA DE MEDICAMENTOS LTDA";"57.507.378/0003-65";"EMS S/A";"10625";"13.48";"143225.0"
"2026";"FUNDO MUNICIPAL DE SAUDE";"MUNICIPAL";"11.718.406/0001-20";"ARACAJU";"SE";"30/01/2026";"03/03/2026";"267507";"ALBENDAZOL, DOSAGEM:40 MG/ML, USO:SUSPENSÃO ORAL";"FRASCO";"N";"1542300440063";"Pregão";"ADMINISTRATIVA";"10.0";"ML";"FRASCO 10.00 ML";"00.895.119/0001-70";"SANFARMA COMERCIO DE MEDICAMENTOS LTDA";"03.485.572/0001-04";"GEOLAB INDUSTRIA FARMACEUTICA S/A";"18000";"1.23";"22140.0"
"2026";"FUNDO MUNICIPAL DE SAUDE";"MUNICIPAL";"11.718.406/0001-20";"ARACAJU";"SE";"30/01/2026";"03/03/2026";"268370";"ACICLOVIR, DOSAGEM:200 MG";"COMPRIMIDO";"S";"1438101810057";"Pregão";"ADMINISTRATIVA";;;"COMPRIMIDO";"17.854.549/0001-46";"MAIS MED COMERCIO DE PRODUTOS HOSPITALAR LTDA";"02.814.497/0001-07";"CIMED INDUSTRIA S.A.";"210000";"0.2";"42000.0"
"2026";"FUNDO MUNICIPAL DE SAUDE";"MUNICIPAL";"11.718.406/0001-20";"ARACAJU";"SE";"30/01/2026";"03/03/2026";"448841";"AMOXICILINA, PRINCÍPIO ATIVO:ASSOCIADA COM CLAVULANATO DE POTÁSSIO, CONCENTRAÇÃO:50 MG/ML + 12,5 MG/ML, FORMA FARMACÊUTICA:SUSPENSÃO ORAL";"FRASCO";"S";"1023505280080";"Pregão";"ADMINISTRATIVA";"75.0";"ML";"FRASCO 75.00 ML";"33.891.594/0001-27";"EXCLUSIVE PRODUTOS HOSPITALARES LTDA";"57.507.378/0003-65";"EMS S/A";"1875";"13.48";"25275.0"
"2026";"FUNDO MUNICIPAL DE SAUDE";"MUNICIPAL";"11.718.406/0001-20";"ARACAJU";"SE";"30/01/2026";"03/03/2026";"267140";"AZITROMICINA, DOSAGEM:500 MG";"COMPRIMIDO";"S";"1091700970011";"Pregão";"ADMINISTRATIVA";;;"COMPRIMIDO";"22.862.531/0001-26";"TOP NORTE COMERCIO DE MATERIAL MEDICO HOSPITALAR LTDA";"17.875.154/0001-20";"MEDQUIMICA INDUSTRIA FARMACEUTICA LTDA.";"127500";"0.79";"100725.0"
"2026";"FUNDO MUNICIPAL DE SAUDE";"MUNICIPAL";"11.718.406/0001-20";"ARACAJU";"SE";"30/01/2026";"03/03/2026";"270556";"AMPICILINA, APRESENTAÇÃO:ASSOCIADA COM SULBACTAM, DOSAGEM:1G + 500MG, TIPO USO:INJETÁVEL";"FRASCO-AMPOLA";"S";"1163701860014";"Pregão";"ADMINISTRATIVA";;;"FRASCO-AMPOLA";"00.895.119/0001-70";"SANFARMA COMERCIO DE MEDICAMENTOS LTDA";"58.430.828/0001-60";"BLAU FARMACEUTICA S.A.";"1500";"6.06";"9090.0"
"2026";"FUNDO MUNICIPAL DE SAUDE";"MUNICIPAL";"11.718.406/0001-20";"ARACAJU";"SE";"30/01/2026";"03/03/2026";"363597";"PERMETRINA, CONCENTRAÇÃO:50 MG/ML, FORMA FARMACEUTICA:LOÇÃO";"FRASCO";"N";"1476100110100";"Pregão";"ADMINISTRATIVA";"60.0";"ML";"FRASCO 60.00 ML";"12.418.191/0001-95";"CONQUISTA DISTRIBUIDORA DE MEDICAMENTOS E PRODUTOS HOSPITALARES LTDA";"65.271.900/0001-19";"NATIVITA INDUSTRIA E COMERCIO LTDA";"10200";"2.99";"30498.0"
"2026";"FUNDO MUNICIPAL DE SAUDE";"MUNICIPAL";"11.718.406/0001-20";"ARACAJU";"SE";"30/01/2026";"03/03/2026";"268381";"AMICACINA SULFATO, DOSAGEM:250 MG/ML, INDICAÇÃO:SOLUÇÃO INJETÁVEL";"AMPOLA";"S";"1037002970060";"Pregão";"ADMINISTRATIVA";"2.0";"ML";"AMPOLA 2.00 ML";"00.895.119/0001-70";"SANFARMA COMERCIO DE MEDICAMENTOS LTDA";"17.159.229/0001-76";"LABORATORIO TEUTO BRASILEIRO S/A";"3000";"3.89";"11670.0"
"2026";"FUNDO MUNICIPAL DE SAUDE";"MUNICIPAL";"11.718.406/0001-20";"ARACAJU";"SE";"30/01/2026";"03/03/2026";"271725";"PIPERACILINA, COMPOSIÇÃO:ASSOCIADA COM TAZOBACTAMA, CONCENTRAÇÃO:4G + 500MG, APLICAÇÃO:INJETÁVEL";"FRASCO-AMPOLA";;;"Pregão";"ADMINISTRATIVA";;;"FRASCO-AMPOLA";"36.191.620/0001-00";"MS HOSPITALAR LTDA";"17.159.229/0001-76";"LABORATORIO TEUTO BRASILEIRO S/A";"1290";"15.68";"20227.2"
"2026";"FUNDO MUNICIPAL DE SAUDE";"MUNICIPAL";"11.718.406/0001-20";"ARACAJU";"SE";"30/01/2026";"03/03/2026";"380865";"POLIMIXINA B, COMPOSIÇÃO:ASSOCIADA COM NEOMICINA, FLUOCINOLONA E LIDOCAÍNA, CONCENTRAÇÃO:10.000 UI + 3,5 MG + 0,25 MG + 20 MG/ML, FORMA FARMACÊUTICA:SOLUÇÃO OTOLÓGICA";"FRASCO";"S";"1542301640044";"Pregão";"ADMINISTRATIVA";"10.0";"ML";"FRASCO 10.00 ML";"35.250.918/0001-73";"L FERREIRA DA COSTA DISTRIBUIDORA DE MEDICAMENTOS";"03.485.572/0001-04";"GEOLAB INDUSTRIA FARMACEUTICA S/A";"1500";"5.55";"8325.0"
"2026";"FUNDO MUNICIPAL DE SAUDE";"MUNICIPAL";"11.718.406/0001-20";"ARACAJU";"SE";"30/01/2026";"03/03/2026";"268256";"GENTAMICINA, DOSAGEM:40 MG/ML, APLICAÇÃO:SOLUÇÃO INJETÁVEL";"AMPOLA";"N";"1038700450044";"Pregão";"ADMINISTRATIVA";"2.0";"ML";"AMPOLA 2.00 ML";"00.895.119/0001-70";"SANFARMA COMERCIO DE MEDICAMENTOS LTDA";"17.174.657/0001-78";"HYPOFARMA INSTITUTO DE HYPODERMIA E FARMACIA LTDA";"900";"0.85";"765.0"
"2026";"FUNDO MUNICIPAL DE SAUDE";"MUNICIPAL";"11.718.406/0001-20";"ARACAJU";"SE";"30/01/2026";"03/03/2026";"308882";"SULFAMETOXAZOL, COMPOSIÇÃO:ASSOCIADO À TRIMETOPRIMA, CONCENTRAÇÃO:400MG + 80MG";"COMPRIMIDO";"N";"1057101300076";"Pregão";"ADMINISTRATIVA";;;"COMPRIMIDO";"00.895.119/0001-70";"SANFARMA COMERCIO DE MEDICAMENTOS LTDA";"18.324.343/0001-77";"BELFAR LTDA";"180000";"0.18";"32400.0"
"2026";"FUNDO MUNICIPAL DE SAUDE";"MUNICIPAL";"11.718.406/0001-20";"ARACAJU";"SE";"30/01/2026";"03/03/2026";"308884";"SULFAMETOXAZOL, COMPOSIÇÃO:ASSOCIADO À TRIMETOPRIMA, CONCENTRAÇÃO:40MG + 8MG/ML, FORMA FARMACÊUTICA:SUSPENSÃO ORAL";"FRASCO";"S";"1039201700051";"Pregão";"ADMINISTRATIVA";"100.0";"ML";"FRASCO 100.00 ML";"00.895.119/0001-70";"SANFARMA COMERCIO DE MEDICAMENTOS LTDA";"30.222.814/0001-31";"VITAMEDIC INDUSTRIA FARMACEUTICA LTDA";"1500";"3.75";"5625.0"
"2026";"FUNDO MUNICIPAL DE SAUDE";"MUNICIPAL";"11.718.406/0001-20";"ARACAJU";"SE";"30/01/2026";"03/03/2026";"363597";"PERMETRINA, CONCENTRAÇÃO:50 MG/ML, FORMA FARMACEUTICA:LOÇÃO";"FRASCO";"N";"1476100110100";"Pregão";"ADMINISTRATIVA";"60.0";"ML";"FRASCO 60.00 ML";"00.895.119/0001-70";"SANFARMA COMERCIO DE MEDICAMENTOS LTDA";"65.271.900/0001-19";"NATIVITA INDUSTRIA E COMERCIO LTDA";"1800";"3.59";"6462.0"
"2026";"FUNDO MUNICIPAL DE SAUDE";"MUNICIPAL";"11.718.406/0001-20";"ARACAJU";"SE";"30/01/2026";"03/03/2026";"271725";"PIPERACILINA, COMPOSIÇÃO:ASSOCIADA COM TAZOBACTAMA, CONCENTRAÇÃO:4G + 500MG, APLICAÇÃO:INJETÁVEL";"FRASCO-AMPOLA";"S";"1004308100059";"Pregão";"ADMINISTRATIVA";;;"FRASCO-AMPOLA";"21.595.464/0001-68";"UNI HOSPITALAR CEARA LTDA";"61.190.096/0001-92";"EUROFARMA LABORATORIOS S.A.";"7310";"14.84";"108480.4"
"2026";"FUNDO MUNICIPAL DE SAUDE";"MUNICIPAL";"11.718.406/0001-20";"ARACAJU";"SE";"30/01/2026";"03/03/2026";"267773";"PERMETRINA, DOSAGEM:10 MG/ML, INDICAÇÃO:LOÇÃO";"FRASCO";"N";"1353100020084";"Pregão";"ADMINISTRATIVA";"60.0";"ML";"FRASCO 60.00 ML";"17.854.549/0001-46";"MAIS MED COMERCIO DE PRODUTOS HOSPITALAR LTDA";"00.376.959/0001-26";"IFAL IND E COM DE PRODUTOS FARMACEUTICOS LTDA";"4500";"2.38";"10710.0"
"2026";"FUNDO MUNICIPAL DE SAUDE";"MUNICIPAL";"11.718.406/0001-20";"ARACAJU";"SE";"30/01/2026";"03/03/2026";"267378";"NISTATINA, DOSAGEM:100.000 UI/ML, APRESENTAÇÃO:SUSPENSÃO ORAL";"FRASCO";"S";"1256800260061";"Pregão";"ADMINISTRATIVA";"50.0";"ML";"FRASCO 50.00 ML";"00.895.119/0001-70";"SANFARMA COMERCIO DE MEDICAMENTOS LTDA";"73.856.593/0001-66";"PRATI, DONADUZZI & CIA LTDA";"3000";"6.1";"18300.0"
"2026";"FUNDO MUNICIPAL DE SAUDE - SALGADINHO - PB";"MUNICIPAL";"11.321.779/0001-63";"SALGADINHO";"PB";"31/01/2026";"24/02/2026";"267652";"ENALAPRIL MALEATO, DOSAGEM:20 MG";"COMPRIMIDO";"S";"1134301900023";"Dispensa de Licitação";"ADMINISTRATIVA";;;"COMPRIMIDO";"31.187.918/0001-15";"ALLFAMED COMERCIO ATACADISTA DE MEDICAMENTOS LTDA";"19.570.720/0001-10";"HIPOLABOR FARMACEUTICA LTDA";"6000";"0.08";"480.0"
"2026";"SECRETARIA DE ESTADO DA SAUDE";"ESTADUAL";"76.416.866/0001-40";"CURITIBA";"PR";"04/02/2026";"04/03/2026";"466093";"AFASTADOR ODONTOLÓGICO, MATERIAL:AÇO INOXIDÁVEL, TIPO:ABRIDOR DE BOCA, MODELO:MOLT, ESTERILIDADE:AUTOCLAVÁVEL, TAMANHO:INFANTIL";"UNIDADE";;;"Pregão";"ADMINISTRATIVA";;;"UNIDADE";"40.649.293/0001-57";"ANA JULIA MARTINS FALEIROS DE ANDRADE LTDA";"40.649.293/0001-57";"ANA JULIA MARTINS FALEIROS DE ANDRADE LTDA";"51";"117.89";"6012.39"
"2026";"UNIVERSIDADE ESTADUAL DE PONTA GROSSA";"ESTADUAL";"80.257.355/0001-08";"PONTA GROSSA";"PR";"04/02/2026";"27/02/2026";"268273";"NITROFURANTOÍNA, DOSAGEM:100 MG";"CÁPSULA";"N";"1037004430020";"Pregão";"ADMINISTRATIVA";;;"CÁPSULA";"00.802.002/0001-02";"ALTERMED MATERIAL MEDICO HOSPITALAR LTDA";"17.159.229/0001-76";"LABORATORIO TEUTO BRASILEIRO S/A";"400";"0.34";"136.0"
"2026";"SECRETARIA DE ESTADO DA SAUDE";"ESTADUAL";"76.416.866/0001-40";"CURITIBA";"PR";"04/02/2026";"04/03/2026";"350317";"COMPASSO USO MÉDICO, MATERIAL:AÇO INOXIDÁVEL, ALCANCE MEDIÇÃO:20 MM, APLICAÇÃO:CIRURGIA PLÁSTICA";"UNIDADE";;;"Pregão";"ADMINISTRATIVA";;;"UNIDADE";"40.649.293/0001-57";"ANA JULIA MARTINS FALEIROS DE ANDRADE LTDA";"40.649.293/0001-57";"ANA JULIA MARTINS FALEIROS DE ANDRADE LTDA";"40";"64.89";"2595.6"
"2026";"UNIVERSIDADE ESTADUAL DE PONTA GROSSA";"ESTADUAL";"80.257.355/0001-08";"PONTA GROSSA";"PR";"04/02/2026";"27/02/2026";"273413";"LINEZOLIDA, DOSAGEM:2 MG/ML, TIPO MEDICAMENTO:SOLUÇÃO INJETÁVEL";"BOLSA";"S";"1108500470038";"Pregão";"ADMINISTRATIVA";"300.0";"ML";"BOLSA 300.00 ML";"00.656.468/0001-39";"SOMA/PR COMERCIO DE PRODUTOS HOSPITALARES LTDA";"06.628.333/0001-46";"FARMACE - INDUSTRIA QUIMICO-FARMACEUTICA CEARENSE LTDA";"2200";"13.8313";"30428.86"
"2026";"UNIVERSIDADE ESTADUAL DE PONTA GROSSA";"ESTADUAL";"80.257.355/0001-08";"PONTA GROSSA";"PR";"04/02/2026";"27/02/2026";"429846";"APIXABANA, CONCENTRAÇÃO:5 MG";"COMPRIMIDO";"S";"1004706480056";"Pregão";"ADMINISTRATIVA";;;"COMPRIMIDO";"61.812.902/0001-17";"NEXXA FARMACEUTICA LTDA";"61.286.647/0001-16";"SANDOZ DO BRASIL INDUSTRIA FARMACEUTICA LTDA.";"150";"1.51";"226.5"
"2026";"UNIVERSIDADE ESTADUAL DE PONTA GROSSA";"ESTADUAL";"80.257.355/0001-08";"PONTA GROSSA";"PR";"04/02/2026";"27/02/2026";"308884";"SULFAMETOXAZOL, COMPOSIÇÃO:ASSOCIADO À TRIMETOPRIMA, CONCENTRAÇÃO:40MG + 8MG/ML, FORMA FARMACÊUTICA:SUSPENSÃO ORAL";"FRASCO";"S";"1023510480076";"Pregão";"ADMINISTRATIVA";"100.0";"ML";"FRASCO 100.00 ML";"00.656.468/0001-39";"SOMA/PR COMERCIO DE PRODUTOS HOSPITALARES LTDA";"57.507.378/0003-65";"EMS S/A";"200";"2.38";"476.0"
"2026";"SECRETARIA DE ESTADO DA SAUDE";"ESTADUAL";"76.416.866/0001-40";"CURITIBA";"PR";"05/02/2026";"19/02/2026";"395517";"CANAQUINUMABE, CONCENTRAÇÃO:150 MG, FORMA FARMACÊUTICA:PÓ LIÓFILO P/ INJETÁVEL";"FRASCO-AMPOLA";"N";"1006810680038";"Pregão";"JUDICIAL";;;"FRASCO-AMPOLA";"12.420.164/0005-80";"CM HOSPITALAR S.A.";"56.994.502/0001-30";"NOVARTIS BIOCIENCIAS SA";"216";"52222.44";"11280047.04"
"2026";"FUNDO ESTADUAL DE SAUDE DO ESTADO DA BAHIA";"ESTADUAL";"05.816.630/0001-52";"SALVADOR";"BA";"05/02/2026";"19/02/2026";"482292";"TRASTUZUMABE, COMPOSIÇÃO:DERUXTECANA, CONCENTRAÇÃO:100 MG, FORMA FARMACÊUTICA:PÓ LIOFILO INJETÁVEL";"FRASCO-AMPOLA";"N";"1045401910011";"Pregão";"ADMINISTRATIVA";;;"FRASCO-AMPOLA";"04.307.650/0025-02";"ONCO PROD DISTRIBUIDORA DE PRODUTOS HOSPITALARES E ONCOLOGICOS LTDA.";"60.874.187/0001-84";"DAIICHI SANKYO BRASIL FARMACEUTICA LTDA.";"1100";"14027.89";"15430679.0"
"2026";"SECRETARIA DE ESTADO DA SAUDE";"ESTADUAL";"76.416.866/0001-40";"CURITIBA";"PR";"05/02/2026";"19/02/2026";"437839";"DULAGLUTIDA, CONCENTRAÇÃO:3 MG/ML, FORMA FARMACÊUTICA:SOLUÇÃO INJETÁVEL, CARACTERÍSTICAS ADICIONAIS:EM SERINGA PREENCHIDA, ADICIONAL:C/ SISTEMA DE APLICAÇÃO";"SERINGA";"N";"1126001900027";"Pregão";"JUDICIAL";"0.5";"ML";"SERINGA 0.50 ML";"12.420.164/0005-80";"CM HOSPITALAR S.A.";"43.940.618/0001-44";"ELI LILLY DO BRASIL LTDA";"2832";"119.7";"338990.4"
"2026";"SECRETARIA DE ESTADO DA SAUDE";"ESTADUAL";"76.416.866/0001-40";"CURITIBA";"PR";"05/02/2026";"19/02/2026";"292372";"TOXINA BOTULÍNICA, PRINCÍPIO ATIVO:TIPO A, DOSAGEM:100 U, APRESENTAÇÃO:INJETÁVEL";"FRASCO-AMPOLA";"N";"1880200010012";"Pregão";"JUDICIAL";;;"FRASCO-AMPOLA";"05.912.018/0001-83";"MERCO SOLUCOES EM SAUDE S/A";"11.681.446/0001-45";"MERZ FARMACEUTICA COMERCIAL LTDA.";"276";"420.0";"115920.0"
"2026";"SECRETARIA DE ESTADO DA SAUDE";"ESTADUAL";"76.416.866/0001-40";"CURITIBA";"PR";"05/02/2026";"19/02/2026";"436771";"TRAMETINIBE, CONCENTRAÇÃO:2 MG";"COMPRIMIDO";"N";"1006811270011";"Pregão";"JUDICIAL";;;"COMPRIMIDO";"12.420.164/0005-80";"CM HOSPITALAR S.A.";"56.994.502/0001-30";"NOVARTIS BIOCIENCIAS SA";"5040";"549.81";"2771042.4"
"2026";"SECRETARIA DE ESTADO DA SAUDE";"ESTADUAL";"76.416.866/0001-40";"CURITIBA";"PR";"05/02/2026";"19/02/2026";"444809";"TRAMETINIBE, CONCENTRAÇÃO:0,5 MG";"COMPRIMIDO";"N";"1006811270021";"Pregão";"JUDICIAL";;;"COMPRIMIDO";"12.420.164/0005-80";"CM HOSPITALAR S.A.";"56.994.502/0001-30";"NOVARTIS BIOCIENCIAS SA";"3792";"137.45";"521210.4"
"2026";"FUNDO ESTADUAL DE SAUDE DO ESTADO DA BAHIA";"ESTADUAL";"05.816.630/0001-52";"SALVADOR";"BA";"07/02/2026";"05/03/2026";"268520";"RITUXIMABE, DOSAGEM:10MG/ML, INDICAÇÃO:SOLUÇÃO INJETÁVEL";"FRASCO";"N";"1004706180011";"Pregão";"ADMINISTRATIVA";"10.0";"ML";"FRASCO 10.00 ML";"21.595.464/0001-68";"UNI HOSPITALAR CEARA LTDA";"61.286.647/0001-16";"SANDOZ DO BRASIL INDUSTRIA FARMACEUTICA LTDA.";"760";"165.0";"125400.0"
"2026";"FUNDO ESTADUAL DE SAUDE DO ESTADO DA BAHIA";"ESTADUAL";"05.816.630/0001-52";"SALVADOR";"BA";"07/02/2026";"05/03/2026";"268487";"MEROPENEM, DOSAGEM:500 MG, APRESENTAÇÃO:INJETÁVEL";"FRASCO-AMPOLA";"S";"1163701870117";"Pregão";"ADMINISTRATIVA";;;"FRASCO-AMPOLA";"05.400.006/0001-70";"FABMED DISTRIBUIDORA HOSPITALAR LTDA";"58.430.828/0001-60";"BLAU FARMACEUTICA S.A.";"19000";"8.95";"170050.0"
"2026";"FUNDO ESTADUAL DE SAUDE DO ESTADO DA BAHIA";"ESTADUAL";"05.816.630/0001-52";"SALVADOR";"BA";"07/02/2026";"05/03/2026";"272431";"CLOZAPINA, DOSAGEM:100 MG";"COMPRIMIDO";"S";"1029803780072";"Pregão";"ADMINISTRATIVA";;;"COMPRIMIDO";"44.734.671/0022-86";"CRISTALIA PRODUTOS QUIMICOS FARMACEUTICOS LTDA";"44.734.671/0001-51";"CRISTALIA PRODUTOS QUIMICOS FARMACEUTICOS LTDA";"52250";"3.89";"203252.5"
"2026";"FUNDO ESTADUAL DE SAUDE DO ESTADO DA BAHIA";"ESTADUAL";"05.816.630/0001-52";"SALVADOR";"BA";"07/02/2026";"05/03/2026";"372335";"METRONIDAZOL, CONCENTRAÇAO:100 MG/G, FORMA FARMACEUTICA:GEL VAGINAL, CARACTERÍSTICA ADICIONAL:COM APLICADOR";"BISNAGA";"N";"1037000710088";"Pregão";"ADMINISTRATIVA";"50.0";"G";"BISNAGA 50.00 G";"05.400.006/0001-70";"FABMED DISTRIBUIDORA HOSPITALAR LTDA";"17.159.229/0001-76";"LABORATORIO TEUTO BRASILEIRO S/A";"47500";"4.67";"221825.0"
"2026";"FUNDO ESTADUAL DE SAUDE DO ESTADO DA BAHIA";"ESTADUAL";"05.816.630/0001-52";"SALVADOR";"BA";"07/02/2026";"05/03/2026";"268520";"RITUXIMABE, DOSAGEM:10MG/ML, INDICAÇÃO:SOLUÇÃO INJETÁVEL";"FRASCO";"N";"1004706180036";"Pregão";"ADMINISTRATIVA";"50.0";"ML";"FRASCO 50.00 ML";"21.595.464/0001-68";"UNI HOSPITALAR CEARA LTDA";"61.286.647/0001-16";"SANDOZ DO BRASIL INDUSTRIA FARMACEUTICA LTDA.";"6400";"635.0";"4064000.0"
"2026";"FUNDO ESTADUAL DE SAUDE DO ESTADO DA BAHIA";"ESTADUAL";"05.816.630/0001-52";"SALVADOR";"BA";"07/02/2026";"05/03/2026";"448577";"MICOFENOLATO, COMPOSIÇÃO:DE SÓDIO, CONCENTRAÇÃO:360 MG";"COMPRIMIDO";"S";"1023511310141";"Pregão";"ADMINISTRATIVA";;;"COMPRIMIDO";"96.827.563/0001-27";"MEDISIL MEDICAMENTOS LTDA";"57.507.378/0003-65";"EMS S/A";"91200";"3.58";"326496.0"
"2026";"FUNDO ESTADUAL DE SAUDE DO ESTADO DA BAHIA";"ESTADUAL";"05.816.630/0001-52";"SALVADOR";"BA";"07/02/2026";"06/03/2026";"464956";"TEDUGLUTIDA, CONCENTRAÇÃO:5 MG, FORMA FARMACÊUTICA:PÓ LIÓFILO P/ INJETÁVEL + DILUENTE";"FRASCO-AMPOLA";"N";"1063902960011";"Pregão";"ADMINISTRATIVA";;;"FRASCO-AMPOLA";"12.420.164/0005-80";"CM HOSPITALAR S.A.";"60.397.775/0001-74";"TAKEDA PHARMA LTDA.";"570";"3700.28";"2109159.6"
"2026";"FUNDO ESTADUAL DE SAUDE DO ESTADO DA BAHIA";"ESTADUAL";"05.816.630/0001-52";"SALVADOR";"BA";"07/02/2026";"05/03/2026";"292196";"HALOPERIDOL, CONCENTRAÇÃO:5 MG/ML, TIPO USO:SOLUÇÃO INJETÁVEL";"AMPOLA";"N";"1029800200288";"Pregão";"ADMINISTRATIVA";"1.0";"ML";"AMPOLA 1.00 ML";"44.734.671/0022-86";"CRISTALIA PRODUTOS QUIMICOS FARMACEUTICOS LTDA";"44.734.671/0001-51";"CRISTALIA PRODUTOS QUIMICOS FARMACEUTICOS LTDA";"125495";"1.25";"156868.75"
"2026";"FUNDO ESTADUAL DE SAUDE DO ESTADO DA BAHIA";"ESTADUAL";"05.816.630/0001-52";"SALVADOR";"BA";"07/02/2026";"05/03/2026";"292195";"HALOPERIDOL, CONCENTRAÇÃO:2 MG/ML, TIPO USO:SOLUÇÃO ORAL-GOTAS";"FRASCO";"N";"1029800200301";"Pregão";"ADMINISTRATIVA";"20.0";"ML";"FRASCO 20.00 ML";"44.734.671/0022-86";"CRISTALIA PRODUTOS QUIMICOS FARMACEUTICOS LTDA";"44.734.671/0001-51";"CRISTALIA PRODUTOS QUIMICOS FARMACEUTICOS LTDA";"39900";"2.69";"107331.0"
"2026";"FUNDO ESTADUAL DE SAUDE DO ESTADO DA BAHIA";"ESTADUAL";"05.816.630/0001-52";"SALVADOR";"BA";"07/02/2026";"06/03/2026";"277649";"ANAGRELIDA CLORIDRATO, DOSAGEM:0,5 MG";"CÁPSULA";"N";"1063903020010";"Pregão";"ADMINISTRATIVA";;;"CÁPSULA";"12.420.164/0005-80";"CM HOSPITALAR S.A.";"60.397.775/0001-74";"TAKEDA PHARMA LTDA.";"3705";"20.34";"75359.7"
"2026";"FUNDO ESTADUAL DE SAUDE DO ESTADO DA BAHIA";"ESTADUAL";"05.816.630/0001-52";"SALVADOR";"BA";"07/02/2026";"05/03/2026";"267669";"HALOPERIDOL, DOSAGEM:5 MG";"COMPRIMIDO";"N";"1049714890039";"Pregão";"ADMINISTRATIVA";;;"COMPRIMIDO";"60.665.981/0009-75";"UNIAO QUIMICA FARMACEUTICA NACIONAL S A";"60.665.981/0001-18";"UNIAO QUIMICA FARMACEUTICA NACIONAL S A";"3895000";"0.09";"350550.0"
"2026";"FUNDO ESTADUAL DE SAUDE DO ESTADO DA BAHIA";"ESTADUAL";"05.816.630/0001-52";"SALVADOR";"BA";"07/02/2026";"05/03/2026";"446263";"AMBROXOL, COMPOSIÇÃO:SAL CLORIDRATO, CONCENTRAÇÃO:6 MG/ML, FORMA FARMACÊUTICA:XAROPE";"FRASCO";"S";"1108500390050";"Pregão";"ADMINISTRATIVA";"120.0";"ML";"FRASCO 120.00 ML";"36.191.620/0001-00";"MS HOSPITALAR LTDA";"06.628.333/0001-46";"FARMACE - INDUSTRIA QUIMICO-FARMACEUTICA CEARENSE LTDA";"15300";"2.61";"39933.0"
"2026";"FUNDO ESTADUAL DE SAUDE DO ESTADO DA BAHIA";"ESTADUAL";"05.816.630/0001-52";"SALVADOR";"BA";"07/02/2026";"05/03/2026";"292402";"AMINOFILINA, DOSAGEM:24 MG/ML, FORMA FARMACÊUTICA:SOLUÇÃO INJETÁVEL";"AMPOLA";"S";"1108500240024";"Pregão";"ADMINISTRATIVA";"10.0";"ML";"AMPOLA 10.00 ML";"06.628.333/0001-46";"FARMACE - INDUSTRIA QUIMICO-FARMACEUTICA CEARENSE LTDA";"06.628.333/0001-46";"FARMACE - INDUSTRIA QUIMICO-FARMACEUTICA CEARENSE LTDA";"26400";"1.75";"46200.0"
"2026";"FUNDO ESTADUAL DE SAUDE DO ESTADO DA BAHIA";"ESTADUAL";"05.816.630/0001-52";"SALVADOR";"BA";"07/02/2026";"06/03/2026";"452496";"DABRAFENIBE, CONCENTRAÇÃO:75 MG";"CÁPSULA";"N";"1006811350041";"Pregão";"ADMINISTRATIVA";;;"CÁPSULA";"08.958.628/0004-59";"ONCOEXO DISTRIBUIDORA DE MEDICAMENTOS LTDA";"56.994.502/0001-30";"NOVARTIS BIOCIENCIAS SA";"7600";"239.11";"1817236.0"
"2026";"FUNDO ESTADUAL DE SAUDE DO ESTADO DA BAHIA";"ESTADUAL";"05.816.630/0001-52";"SALVADOR";"BA";"07/02/2026";"05/03/2026";"443639";"LANREOTIDA ACETATO, CONCENTRAÇÃO:180 MG/ML, FORMA FARMACEUTICA:SOLUÇÃO INJETÁVEL, CARACTERÍSTICAS ADICIONAIS:LIBERAÇÃO PROLONGADA";"SERINGA";"N";"1697700020086";"Pregão";"ADMINISTRATIVA";;;"SERINGA";"07.484.373/0001-24";"UNI HOSPITALAR LTDA";"07.718.721/0001-80";"BEAUFOUR IPSEN FARMACEUTICA LTDA.";"38";"2783.3";"105765.4"
"2026";"MUNICIPIO DE PORTO ALEGRE";"MUNICIPAL";"92.963.560/0001-60";"PORTO ALEGRE";"RS";"09/02/2026";"19/02/2026";"419016";"ONDANSETRONA CLORIDRATO, CONCENTRAÇÃO:4 MG, FORMA FARMACÊUTICA:COMPRIMIDO ORODISPERSÍVEL";"COMPRIMIDO";"N";"1097401940371";"Pregão";"ADMINISTRATIVA";;;"COMPRIMIDO";"12.889.035/0001-02";"INOVAMED HOSPITALAR LTDA";"49.475.833/0001-06";"BIOLAB SANUS FARMACEUTICA LTDA";"7000";"0.1999";"1399.3"
"2026";"MUNICIPIO DE PORTO ALEGRE";"MUNICIPAL";"92.963.560/0001-60";"PORTO ALEGRE";"RS";"09/02/2026";"19/02/2026";"270616";"BENZILPENICILINA, APRESENTAÇÃO:POTÁSSICA, DOSAGEM:5.000.000UI, USO:INJETÁVEL";"FRASCO-AMPOLA";"N";"1163701080027";"Pregão";"ADMINISTRATIVA";;;"FRASCO-AMPOLA";"06.294.126/0001-00";"RS - PRODUTOS HOSPITALARES LTDA";"58.430.828/0001-60";"BLAU FARMACEUTICA S.A.";"3900";"10.32";"40248.0"
"2026";"MUNICIPIO DE PORTO ALEGRE";"MUNICIPAL";"92.963.560/0001-60";"PORTO ALEGRE";"RS";"09/02/2026";"19/02/2026";"376107";"NICOTINA, CONCENTRAÇÃO:LIBERAÇÃO DE 21 MG EM 24 HORAS, FORMA FARMACÊUTICA:ADESIVO TRANSDÉRMICO";"UNIDADE";"N";"1348001060162";"Pregão";"ADMINISTRATIVA";;;"UNIDADE";"05.782.733/0001-49";"CIAMED - DISTRIBUIDORA DE MEDICAMENTOS LTDA.";"01.233.103/0001-64";"MAPPEL INDUSTRIA DE EMBALAGENS S.A.";"21130";"13.28";"280606.4"
"2026";"MUNICIPIO DE PORTO ALEGRE";"MUNICIPAL";"92.963.560/0001-60";"PORTO ALEGRE";"RS";"09/02/2026";"19/02/2026";"269846";"LIDOCAÍNA CLORIDRATO, DOSAGEM:2%, APRESENTAÇÃO:GELÉIA";"BISNAGA";"N";"1410700560082";"Pregão";"ADMINISTRATIVA";"30.0";"G";"BISNAGA 30.00 G";"06.294.126/0001-00";"RS - PRODUTOS HOSPITALARES LTDA";"02.501.297/0001-02";"PHARLAB INDUSTRIA FARMACEUTICA S.A";"20940";"3.75";"78525.0"
"2026";"MUNICIPIO DE PORTO ALEGRE";"MUNICIPAL";"92.963.560/0001-60";"PORTO ALEGRE";"RS";"09/02/2026";"19/02/2026";"358755";"MISOPROSTOL, CONCENTRAÇAO:200 MCG, FORMA FARMACÊUTICA:COMPRIMIDO VAGINAL";"COMPRIMIDO";"N";"1155700440053";"Pregão";"ADMINISTRATIVA";;;"COMPRIMIDO";"07.752.236/0001-23";"MEDILAR IMPORTACAO E DISTRIBUICAO DE PRODUTOS MEDICO HOSPITALARES S/A";"08.939.548/0001-03";"INFAN INDUSTRIA QUIMICA FARMACEUTICA NACIONAL S/A";"3400";"47.91";"162894.0"
"2026";"MUNICIPIO DE PORTO ALEGRE";"MUNICIPAL";"92.963.560/0001-60";"PORTO ALEGRE";"RS";"09/02/2026";"19/02/2026";"287687";"EFEDRINA, APRESENTAÇÃO:SULFATO, DOSAGEM:50 MG/ML, APLICAÇÃO:SOLUÇÃO INJETÁVEL";"AMPOLA";"N";"1029801980023";"Pregão";"ADMINISTRATIVA";"1.0";"ML";"AMPOLA 1.00 ML";"44.734.671/0022-86";"CRISTALIA PRODUTOS QUIMICOS FARMACEUTICOS LTDA";"44.734.671/0001-51";"CRISTALIA PRODUTOS QUIMICOS FARMACEUTICOS LTDA";"3500";"4.58";"16030.0"
"2026";"MUNICIPIO DE PORTO ALEGRE";"MUNICIPAL";"92.963.560/0001-60";"PORTO ALEGRE";"RS";"09/02/2026";"19/02/2026";"276657";"METOPROLOL, PRINCÍPIO ATIVO:SAL SUCCINATO, DOSAGEM:50 MG, APRESENTAÇÃO:LIBERAÇÃO CONTROLADA";"COMPRIMIDO";"S";"1438102800136";"Pregão";"ADMINISTRATIVA";;;"COMPRIMIDO";"12.889.035/0001-02";"INOVAMED HOSPITALAR LTDA";"02.814.497/0001-07";"CIMED INDUSTRIA S.A.";"9000";"0.4784";"4305.6"
"2026";"MUNICIPIO DE PORTO ALEGRE";"MUNICIPAL";"92.963.560/0001-60";"PORTO ALEGRE";"RS";"09/02/2026";"19/02/2026";"279297";"NISTATINA, APRESENTAÇÃO:ASSOCIADA COM ÓXIDO DE ZINCO, CONCENTRAÇÃO:100.000UI + 200MG/G, TIPO MEDICAMENTO:CREME";"BISNAGA";"N";"1256801380026";"Pregão";"ADMINISTRATIVA";"60.0";"G";"BISNAGA 60.00 G";"81.706.251/0001-98";"PROMEFARMA MEDICAMENTOS E PRODUTOS HOSPITALARES LTDA";"73.856.593/0001-66";"PRATI, DONADUZZI & CIA LTDA";"2000";"7.31";"14620.0"
"2026";"MUNICIPIO DE PORTO ALEGRE";"MUNICIPAL";"92.963.560/0001-60";"PORTO ALEGRE";"RS";"09/02/2026";"19/02/2026";"305935";"PROPOFOL, DOSAGEM:10 MG/ML, FORMA FARMACÊUTICA:EMULSÃO INJETÁVEL";"FRASCO";"S";"1004101600060";"Pregão";"ADMINISTRATIVA";"100.0";"ML";"FRASCO 100.00 ML";"49.324.221/0001-04";"FRESENIUS KABI BRASIL LTDA.";"49.324.221/0001-04";"FRESENIUS KABI BRASIL LTDA.";"15000";"110.0";"1650000.0"
"2026";"MUNICIPIO DE PORTO ALEGRE";"MUNICIPAL";"92.963.560/0001-60";"PORTO ALEGRE";"RS";"09/02/2026";"19/02/2026";"276283";"DESLANÓSIDO, DOSAGEM:0,2 MG/ML, APRESENTAÇÃO:SOLUÇÃO INJETÁVEL";"AMPOLA";"N";"1049712290018";"Pregão";"ADMINISTRATIVA";"2.0";"ML";"AMPOLA 2.00 ML";"12.889.035/0001-02";"INOVAMED HOSPITALAR LTDA";"60.665.981/0001-18";"UNIAO QUIMICA FARMACEUTICA NACIONAL S A";"760";"2.13";"1618.8"
"2026";"MUNICIPIO DE PORTO ALEGRE";"MUNICIPAL";"92.963.560/0001-60";"PORTO ALEGRE";"RS";"09/02/2026";"19/02/2026";"330113";"GANCICLOVIR SÓDICO, DOSAGEM:1 MG/ML, FORMA FARMACÊUTICA:SOLUÇÃO INJETÁVEL";"BOLSA";"N";"1031101000206";"Pregão";"ADMINISTRATIVA";"100.0";"ML";"BOLSA 100.00 ML";"01.571.702/0001-98";"HALEX ISTAR INDUSTRIA FARMACEUTICA SA";"01.571.702/0001-98";"HALEX ISTAR INDUSTRIA FARMACEUTICA SA";"400";"45.92";"18368.0"
"2026";"MUNICIPIO DE PORTO ALEGRE";"MUNICIPAL";"92.963.560/0001-60";"PORTO ALEGRE";"RS";"09/02/2026";"19/02/2026";"269460";"ÁCIDO URSODESOXICÓLICO, CONCENTRAÇÃO:150 MG";"COMPRIMIDO";"N";"1468200980068";"Pregão";"ADMINISTRATIVA";;;"COMPRIMIDO";"92.963.560/0001-60";"MUNICIPIO DE PORTO ALEGRE";"05.035.244/0001-23";"SUN FARMACEUTICA DO BRASIL LTDA";"2500";"1.05";"2625.0"
"2026";"MUNICIPIO DE PORTO ALEGRE";"MUNICIPAL";"92.963.560/0001-60";"PORTO ALEGRE";"RS";"09/02/2026";"19/02/2026";"268501";"NALBUFINA CLORIDRATO, DOSAGEM:10 MG/ML, INDICAÇÃO:SOLUÇÃO INJETÁVEL";"AMPOLA";"N";"1029802840071";"Pregão";"ADMINISTRATIVA";"1.0";"ML";"AMPOLA 1.00 ML";"44.734.671/0022-86";"CRISTALIA PRODUTOS QUIMICOS FARMACEUTICOS LTDA";"44.734.671/0001-51";"CRISTALIA PRODUTOS QUIMICOS FARMACEUTICOS LTDA";"400";"12.43";"4972.0"
"2026";"MUNICIPIO DE PORTO ALEGRE";"MUNICIPAL";"92.963.560/0001-60";"PORTO ALEGRE";"RS";"09/02/2026";"19/02/2026";"268575";"DESMOPRESSINA ACETATO, DOSAGEM:4 MCG/ML, APRESENTAÇÃO:SOLUÇÃO INJETÁVEL";"AMPOLA";"N";"1287600150041";"Pregão";"ADMINISTRATIVA";"1.0";"ML";"AMPOLA 1.00 ML";"04.307.650/0012-98";"ONCO PROD DISTRIBUIDORA DE PRODUTOS HOSPITALARES E ONCOLOGICOS LTDA.";"74.232.034/0001-48";"LABORATORIOS FERRING LTDA";"1800";"29.67";"53406.0"
"2026";"MUNICIPIO DE PORTO ALEGRE";"MUNICIPAL";"92.963.560/0001-60";"PORTO ALEGRE";"RS";"09/02/2026";"19/02/2026";"335091";"ACETILCISTEÍNA, DOSAGEM:100 MG/ML, FORMA FARMACÊUTICA:SOLUÇÃO INJETÁVEL";"AMPOLA";"N";"1049711490021";"Pregão";"ADMINISTRATIVA";"3.0";"ML";"AMPOLA 3.00 ML";"12.889.035/0001-02";"INOVAMED HOSPITALAR LTDA";"60.665.981/0001-18";"UNIAO QUIMICA FARMACEUTICA NACIONAL S A";"3600";"4.13";"14868.0"
"2026";"MUNICIPIO DE OURO PRETO DO OESTE";"MUNICIPAL";"04.380.507/0001-79";"OURO PRETO DO OESTE";"RO";"10/02/2026";"27/02/2026";"463220";"SULFATO DE ZINCO, CONCENTRAÇÃO:4 MG/ML, FORMA FARMACEUTICA:SOLUÇÃO ORAL";"FRASCO";;;"Pregão";"ADMINISTRATIVA";"100.0";"ML";"FRASCO 100.00 ML";"51.116.518/0001-26";"RX COMERCIO DE MEDICAMENTOS, DISTRIBUIDORA E SERVICOS LTDA";"33.150.764/0001-12";"BIOLAB FARMA GENERICOS LTDA";"1000";"14.48";"14480.0"
"2026";"FUNDO MUNICIPAL DE SAUDE";"MUNICIPAL";"11.402.080/0001-28";"CARIRA";"SE";"10/02/2026";"24/02/2026";"397506";"AGULHA HIPODÉRMICA, MATERIAL:AÇO INOXIDÁVEL SILICONIZADO, DIMENSÃO:22 G X 1 1/4"", TIPO PONTA:BISEL CURTO TRIFACETADO, TIPO CONEXÃO:CONECTOR LUER LOCK EM PLÁSTICO, TIPO FIXAÇÃO:PROTETOR PLÁSTICO, CARACTERÍSTICA ADICIONAL:COM SISTEMA SEGURANÇA SEGUNDO NR/32, TIPO USO:ESTÉRIL, DESCARTÁVEL, EMBALAGEM INDIVIDUAL";"CAIXA";;;"Pregão";"ADMINISTRATIVA";"100.0";"UN";"CAIXA 100.00 UN";"35.153.207/0001-80";"ESSENCIA HOSPITALAR LTDA";"37.820.994/0001-00";"MEDIX BRASIL INDUSTRIA DE DESCARTAVEIS HOSPITALARES LTDA";"50";"4.36";"218.0"
"2026";"MUNICIPIO DE OURO PRETO DO OESTE";"MUNICIPAL";"04.380.507/0001-79";"OURO PRETO DO OESTE";"RO";"10/02/2026";"27/02/2026";"355786";"ACETILCISTEÍNA, CONCENTRAÇAO:40 MG/ML, FORMA FARMACEUTICA:XAROPE";"FRASCO";;;"Pregão";"ADMINISTRATIVA";"120.0";"ML";"FRASCO 120.00 ML";"21.227.039/0001-16";"LIFE CENTER COMERCIO E DISTRIBUIDORA DE MEDICAMENTOS LTDA";"31.170.914/0001-24";"MAYBEN PHARMACEUTICAL LTDA";"1150";"4.86";"5589.0"
"2026";"FUNDO MUNICIPAL DE SAUDE";"MUNICIPAL";"11.402.080/0001-28";"CARIRA";"SE";"10/02/2026";"24/02/2026";"242918";"LÂMINA BISTURI, MATERIAL:AÇO INOXIDÁVEL, TAMANHO:Nº 22, TIPO:DESCARTÁVEL, ESTERILIDADE:ESTÉRIL, CARACTERÍSTICAS ADICIONAIS:EMBALADA INDIVIDUALMENTE";"CAIXA";;;"Pregão";"ADMINISTRATIVA";"100.0";"UN";"CAIXA 100.00 UN";"35.153.207/0001-80";"ESSENCIA HOSPITALAR LTDA";"37.820.994/0001-00";"MEDIX BRASIL INDUSTRIA DE DESCARTAVEIS HOSPITALARES LTDA";"10";"18.75";"187.5"
"2026";"MUNICIPIO DE OURO PRETO DO OESTE";"MUNICIPAL";"04.380.507/0001-79";"OURO PRETO DO OESTE";"RO";"10/02/2026";"27/02/2026";"270558";"ACETILCISTEÍNA, DOSAGEM:20 MG/ML, INDICAÇÃO:XAROPE";"FRASCO";;;"Pregão";"ADMINISTRATIVA";"120.0";"ML";"FRASCO 120.00 ML";"21.227.039/0001-16";"LIFE CENTER COMERCIO E DISTRIBUIDORA DE MEDICAMENTOS LTDA";"31.170.914/0001-24";"MAYBEN PHARMACEUTICAL LTDA";"700";"4.98";"3486.0"
"2026";"FUNDO MUNICIPAL DE SAUDE";"MUNICIPAL";"11.402.080/0001-28";"CARIRA";"SE";"10/02/2026";"24/02/2026";"485312";"MÁSCARA CIRÚRGICA, MATERIAL:NÃO TECIDO 100% POLIPROPILENO, FILTRO:ELEMENTO FILTRANTE INTERNO, EFICIÊNCIA:EFP MAIOR QUE 98% E BFE MAIOR QUE 95%, QUANTIDADE CAMADAS:MÍNIMO 3 CAMADAS, MODELO:AJUSTÁVEL, CLIPE NASAL, FORMATO:RETANGULAR, C/ PREGAS HORIZONTAIS, COR:C/ COR, TAMANHO:ADULTO, ESTERILIDADE:DESCARTÁVEL";"UNIDADE";;;"Pregão";"ADMINISTRATIVA";;;"UNIDADE";"35.153.207/0001-80";"ESSENCIA HOSPITALAR LTDA";"37.820.994/0001-00";"MEDIX BRASIL INDUSTRIA DE DESCARTAVEIS HOSPITALARES LTDA";"2500";"2.75";"6875.0"
"2026";"FUNDO MUNICIPAL DE SAUDE";"MUNICIPAL";"11.402.080/0001-28";"CARIRA";"SE";"10/02/2026";"25/02/2026";"487011";"FIO DE SUTURA AGULHADO, MATERIAL FIO:CATGUT CROMADO, MODELO FIO:MULTIFILAMENTAR, DIÂMETRO FIO:2-0, COMPRIMENTO FIO:CERCA DE 70 CM, TIPO AGULHA:AGULHA 1/2 CÍRCULO, MODELO AGULHA:CILÍNDRICA ROBUSTA, COMPRIMENTO AGULHA:CERCA DE 35 MM, ESTERILIDADE:ESTÉRIL, APRESENTAçãO:EMBALAGEM INDIVIDUAL";"UNIDADE";;;"Pregão";"ADMINISTRATIVA";;;"UNIDADE";"00.659.050/0001-85";"CENTER MED COMERCIAL LTDA";"02.400.787/0001-04";"A C E INDUSTRIA E COMERCIO LTDA";"60";"45.4";"2724.0"
"2026";"FUNDO MUNICIPAL DE SAUDE";"MUNICIPAL";"11.402.080/0001-28";"CARIRA";"SE";"10/02/2026";"24/02/2026";"620079";"<LABEL>LUVA CIR&#218;RGICA</LABEL><SPAN CLASS=""NG-STAR-INSERTED"">MATERIAL: BORRACHA NATURAL - L&#193;TEX<P CLASS=""PB-0 MB-0"">SUPERF&#205;CIE: SUPERF&#205;CIE LISA</P><SPAN CLASS=""NG-STAR-INSERTED""><P CLASS=""PB-0 MB-0"">FORMATO: ANAT&#212;MICO</P><SPAN CLASS=""NG-STAR-INSERTED""><P CLASS=""PB-0 MB-0"">P&#211;: COM P&#211; BIOABSORV&#205;VEL</P><SPAN CLASS=""NG-STAR-INSERTED""><P CLASS=""PB-0 MB-0"">COR: C/ COR</P><SPAN CLASS=""NG-STAR-INSERTED""><P CLASS=""PB-0 MB-0"">TAMANHO: N&#186; 8,5</P><SPAN CLASS=""NG-STAR-INSERTED""><P CLASS=""PB-0 MB-0"">APRESENTA&#199;&#195;O: EM PAR</P><SPAN CLASS=""NG-STAR-INSERTED""><P CLASS=""PB-0 MB-0"">ESTERILIDADE: EST&#201;RIL, USO &#218;NICO</P><SPAN CLASS=""NG-STAR-INSERTED""><P CLASS=""PB-0 MB-0"">EMBALAGEM: EMBALAGEM INDIVIDUAL</P>";"UNIDADE";;;"Pregão";"ADMINISTRATIVA";;;"UNIDADE";"35.153.207/0001-80";"ESSENCIA HOSPITALAR LTDA";"37.820.994/0001-00";"MEDIX BRASIL INDUSTRIA DE DESCARTAVEIS HOSPITALARES LTDA";"500";"0.62";"310.0"
"2026";"FUNDO MUNICIPAL DE SAUDE";"MUNICIPAL";"11.402.080/0001-28";"CARIRA";"SE";"10/02/2026";"25/02/2026";"445576";"GARROTE, MATERIAL :FAIXA ELÁSTICA, COMPONENTE ADICIONAL:C/ SISTEMA DE TRAVA EM PLÁSTICO, TAMANHO:TAMANHO ADULTO, TIPO USO:REUTILIZÁVEL";"UNIDADE";;;"Pregão";"ADMINISTRATIVA";;;"UNIDADE";"00.659.050/0001-85";"CENTER MED COMERCIAL LTDA";"48.740.849/0007-13";"CRAL ARTIGOS PARA LABORATORIO LTDA";"50";"15.8";"790.0"
"2026";"FUNDO MUNICIPAL DE SAUDE";"MUNICIPAL";"11.402.080/0001-28";"CARIRA";"SE";"10/02/2026";"24/02/2026";"435419";"MATERIAL GASOTERAPIA, MODELO:MICRONEBULIZADOR, SAÍDA:P/ OXIGÊNIO, TIPO MÁSCARA:MÁSCARA EM PLÁSTICO, TAMANHO:INFANTIL, TIPO FRASCO:FRASCO PLÁSTICO GRADUADO, C/ TAMPA, VOLUME:CERCA DE 10 ML, TIPO EXTENSÃO:EXTENSOR EM PVC C/ CONECTORES, COMPRIMENTO EXTENSÃO:CERCA DE 1,5 M, ESTERILIDADE :ESTERILIZÁVEL";"UNIDADE";;;"Pregão";"ADMINISTRATIVA";;;"UNIDADE";"35.153.207/0001-80";"ESSENCIA HOSPITALAR LTDA";"37.820.994/0001-00";"MEDIX BRASIL INDUSTRIA DE DESCARTAVEIS HOSPITALARES LTDA";"60";"6.02";"361.2"
"2026";"FUNDO MUNICIPAL DE SAUDE";"MUNICIPAL";"11.402.080/0001-28";"CARIRA";"SE";"10/02/2026";"25/02/2026";"620077";"LUVA CIR&#218;RGICA - MATERIAL: BORRACHA NATURAL - L&#193;TEX - SUPERF&#205;CIE: SUPERF&#205;CIE LISA - FORMATO: ANAT&#212;MICO - P&#211;: COM P&#211; BIOABSORV&#205;VEL - COR: C/ COR - TAMANHO: N&#186; 7,5 - APRESENTA&#199;&#195;O: EM PAR - ESTERILIDADE: EST&#201;RIL, USO &#218;NICO.";"UNIDADE";;;"Pregão";"ADMINISTRATIVA";;;"UNIDADE";"00.659.050/0001-85";"CENTER MED COMERCIAL LTDA";"37.820.994/0001-00";"MEDIX BRASIL INDUSTRIA DE DESCARTAVEIS HOSPITALARES LTDA";"5000";"0.4";"2000.0"
"2026";"FUNDO MUNICIPAL DE SAUDE";"MUNICIPAL";"11.402.080/0001-28";"CARIRA";"SE";"10/02/2026";"24/02/2026";"620075";"LUVA CIR&#218;RGICA, BORRACHA NATURAL - L&#193;TEX, SUPERF&#205;CIE LISA, ANAT&#212;MICO, COM P&#211; BIOABSORV&#205;VEL, C/ COR, N&#186; 6,5, EM PAR, EST&#201;RIL, USO &#218;NICO, EMBALAGEM INDIVIDUAL";"UNIDADE";;;"Pregão";"ADMINISTRATIVA";;;"UNIDADE";"35.153.207/0001-80";"ESSENCIA HOSPITALAR LTDA";"37.820.994/0001-00";"MEDIX BRASIL INDUSTRIA DE DESCARTAVEIS HOSPITALARES LTDA";"300";"0.63";"189.0"
"2026";"FUNDO MUNICIPAL DE SAUDE";"MUNICIPAL";"11.402.080/0001-28";"CARIRA";"SE";"10/02/2026";"25/02/2026";"620076";"LUVA CIR&#218;RGICA - MATERIAL: BORRACHA NATURAL - L&#193;TEX - SUPERF&#205;CIE: SUPERF&#205;CIE LISA - FORMATO: ANAT&#212;MICO - P&#211;: COM P&#211; BIOABSORV&#205;VEL - COR: C/ COR - TAMANHO: N&#186; 7,0 - APRESENTA&#199;&#195;O: EM PAR - ESTERILIDADE: EST&#201;RIL, USO &#218;NICO.";"UNIDADE";;;"Pregão";"ADMINISTRATIVA";;;"UNIDADE";"00.659.050/0001-85";"CENTER MED COMERCIAL LTDA";"37.820.994/0001-00";"MEDIX BRASIL INDUSTRIA DE DESCARTAVEIS HOSPITALARES LTDA";"3500";"0.43";"1505.0"
"2026";"FUNDO MUNICIPAL DE SAUDE";"MUNICIPAL";"11.402.080/0001-28";"CARIRA";"SE";"10/02/2026";"24/02/2026";"435418";"MATERIAL GASOTERAPIA, MODELO:MICRONEBULIZADOR, SAÍDA:P/ OXIGÊNIO, TIPO MÁSCARA:MÁSCARA EM PLÁSTICO, TAMANHO:ADULTO, TIPO FRASCO:FRASCO PLÁSTICO GRADUADO, C/ TAMPA, VOLUME:CERCA DE 10 ML, TIPO EXTENSÃO:EXTENSOR EM PVC C/ CONECTORES, COMPRIMENTO EXTENSÃO:CERCA DE 1,5 M, ESTERILIDADE :ESTERILIZÁVEL";"UNIDADE";;;"Pregão";"ADMINISTRATIVA";;;"UNIDADE";"35.153.207/0001-80";"ESSENCIA HOSPITALAR LTDA";"37.820.994/0001-00";"MEDIX BRASIL INDUSTRIA DE DESCARTAVEIS HOSPITALARES LTDA";"60";"6.16";"369.6"
"2026";"FUNDO MUNICIPAL DE SAUDE";"MUNICIPAL";"11.402.080/0001-28";"CARIRA";"SE";"10/02/2026";"25/02/2026";"620078";"<LABEL>LUVA CIR&#218;RGICA</LABEL><SPAN CLASS=""NG-STAR-INSERTED"">MATERIAL: BORRACHA NATURAL - L&#193;TEX<P CLASS=""PB-0 MB-0"">SUPERF&#205;CIE: SUPERF&#205;CIE LISA</P><SPAN CLASS=""NG-STAR-INSERTED""><P CLASS=""PB-0 MB-0"">FORMATO: ANAT&#212;MICO</P><SPAN CLASS=""NG-STAR-INSERTED""><P CLASS=""PB-0 MB-0"">P&#211;: COM P&#211; BIOABSORV&#205;VEL</P><P CLASS=""PB-0 MB-0"">COR: C/ COR</P><P CLASS=""PB-0 MB-0"">TAMANHO: N&#186; 8,0</P><SPAN CLASS=""NG-STAR-INSERTED""><P CLASS=""PB-0 MB-0"">APRESENTA&#199;&#195;O: EM PAR</P><P CLASS=""PB-0 MB-0"">ESTERILIDADE: EST&#201;RIL, USO &#218;NICO</P><P CLASS=""PB-0 MB-0"">EMBALAGEM: EMBALAGEM INDIVIDUAL</P>";"UNIDADE";;;"Pregão";"ADMINISTRATIVA";;;"UNIDADE";"00.659.050/0001-85";"CENTER MED COMERCIAL LTDA";"37.820.994/0001-00";"MEDIX BRASIL INDUSTRIA DE DESCARTAVEIS HOSPITALARES LTDA";"4000";"0.46";"1840.0"
"2026";"FUNDO MUNICIPAL DE SAUDE";"MUNICIPAL";"11.402.080/0001-28";"CARIRA";"SE";"10/02/2026";"24/02/2026";"439629";"SERINGA, MATERIAL:POLIPROPILENO, CAPACIDADE:60 ML, TIPO BICO:BICO CENTRAL LUER LOCK OU SLIP, TIPO VEDAÇÃO:ÊMBOLO DE BORRACHA, ADICIONAL:GRADUADA, NUMERADA, ESTERILIDADE:ESTÉRIL, DESCARTÁVEL, APRESENTAÇÃO:EMBALAGEM INDIVIDUAL";"UNIDADE";;;"Pregão";"ADMINISTRATIVA";;;"UNIDADE";"35.153.207/0001-80";"ESSENCIA HOSPITALAR LTDA";"03.426.484/0002-04";"SALDANHA RODRIGUES LTDA";"3000";"0.59";"1770.0"
"2026";"FUNDO MUNICIPAL DE SAUDE";"MUNICIPAL";"11.402.080/0001-28";"CARIRA";"SE";"10/02/2026";"25/02/2026";"487022";"FIO DE SUTURA AGULHADO, MATERIAL FIO:CATGUT CROMADO, MODELO FIO:MULTIFILAMENTAR, DIÂMETRO FIO:0 / 1-0, COMPRIMENTO FIO:CERCA DE 70 CM, TIPO AGULHA:AGULHA 1/2 CÍRCULO, MODELO AGULHA:CILÍNDRICA ROBUSTA, COMPRIMENTO AGULHA:CERCA DE 35 MM, ESTERILIDADE:ESTÉRIL, APRESENTAçãO:EMBALAGEM INDIVIDUAL";"UNIDADE";;;"Pregão";"ADMINISTRATIVA";;;"UNIDADE";"00.659.050/0001-85";"CENTER MED COMERCIAL LTDA";"02.400.787/0001-04";"A C E INDUSTRIA E COMERCIO LTDA";"60";"44.69";"2681.4"
"2026";"FUNDO MUNICIPAL DE SAUDE";"MUNICIPAL";"11.402.080/0001-28";"CARIRA";"SE";"10/02/2026";"24/02/2026";"435930";"SONDA TRATO DIGESTIVO, APLICAÇÃO:RETAL, MATERIAL:PVC, CALIBRE:Nº 14, COMPRIMENTO:CERCA 40 CM, CONECTOR:CONECTOR PADRÃO C/ TAMPA, COMPONENTES:PONTA DISTAL SEMI ABERTA C/ ORIFÍCIO LATERAL, ESTERILIDADE:ESTÉRIL, DESCARTÁVEL, EMBALAGEM:EMBALAGEM INDIVIDUAL";"UNIDADE";;;"Pregão";"ADMINISTRATIVA";;;"UNIDADE";"35.153.207/0001-80";"ESSENCIA HOSPITALAR LTDA";"37.820.994/0001-00";"MEDIX BRASIL INDUSTRIA DE DESCARTAVEIS HOSPITALARES LTDA";"50";"0.41";"20.5"
"2026";"FUNDO MUNICIPAL DE SAUDE";"MUNICIPAL";"11.402.080/0001-28";"CARIRA";"SE";"10/02/2026";"25/02/2026";"446031";"EMBALAGEM P/ ESTERILIZAÇÃO, MATERIAL:PAPEL GRAU CIRÚRGICO, COMPOSIÇÃO:C/ FILME POLÍMERO MULTILAMINADO, GRAMATURA / ESPESSURA:CERCA DE 60 G/M2, APRESENTAÇÃO:ROLO, COMPONENTES ADICIONAIS:TERMOSSELANTE, TAMANHO:CERCA DE 25 CM, COMPONENTES:C/ INDICADOR QUÍMICO, TIPO USO:USO ÚNICO";"ROLO";;;"Pregão";"ADMINISTRATIVA";"100.0";"M";"ROLO 100.00 M";"00.659.050/0001-85";"CENTER MED COMERCIAL LTDA";"03.431.790/0001-58";"RAQUEL NOGUEIRA SOROCABA LTDA";"100";"20.5";"2050.0"
"2026";"FUNDO MUNICIPAL DE SAUDE";"MUNICIPAL";"11.402.080/0001-28";"CARIRA";"SE";"10/02/2026";"24/02/2026";"618921";"<LABEL>SONDA TRATO URIN&#193;RIO</LABEL><SPAN CLASS=""NG-STAR-INSERTED"">MODELO: URETRAL<P CLASS=""PB-0 MB-0"">MATERIAL: PVC</P><SPAN CLASS=""NG-STAR-INSERTED""><P CLASS=""PB-0 MB-0"">CALIBRE: 6 FRENCH</P><SPAN CLASS=""NG-STAR-INSERTED""><P CLASS=""PB-0 MB-0"">CONECTOR: CONECTOR PADR&#195;O C/ TAMPA</P><SPAN CLASS=""NG-STAR-INSERTED""><P CLASS=""PB-0 MB-0"">COMPRIMENTO: CERCA 40 CM</P><SPAN CLASS=""NG-STAR-INSERTED""><P CLASS=""PB-0 MB-0"">TIPO PONTA: PONTA DISTAL CIL&#205;NDRICA FECHADA</P><SPAN CLASS=""NG-STAR-INSERTED""><P CLASS=""PB-0 MB-0"">COMPONENTES: C/ ORIF&#205;CIOS LATERAIS</P><SPAN CLASS=""NG-STAR-INSERTED""><P CLASS=""PB-0 MB-0"">ESTERILIDADE: EST&#201;RIL, DESCART&#193;VEL</P><SPAN CLASS=""NG-STAR-INSERTED""><P CLASS=""PB-0 MB-0"">EMBALAGEM: EMBALAGEM INDIVIDUAL</P>";"UNIDADE";;;"Pregão";"ADMINISTRATIVA";;;"UNIDADE";"35.153.207/0001-80";"ESSENCIA HOSPITALAR LTDA";"37.820.994/0001-00";"MEDIX BRASIL INDUSTRIA DE DESCARTAVEIS HOSPITALARES LTDA";"1500";"0.33";"495.0"
"2026";"FUNDO MUNICIPAL DE SAUDE";"MUNICIPAL";"11.402.080/0001-28";"CARIRA";"SE";"10/02/2026";"25/02/2026";"479748";"ESPÉCULO USO MÉDICO, APLICAÇÃO:VAGINAL, MODELO:COLLIN, TAMANHO:MÉDIO, TRAVAMENTO:C/ TRAVA TIPO ROSCA, MATERIAL:POLÍMERO, ESTERILIDADE:ESTÉRIL, USO ÚNICO, EMBALAGEM:EMBALAGEM INDIVIDUAL";"UNIDADE";;;"Pregão";"ADMINISTRATIVA";;;"UNIDADE";"00.659.050/0001-85";"CENTER MED COMERCIAL LTDA";"59.231.530/0001-93";"KOLPLAST C I S.A.";"1500";"0.74";"1110.0"
"2026";"FUNDO MUNICIPAL DE SAUDE";"MUNICIPAL";"11.402.080/0001-28";"CARIRA";"SE";"10/02/2026";"24/02/2026";"451389";"TUBO ENDOTRAQUEAL, MATERIAL:PVC, MODELO:CURVA MAGILL, CALIBRE:9,0, TIPO PONTA:C/ PONTA DISTAL ATRAUMÁTICA E ORIFÍCIO MURPHY, COMPONENTE 1:BALÃO ALTO VOLUME E BAIXA PRESSÃO, COMPONENTE 2:RADIOPACO, GRADUADO, TIPO CONECTOR:CONECTOR PADRÃO, ADICIONAL:C/ GUIA, ESTERILIDADE:ESTÉRIL, USO ÚNICO";"UNIDADE";;;"Pregão";"ADMINISTRATIVA";;;"UNIDADE";"35.153.207/0001-80";"ESSENCIA HOSPITALAR LTDA";"37.820.994/0001-00";"MEDIX BRASIL INDUSTRIA DE DESCARTAVEIS HOSPITALARES LTDA";"30";"2.84";"85.2"
"2026";"FUNDO MUNICIPAL DE SAUDE";"MUNICIPAL";"11.402.080/0001-28";"CARIRA";"SE";"10/02/2026";"24/02/2026";"438398";"SONDA TRATO DIGESTIVO, APLICAÇÃO:ORO OU NASOGÁSTRICA, MODELO:LEVINE, MATERIAL:PVC, CALIBRE:Nº 14, TAMANHO:CURTA, COMPRIMENTO:CERCA 50 CM, CONECTOR:CONECTOR PADRÃO C/ TAMPA, COMPONENTES:PONTA DISTAL FECHADA, C/ ORIFÍCIOS LATERAIS, ESTERILIDADE:ESTÉRIL, DESCARTÁVEL, EMBALAGEM:EMBALAGEM INDIVIDUAL";"UNIDADE";;;"Pregão";"ADMINISTRATIVA";;;"UNIDADE";"35.153.207/0001-80";"ESSENCIA HOSPITALAR LTDA";"37.820.994/0001-00";"MEDIX BRASIL INDUSTRIA DE DESCARTAVEIS HOSPITALARES LTDA";"100";"0.39";"39.0"
"2026";"FUNDO MUNICIPAL DE SAUDE";"MUNICIPAL";"11.402.080/0001-28";"CARIRA";"SE";"10/02/2026";"24/02/2026";"445300";"LÂMINA BISTURI, MATERIAL:AÇO INOXIDÁVEL, TAMANHO:Nº 11, TIPO:DESCARTÁVEL, ESTERILIDADE:ESTÉRIL, CARACTERÍSTICAS ADICIONAIS:EMBALADA INDIVIDUALMENTE";"CAIXA";;;"Pregão";"ADMINISTRATIVA";"100.0";"UN";"CAIXA 100.00 UN";"35.153.207/0001-80";"ESSENCIA HOSPITALAR LTDA";"37.820.994/0001-00";"MEDIX BRASIL INDUSTRIA DE DESCARTAVEIS HOSPITALARES LTDA";"20";"14.94";"298.8"
"2026";"FUNDO MUNICIPAL DE SAUDE";"MUNICIPAL";"11.402.080/0001-28";"CARIRA";"SE";"10/02/2026";"24/02/2026";"299242";"LÂMINA BISTURI, MATERIAL:AÇO INOXIDÁVEL, TAMANHO:Nº 21, TIPO:DESCARTÁVEL, ESTERILIDADE:ESTÉRIL, CARACTERÍSTICAS ADICIONAIS:EMBALADA INDIVIDUALMENTE";"CAIXA";;;"Pregão";"ADMINISTRATIVA";"100.0";"UN";"CAIXA 100.00 UN";"35.153.207/0001-80";"ESSENCIA HOSPITALAR LTDA";"37.820.994/0001-00";"MEDIX BRASIL INDUSTRIA DE DESCARTAVEIS HOSPITALARES LTDA";"20";"13.53";"270.6"
"2026";"FUNDO MUNICIPAL DE SAUDE";"MUNICIPAL";"11.402.080/0001-28";"CARIRA";"SE";"10/02/2026";"24/02/2026";"604284";"FIO DE SUTURA S/ AGULHA, MATERIAL:NYLON / POLIAMIDA PRETO, MODELO:MONOFILAMENTAR, DIâMETRO:0 / 1-0, COMPRIMENTO:8 X CERCA DE 60 CM, ESTERILIDADE:ESTÉRIL, APRESENTAÇÃO:EMBALAGEM INDIVIDUAL";"UNIDADE";;;"Pregão";"ADMINISTRATIVA";;;"UNIDADE";"35.153.207/0001-80";"ESSENCIA HOSPITALAR LTDA";"33.348.467/0001-86";"SHALON FIOS CIRURGICOS LTDA";"100";"13.92";"1392.0"
"2026";"FUNDO MUNICIPAL DE SAUDE";"MUNICIPAL";"11.402.080/0001-28";"CARIRA";"SE";"10/02/2026";"24/02/2026";"438409";"SONDA TRATO URINÁRIO, MODELO:URETRAL, MATERIAL:PVC, CALIBRE:8 FRENCH, CONECTOR:CONECTOR PADRÃO C/ TAMPA, COMPRIMENTO:CERCA 40 CM, TIPO PONTA:PONTA DISTAL CILÍNDRICA FECHADA, COMPONENTES:C/ ORIFÍCIOS LATERAIS, ESTERILIDADE:ESTÉRIL, DESCARTÁVEL, EMBALAGEM:EMBALAGEM INDIVIDUAL";"UNIDADE";;;"Pregão";"ADMINISTRATIVA";;;"UNIDADE";"35.153.207/0001-80";"ESSENCIA HOSPITALAR LTDA";"37.820.994/0001-00";"MEDIX BRASIL INDUSTRIA DE DESCARTAVEIS HOSPITALARES LTDA";"1500";"0.3";"450.0"
"2026";"FUNDO MUNICIPAL DE SAUDE";"MUNICIPAL";"11.402.080/0001-28";"CARIRA";"SE";"10/02/2026";"24/02/2026";"435904";"SONDA TRATO DIGESTIVO, APLICAÇÃO:ORO OU NASOGÁSTRICA, MODELO:LEVINE, MATERIAL:PVC, CALIBRE:Nº 8, TAMANHO:CURTA, COMPRIMENTO:CERCA 50 CM, CONECTOR:CONECTOR PADRÃO C/ TAMPA, COMPONENTES:PONTA DISTAL FECHADA, C/ ORIFÍCIOS LATERAIS, ESTERILIDADE:ESTÉRIL, DESCARTÁVEL, EMBALAGEM:EMBALAGEM INDIVIDUAL";"UNIDADE";;;"Pregão";"ADMINISTRATIVA";;;"UNIDADE";"35.153.207/0001-80";"ESSENCIA HOSPITALAR LTDA";"37.820.994/0001-00";"MEDIX BRASIL INDUSTRIA DE DESCARTAVEIS HOSPITALARES LTDA";"80";"0.38";"30.4"
"2026";"FUNDO MUNICIPAL DE SAUDE";"MUNICIPAL";"11.402.080/0001-28";"CARIRA";"SE";"10/02/2026";"24/02/2026";"435928";"SONDA TRATO DIGESTIVO, APLICAÇÃO:RETAL, MATERIAL:PVC, CALIBRE:Nº 10, COMPRIMENTO:CERCA 40 CM, CONECTOR:CONECTOR PADRÃO C/ TAMPA, COMPONENTES:PONTA DISTAL SEMI ABERTA C/ ORIFÍCIO LATERAL, ESTERILIDADE:ESTÉRIL, DESCARTÁVEL, EMBALAGEM:EMBALAGEM INDIVIDUAL";"UNIDADE";;;"Pregão";"ADMINISTRATIVA";;;"UNIDADE";"35.153.207/0001-80";"ESSENCIA HOSPITALAR LTDA";"37.820.994/0001-00";"MEDIX BRASIL INDUSTRIA DE DESCARTAVEIS HOSPITALARES LTDA";"50";"0.42";"21.0"
"2026";"FUNDO MUNICIPAL DE SAUDE";"MUNICIPAL";"11.402.080/0001-28";"CARIRA";"SE";"10/02/2026";"24/02/2026";"435931";"SONDA TRATO DIGESTIVO, APLICAÇÃO:RETAL, MATERIAL:PVC, CALIBRE:Nº 16, COMPRIMENTO:CERCA 40 CM, CONECTOR:CONECTOR PADRÃO C/ TAMPA, COMPONENTES:PONTA DISTAL SEMI ABERTA C/ ORIFÍCIO LATERAL, ESTERILIDADE:ESTÉRIL, DESCARTÁVEL, EMBALAGEM:EMBALAGEM INDIVIDUAL";"UNIDADE";;;"Pregão";"ADMINISTRATIVA";;;"UNIDADE";"35.153.207/0001-80";"ESSENCIA HOSPITALAR LTDA";"37.820.994/0001-00";"MEDIX BRASIL INDUSTRIA DE DESCARTAVEIS HOSPITALARES LTDA";"50";"0.4";"20.0"
"2026";"FUNDO MUNICIPAL DE SAUDE";"MUNICIPAL";"11.402.080/0001-28";"CARIRA";"SE";"10/02/2026";"24/02/2026";"451390";"TUBO ENDOTRAQUEAL, MATERIAL:PVC, MODELO:CURVA MAGILL, CALIBRE:8,5, TIPO PONTA:C/ PONTA DISTAL ATRAUMÁTICA E ORIFÍCIO MURPHY, COMPONENTE 1:BALÃO ALTO VOLUME E BAIXA PRESSÃO, COMPONENTE 2:RADIOPACO, GRADUADO, TIPO CONECTOR:CONECTOR PADRÃO, ADICIONAL:C/ GUIA, ESTERILIDADE:ESTÉRIL, USO ÚNICO";"UNIDADE";;;"Pregão";"ADMINISTRATIVA";;;"UNIDADE";"35.153.207/0001-80";"ESSENCIA HOSPITALAR LTDA";"37.820.994/0001-00";"MEDIX BRASIL INDUSTRIA DE DESCARTAVEIS HOSPITALARES LTDA";"50";"2.77";"138.5"
"2026";"FUNDO MUNICIPAL DE SAUDE";"MUNICIPAL";"11.402.080/0001-28";"CARIRA";"SE";"10/02/2026";"24/02/2026";"451386";"TUBO ENDOTRAQUEAL, MATERIAL:PVC, MODELO:CURVA MAGILL, CALIBRE:7,5, TIPO PONTA:C/ PONTA DISTAL ATRAUMÁTICA E ORIFÍCIO MURPHY, COMPONENTE 1:BALÃO ALTO VOLUME E BAIXA PRESSÃO, COMPONENTE 2:RADIOPACO, GRADUADO, TIPO CONECTOR:CONECTOR PADRÃO, ADICIONAL:C/ GUIA, ESTERILIDADE:ESTÉRIL, USO ÚNICO";"UNIDADE";;;"Pregão";"ADMINISTRATIVA";;;"UNIDADE";"35.153.207/0001-80";"ESSENCIA HOSPITALAR LTDA";"37.820.994/0001-00";"MEDIX BRASIL INDUSTRIA DE DESCARTAVEIS HOSPITALARES LTDA";"50";"2.38";"119.0"
"2026";"FUNDO MUNICIPAL DE SAUDE";"MUNICIPAL";"11.402.080/0001-28";"CARIRA";"SE";"10/02/2026";"24/02/2026";"451396";"TUBO ENDOTRAQUEAL, MATERIAL:PVC, MODELO:CURVA MAGILL, CALIBRE:8,0, TIPO PONTA:C/ PONTA DISTAL ATRAUMÁTICA E ORIFÍCIO MURPHY, COMPONENTE 1:BALÃO ALTO VOLUME E BAIXA PRESSÃO, COMPONENTE 2:RADIOPACO, GRADUADO, TIPO CONECTOR:CONECTOR PADRÃO, ADICIONAL:C/ GUIA, ESTERILIDADE:ESTÉRIL, USO ÚNICO";"UNIDADE";;;"Pregão";"ADMINISTRATIVA";;;"UNIDADE";"35.153.207/0001-80";"ESSENCIA HOSPITALAR LTDA";"37.820.994/0001-00";"MEDIX BRASIL INDUSTRIA DE DESCARTAVEIS HOSPITALARES LTDA";"50";"2.67";"133.5"
"2026";"FUNDO MUNICIPAL DE SAUDE";"MUNICIPAL";"11.402.080/0001-28";"CARIRA";"SE";"10/02/2026";"24/02/2026";"451391";"TUBO ENDOTRAQUEAL, MATERIAL:PVC, MODELO:CURVA MAGILL, CALIBRE:7,0, TIPO PONTA:C/ PONTA DISTAL ATRAUMÁTICA E ORIFÍCIO MURPHY, COMPONENTE 1:BALÃO ALTO VOLUME E BAIXA PRESSÃO, COMPONENTE 2:RADIOPACO, GRADUADO, TIPO CONECTOR:CONECTOR PADRÃO, ADICIONAL:C/ GUIA, ESTERILIDADE:ESTÉRIL, USO ÚNICO";"UNIDADE";;;"Pregão";"ADMINISTRATIVA";;;"UNIDADE";"35.153.207/0001-80";"ESSENCIA HOSPITALAR LTDA";"37.820.994/0001-00";"MEDIX BRASIL INDUSTRIA DE DESCARTAVEIS HOSPITALARES LTDA";"60";"2.83";"169.8"
"2026";"FUNDO MUNICIPAL DE SAUDE";"MUNICIPAL";"11.402.080/0001-28";"CARIRA";"SE";"10/02/2026";"24/02/2026";"269843";"LIDOCAÍNA CLORIDRATO, DOSAGEM:2%, APRESENTAÇÃO:INJETÁVEL";"FRASCO";;;"Pregão";"ADMINISTRATIVA";"20.0";"ML";"FRASCO 20.00 ML";"35.153.207/0001-80";"ESSENCIA HOSPITALAR LTDA";"44.734.671/0004-02";"CRISTALIA PRODUTOS QUIMICOS FARMACEUTICOS LTDA";"500";"3.01";"1505.0"
"2026";"FUNDO MUNICIPAL DE SAUDE";"MUNICIPAL";"11.402.080/0001-28";"CARIRA";"SE";"10/02/2026";"24/02/2026";"366902";"LÂMINA BISTURI, MATERIAL:AÇO INOXIDÁVEL, TAMANHO:Nº 24, TIPO:DESCARTÁVEL, ESTERILIDADE:ESTÉRIL, CARACTERÍSTICAS ADICIONAIS:EMBALADA INDIVIDUALMENTE";"CAIXA";;;"Pregão";"ADMINISTRATIVA";"100.0";"UN";"CAIXA 100.00 UN";"35.153.207/0001-80";"ESSENCIA HOSPITALAR LTDA";"37.820.994/0001-00";"MEDIX BRASIL INDUSTRIA DE DESCARTAVEIS HOSPITALARES LTDA";"10";"15.69";"156.9"
"2026";"FUNDO MUNICIPAL DE SAUDE";"MUNICIPAL";"11.402.080/0001-28";"CARIRA";"SE";"10/02/2026";"24/02/2026";"435933";"SONDA TRATO DIGESTIVO, APLICAÇÃO:RETAL, MATERIAL:PVC, CALIBRE:Nº 20, COMPRIMENTO:CERCA 40 CM, CONECTOR:CONECTOR PADRÃO C/ TAMPA, COMPONENTES:PONTA DISTAL SEMI ABERTA C/ ORIFÍCIO LATERAL, ESTERILIDADE:ESTÉRIL, DESCARTÁVEL, EMBALAGEM:EMBALAGEM INDIVIDUAL";"UNIDADE";;;"Pregão";"ADMINISTRATIVA";;;"UNIDADE";"35.153.207/0001-80";"ESSENCIA HOSPITALAR LTDA";"37.820.994/0001-00";"MEDIX BRASIL INDUSTRIA DE DESCARTAVEIS HOSPITALARES LTDA";"50";"0.46";"23.0"
"2026";"FUNDO MUNICIPAL DE SAUDE";"MUNICIPAL";"11.402.080/0001-28";"CARIRA";"SE";"10/02/2026";"24/02/2026";"397505";"AGULHA HIPODÉRMICA, MATERIAL:AÇO INOXIDÁVEL SILICONIZADO, DIMENSÃO:22 G X 1"", TIPO PONTA:BISEL CURTO TRIFACETADO, TIPO CONEXÃO:CONECTOR LUER LOCK EM PLÁSTICO, TIPO FIXAÇÃO:PROTETOR PLÁSTICO, CARACTERÍSTICA ADICIONAL:COM SISTEMA SEGURANÇA SEGUNDO NR/32, TIPO USO:ESTÉRIL, DESCARTÁVEL, EMBALAGEM INDIVIDUAL";"CAIXA";;;"Pregão";"ADMINISTRATIVA";"100.0";"UN";"CAIXA 100.00 UN";"35.153.207/0001-80";"ESSENCIA HOSPITALAR LTDA";"37.820.994/0001-00";"MEDIX BRASIL INDUSTRIA DE DESCARTAVEIS HOSPITALARES LTDA";"150";"4.18";"627.0"
"2026";"FUNDO MUNICIPAL DE SAUDE";"MUNICIPAL";"11.402.080/0001-28";"CARIRA";"SE";"10/02/2026";"24/02/2026";"436005";"SONDA TRATO URINÁRIO, MODELO:FOLEY, MATERIAL:BORRACHA, CALIBRE:8 FRENCH, VIAS:2 VIAS, CONECTOR:CONECTORES PADRÃO, VOLUME:C/ BALÃO CERCA 30 ML, TIPO PONTA:PONTA DISTAL CILÍNDRICA FECHADA, COMPONENTES:C/ ORIFÍCIOS LATERAIS, ESTERILIDADE:ESTÉRIL, DESCARTÁVEL, EMBALAGEM:EMBALAGEM INDIVIDUAL";"UNIDADE";;;"Pregão";"ADMINISTRATIVA";;;"UNIDADE";"35.153.207/0001-80";"ESSENCIA HOSPITALAR LTDA";"37.820.994/0001-00";"MEDIX BRASIL INDUSTRIA DE DESCARTAVEIS HOSPITALARES LTDA";"200";"1.26";"252.0"
"2026";"FUNDO MUNICIPAL DE SAUDE";"MUNICIPAL";"11.402.080/0001-28";"CARIRA";"SE";"10/02/2026";"24/02/2026";"451232";"TUBO ENDOTRAQUEAL, MATERIAL:PVC, MODELO:CURVA MAGILL, CALIBRE:2,5, TIPO PONTA:C/ PONTA DISTAL ATRAUMÁTICA E ORIFÍCIO MURPHY, COMPONENTE 1:BALÃO ALTO VOLUME E BAIXA PRESSÃO, COMPONENTE 2:RADIOPACO, GRADUADO, TIPO CONECTOR:CONECTOR PADRÃO, ESTERILIDADE:ESTÉRIL, USO ÚNICO";"UNIDADE";;;"Pregão";"ADMINISTRATIVA";;;"UNIDADE";"35.153.207/0001-80";"ESSENCIA HOSPITALAR LTDA";"37.820.994/0001-00";"MEDIX BRASIL INDUSTRIA DE DESCARTAVEIS HOSPITALARES LTDA";"20";"2.73";"54.6"
"2026";"FUNDO MUNICIPAL DE SAUDE";"MUNICIPAL";"11.402.080/0001-28";"CARIRA";"SE";"10/02/2026";"24/02/2026";"435932";"SONDA TRATO DIGESTIVO, APLICAÇÃO:RETAL, MATERIAL:PVC, CALIBRE:Nº 18, COMPRIMENTO:CERCA 40 CM, CONECTOR:CONECTOR PADRÃO C/ TAMPA, COMPONENTES:PONTA DISTAL SEMI ABERTA C/ ORIFÍCIO LATERAL, ESTERILIDADE:ESTÉRIL, DESCARTÁVEL, EMBALAGEM:EMBALAGEM INDIVIDUAL";"UNIDADE";;;"Pregão";"ADMINISTRATIVA";;;"UNIDADE";"35.153.207/0001-80";"ESSENCIA HOSPITALAR LTDA";"37.820.994/0001-00";"MEDIX BRASIL INDUSTRIA DE DESCARTAVEIS HOSPITALARES LTDA";"50";"0.46";"23.0"
"2026";"FUNDO MUNICIPAL DE SAUDE";"MUNICIPAL";"11.402.080/0001-28";"CARIRA";"SE";"10/02/2026";"24/02/2026";"435929";"SONDA TRATO DIGESTIVO, APLICAÇÃO:RETAL, MATERIAL:PVC, CALIBRE:Nº 12, COMPRIMENTO:CERCA 40 CM, CONECTOR:CONECTOR PADRÃO C/ TAMPA, COMPONENTES:PONTA DISTAL SEMI ABERTA C/ ORIFÍCIO LATERAL, ESTERILIDADE:ESTÉRIL, DESCARTÁVEL, EMBALAGEM:EMBALAGEM INDIVIDUAL";"UNIDADE";;;"Pregão";"ADMINISTRATIVA";;;"UNIDADE";"35.153.207/0001-80";"ESSENCIA HOSPITALAR LTDA";"37.820.994/0001-00";"MEDIX BRASIL INDUSTRIA DE DESCARTAVEIS HOSPITALARES LTDA";"50";"0.42";"21.0"
"2026";"FUNDO MUNICIPAL DE SAUDE";"MUNICIPAL";"11.402.080/0001-28";"CARIRA";"SE";"10/02/2026";"24/02/2026";"397507";"AGULHA HIPODÉRMICA, MATERIAL:AÇO INOXIDÁVEL SILICONIZADO, DIMENSÃO:23 G X 1"", TIPO PONTA:BISEL CURTO TRIFACETADO, TIPO CONEXÃO:CONECTOR LUER LOCK EM PLÁSTICO, TIPO FIXAÇÃO:PROTETOR PLÁSTICO, CARACTERÍSTICA ADICIONAL:COM SISTEMA SEGURANÇA SEGUNDO NR/32, TIPO USO:ESTÉRIL, DESCARTÁVEL, EMBALAGEM INDIVIDUAL";"CAIXA";;;"Pregão";"ADMINISTRATIVA";"100.0";"UN";"CAIXA 100.00 UN";"35.153.207/0001-80";"ESSENCIA HOSPITALAR LTDA";"37.820.994/0001-00";"MEDIX BRASIL INDUSTRIA DE DESCARTAVEIS HOSPITALARES LTDA";"150";"5.01";"751.5"
"2026";"FUNDO MUNICIPAL DE SAUDE";"MUNICIPAL";"11.402.080/0001-28";"CARIRA";"SE";"10/02/2026";"24/02/2026";"397513";"AGULHA HIPODÉRMICA, MATERIAL:AÇO INOXIDÁVEL SILICONIZADO, DIMENSÃO:26 G X 1/2"", TIPO PONTA:BISEL CURTO TRIFACETADO, TIPO CONEXÃO:CONECTOR LUER LOCK EM PLÁSTICO, TIPO FIXAÇÃO:PROTETOR PLÁSTICO, CARACTERÍSTICA ADICIONAL:COM SISTEMA SEGURANÇA SEGUNDO NR/32, TIPO USO:ESTÉRIL, DESCARTÁVEL, EMBALAGEM INDIVIDUAL";"CAIXA";;;"Pregão";"ADMINISTRATIVA";"100.0";"UN";"CAIXA 100.00 UN";"35.153.207/0001-80";"ESSENCIA HOSPITALAR LTDA";"37.820.994/0001-00";"MEDIX BRASIL INDUSTRIA DE DESCARTAVEIS HOSPITALARES LTDA";"200";"4.51";"902.0"
"2026";"FUNDO MUNICIPAL DE SAUDE";"MUNICIPAL";"11.402.080/0001-28";"CARIRA";"SE";"10/02/2026";"24/02/2026";"461982";"BISTURI DESCARTÁVEL, MATERIAL CABO:CABO DE PLÁSTICO, MATERIAL LÂMINA:LÂMINA AÇO INOXIDÁVEL, TAMANHO LÂMINA:10 MM, ESTERILIDADE:ESTÉRIL, CARACTERÍSTICAS ADICIONAIS:SISTEMA DE SEGURANÇA SEGUNDO NR/32";"UNIDADE";;;"Pregão";"ADMINISTRATIVA";;;"UNIDADE";"35.153.207/0001-80";"ESSENCIA HOSPITALAR LTDA";"37.820.994/0001-00";"MEDIX BRASIL INDUSTRIA DE DESCARTAVEIS HOSPITALARES LTDA";"20";"12.11";"242.2"
"2026";"SECRETARIA DA SAUDE";"ESTADUAL";"87.958.625/0001-49";"PORTO ALEGRE";"RS";"10/02/2026";"27/02/2026";"448702";"ETANERCEPTE, CONCENTRAÇAO:50 MG/ML, FORMA FARMACEUTICA:SOLUÇÃO INJETÁVEL, CARACTERÍSTICAS ADICIONAIS:SERINGA PREENCHIDA";"SERINGA";"N";"1004706290079";"Pregão";"JUDICIAL";"1.0";"ML";"SERINGA 1.00 ML";"05.782.733/0001-49";"CIAMED - DISTRIBUIDORA DE MEDICAMENTOS LTDA.";"61.286.647/0001-16";"SANDOZ DO BRASIL INDUSTRIA FARMACEUTICA LTDA.";"4850";"368.0";"1784800.0"
"2026";"FUNDO MUNICIPAL DE SAUDE";"MUNICIPAL";"11.402.080/0001-28";"CARIRA";"SE";"10/02/2026";"24/02/2026";"413085";"BISTURI DESCARTÁVEL, MATERIAL CABO:CABO DE PLÁSTICO, MATERIAL LÂMINA:LÂMINA AÇO INOXIDÁVEL, TAMANHO LÂMINA:21 MM, ESTERILIDADE:ESTÉRIL, CARACTERÍSTICAS ADICIONAIS:SISTEMA DE SEGURANÇA SEGUNDO NR/32";"UNIDADE";;;"Pregão";"ADMINISTRATIVA";;;"UNIDADE";"35.153.207/0001-80";"ESSENCIA HOSPITALAR LTDA";"37.820.994/0001-00";"MEDIX BRASIL INDUSTRIA DE DESCARTAVEIS HOSPITALARES LTDA";"20";"12.46";"249.2"
"2026";"FUNDO MUNICIPAL DE SAUDE";"MUNICIPAL";"11.402.080/0001-28";"CARIRA";"SE";"10/02/2026";"24/02/2026";"413086";"BISTURI DESCARTÁVEL, MATERIAL CABO:CABO DE PLÁSTICO, MATERIAL LÂMINA:LÂMINA AÇO INOXIDÁVEL, TAMANHO LÂMINA:24 MM, ESTERILIDADE:ESTÉRIL, CARACTERÍSTICAS ADICIONAIS:SISTEMA DE SEGURANÇA SEGUNDO NR/32";"UNIDADE";;;"Pregão";"ADMINISTRATIVA";;;"UNIDADE";"35.153.207/0001-80";"ESSENCIA HOSPITALAR LTDA";"37.820.994/0001-00";"MEDIX BRASIL INDUSTRIA DE DESCARTAVEIS HOSPITALARES LTDA";"25";"12.01";"300.25"
"2026";"FUNDO MUNICIPAL DE SAUDE";"MUNICIPAL";"11.402.080/0001-28";"CARIRA";"SE";"10/02/2026";"24/02/2026";"412834";"BISTURI DESCARTÁVEL, MATERIAL CABO:CABO DE PLÁSTICO, MATERIAL LÂMINA:LÂMINA AÇO INOXIDÁVEL, TAMANHO LÂMINA:11 MM, ESTERILIDADE:ESTÉRIL, CARACTERÍSTICAS ADICIONAIS:SISTEMA DE SEGURANÇA SEGUNDO NR/32";"UNIDADE";;;"Pregão";"ADMINISTRATIVA";;;"UNIDADE";"35.153.207/0001-80";"ESSENCIA HOSPITALAR LTDA";"37.820.994/0001-00";"MEDIX BRASIL INDUSTRIA DE DESCARTAVEIS HOSPITALARES LTDA";"20";"12.62";"252.4"
"2026";"FUNDO MUNICIPAL DE SAUDE";"MUNICIPAL";"11.402.080/0001-28";"CARIRA";"SE";"10/02/2026";"24/02/2026";"461248";"ELETRODO USO MÉDICO, APLICAÇÃO 1:P/ MONITORIZAÇÃO CARDÍACA - ECG, MODELO:DE SUPERFÍCIE, TIPO:ADESIVO, MATERIAL SENSOR:P/ AMBIENTE RESSONÂNCIA MAGNÉTICA MRI, ADICIONAL 1:C/ GEL CONDUTOR, TAMANHOS:ADULTO, ACESSÓRIO:S/ CABO, ESTERILIDADE:USO ÚNICO";"UNIDADE";;;"Pregão";"ADMINISTRATIVA";;;"UNIDADE";"35.153.207/0001-80";"ESSENCIA HOSPITALAR LTDA";"37.820.994/0001-00";"MEDIX BRASIL INDUSTRIA DE DESCARTAVEIS HOSPITALARES LTDA";"500";"8.22";"4110.0"
"2026";"FUNDO MUNICIPAL DE SAUDE";"MUNICIPAL";"11.402.080/0001-28";"CARIRA";"SE";"10/02/2026";"24/02/2026";"435909";"SONDA TRATO DIGESTIVO, APLICAÇÃO:ORO OU NASOGÁSTRICA, MODELO:LEVINE, MATERIAL:PVC, CALIBRE:Nº 16, TAMANHO:LONGA, COMPRIMENTO:CERCA 120 CM, CONECTOR:CONECTOR PADRÃO C/ TAMPA, COMPONENTES:PONTA DISTAL FECHADA, C/ ORIFÍCIOS LATERAIS, ESTERILIDADE:ESTÉRIL, DESCARTÁVEL, EMBALAGEM:EMBALAGEM INDIVIDUAL";"UNIDADE";;;"Pregão";"ADMINISTRATIVA";;;"UNIDADE";"35.153.207/0001-80";"ESSENCIA HOSPITALAR LTDA";"37.820.994/0001-00";"MEDIX BRASIL INDUSTRIA DE DESCARTAVEIS HOSPITALARES LTDA";"200";"0.47";"94.0"
"2026";"SECRETARIA DA SAUDE";"ESTADUAL";"87.958.625/0001-49";"PORTO ALEGRE";"RS";"10/02/2026";"27/02/2026";"414435";"CERTOLIZUMABE PEGOL, CONCENTRAÇÃO:200 MG, FORMA FARMACÊUTICA:SOLUÇÃO INJETÁVEL, CARACTERÍSTICA ADICIONAL:SERINGA PREENCHIDA, COM LENÇO UMIDECIDO";"SERINGA";"N";"1236100870014";"Pregão";"JUDICIAL";;;"SERINGA";"13.485.130/0001-03";"PHARMA LOG PRODUTOS FARMACEUTICOS LTDA";"64.711.500/0001-14";"UCB BIOPHARMA LTDA.";"6150";"929.2";"5714580.0"
"2026";"FUNDO MUNICIPAL DE SAUDE";"MUNICIPAL";"11.402.080/0001-28";"CARIRA";"SE";"10/02/2026";"24/02/2026";"437216";"SONDA TRATO DIGESTIVO, APLICAÇÃO:ORO OU NASOGÁSTRICA, MODELO:LEVINE, MATERIAL:PVC, CALIBRE:Nº 6, TAMANHO:LONGA, COMPRIMENTO:CERCA 120 CM, CONECTOR:CONECTOR PADRÃO C/ TAMPA, COMPONENTES:PONTA DISTAL FECHADA, C/ ORIFÍCIOS LATERAIS, ESTERILIDADE:ESTÉRIL, DESCARTÁVEL, EMBALAGEM:EMBALAGEM INDIVIDUAL";"UNIDADE";;;"Pregão";"ADMINISTRATIVA";;;"UNIDADE";"35.153.207/0001-80";"ESSENCIA HOSPITALAR LTDA";"37.820.994/0001-00";"MEDIX BRASIL INDUSTRIA DE DESCARTAVEIS HOSPITALARES LTDA";"100";"0.46";"46.0"
"2026";"SECRETARIA DA SAUDE";"ESTADUAL";"87.958.625/0001-49";"PORTO ALEGRE";"RS";"10/02/2026";"27/02/2026";"285817";"SIROLIMO, DOSAGEM:1 MG";"DRÁGEA";"N";"1211004530016";"Pregão";"JUDICIAL";;;"DRÁGEA";"61.072.393/0039-06";"PFIZER BRASIL LTDA";"61.072.393/0001-33";"PFIZER BRASIL LTDA";"73425";"29.01";"2130059.25"
"2026";"SECRETARIA DA SAUDE";"ESTADUAL";"87.958.625/0001-49";"PORTO ALEGRE";"RS";"10/02/2026";"27/02/2026";"463161";"GALANTAMINA, CONCENTRAÇÃO:16 MG, CARACTERÍSTICAS ADICIONAIS:LIBERAÇÃO PROLONGADA";"CÁPSULA";"N";"1003301810036";"Pregão";"JUDICIAL";;;"CÁPSULA";"05.782.733/0001-49";"CIAMED - DISTRIBUIDORA DE MEDICAMENTOS LTDA.";"61.230.314/0001-75";"LIBBS FARMACEUTICA LTDA";"32700";"3.4";"111180.0"
"2026";"FUNDO MUNICIPAL DE SAUDE";"MUNICIPAL";"11.402.080/0001-28";"CARIRA";"SE";"10/02/2026";"24/02/2026";"461984";"BISTURI DESCARTÁVEL, MATERIAL CABO:CABO DE PLÁSTICO, MATERIAL LÂMINA:LÂMINA AÇO INOXIDÁVEL, TAMANHO LÂMINA:20 MM, ESTERILIDADE:ESTÉRIL, CARACTERÍSTICAS ADICIONAIS:SISTEMA DE SEGURANÇA SEGUNDO NR/32";"UNIDADE";;;"Pregão";"ADMINISTRATIVA";;;"UNIDADE";"35.153.207/0001-80";"ESSENCIA HOSPITALAR LTDA";"37.820.994/0001-00";"MEDIX BRASIL INDUSTRIA DE DESCARTAVEIS HOSPITALARES LTDA";"20";"14.75";"295.0"
"2026";"FUNDO MUNICIPAL DE SAUDE";"MUNICIPAL";"11.402.080/0001-28";"CARIRA";"SE";"10/02/2026";"24/02/2026";"389962";"CATETER ASPIRAÇÃO TRAQUEAL, MATERIAL:PVC ATÓXICO FLEXÍVEL, TIPO USO:DESCARTÁVEL, CARACTERÍSTICAS ADICIONAIS:PONTA ATRAUMÁTICA, ORIFÍCIOS DISTAIS LATERALIZADOS, TIPO EMBALAGEM:ESTÉRIL, EMBALAGEM INDIVIDUAL, ESPESSURA:Nº 22, TIPO LUBRIFICAÇÃO:SILICONIZADA, ACESSÓRIOS:COM VÁLVULA INTERMITENTE";"UNIDADE";;;"Pregão";"ADMINISTRATIVA";;;"UNIDADE";"35.153.207/0001-80";"ESSENCIA HOSPITALAR LTDA";"37.820.994/0001-00";"MEDIX BRASIL INDUSTRIA DE DESCARTAVEIS HOSPITALARES LTDA";"1000";"1.29";"1290.0"
"2026";"FUNDO MUNICIPAL DE SAUDE";"MUNICIPAL";"11.402.080/0001-28";"CARIRA";"SE";"10/02/2026";"24/02/2026";"453693";"ESPÁTULA USO MÉDICO, MODELO 1:DE AYRES, MATERIAL :MADEIRA, COMPRIMENTO :CERCA DE 18 CM, ESTERILIDADE:DESCARTÁVEL";"UNIDADE";;;"Pregão";"ADMINISTRATIVA";;;"UNIDADE";"35.153.207/0001-80";"ESSENCIA HOSPITALAR LTDA";"37.820.994/0001-00";"MEDIX BRASIL INDUSTRIA DE DESCARTAVEIS HOSPITALARES LTDA";"50";"2.56";"128.0"
"2026";"FUNDO MUNICIPAL DE SAUDE";"MUNICIPAL";"11.402.080/0001-28";"CARIRA";"SE";"10/02/2026";"24/02/2026";"439632";"SERINGA, MATERIAL:POLIPROPILENO, CAPACIDADE:60 ML, TIPO BICO:BICO LATERAL LUER SLIP, TIPO VEDAÇÃO:ÊMBOLO DE BORRACHA, ADICIONAL:GRADUADA, NUMERADA, ESTERILIDADE:ESTÉRIL, DESCARTÁVEL, APRESENTAÇÃO:EMBALAGEM INDIVIDUAL";"UNIDADE";;;"Pregão";"ADMINISTRATIVA";;;"UNIDADE";"35.153.207/0001-80";"ESSENCIA HOSPITALAR LTDA";"03.426.484/0001-23";"SALDANHA RODRIGUES LTDA";"3000";"0.6";"1800.0"
"2026";"FUNDO MUNICIPAL DE SAUDE";"MUNICIPAL";"11.402.080/0001-28";"CARIRA";"SE";"10/02/2026";"24/02/2026";"620778";"EXTENSOR INFUS&#195;O VASCULAR CARACTER&#205;STICAS TIPO: P/ BOMBA INFUSORA VIAS: 1 VIA MATERIAL: POL&#205;MERO COMPRIMENTO: CERCA 150 CM CALIBRE: CERCA 6 FRENCH TIPO CONEX&#195;O: LUER LOCK / SLIP PRESS&#195;O M&#193;XIMA: AT&#201; CERCA DE 100 PSI CARACTER&#205;STICAS ADICIONAIS: FOTOSSENS&#205;VEL";"UNIDADE";;;"Pregão";"ADMINISTRATIVA";;;"UNIDADE";"35.153.207/0001-80";"ESSENCIA HOSPITALAR LTDA";"37.820.994/0001-00";"MEDIX BRASIL INDUSTRIA DE DESCARTAVEIS HOSPITALARES LTDA";"2500";"6.37";"15925.0"
"2026";"FUNDO MUNICIPAL DE SAUDE";"MUNICIPAL";"11.402.080/0001-28";"CARIRA";"SE";"10/02/2026";"24/02/2026";"437217";"SONDA TRATO DIGESTIVO, APLICAÇÃO:ORO OU NASOGÁSTRICA, MODELO:LEVINE, MATERIAL:PVC, CALIBRE:Nº 8, TAMANHO:LONGA, COMPRIMENTO:CERCA 120 CM, CONECTOR:CONECTOR PADRÃO C/ TAMPA, COMPONENTES:PONTA DISTAL FECHADA, C/ ORIFÍCIOS LATERAIS, ESTERILIDADE:ESTÉRIL, DESCARTÁVEL, EMBALAGEM:EMBALAGEM INDIVIDUAL";"UNIDADE";;;"Pregão";"ADMINISTRATIVA";;;"UNIDADE";"35.153.207/0001-80";"ESSENCIA HOSPITALAR LTDA";"37.820.994/0001-00";"MEDIX BRASIL INDUSTRIA DE DESCARTAVEIS HOSPITALARES LTDA";"100";"0.47";"47.0"
"2026";"SECRETARIA DA SAUDE";"ESTADUAL";"87.958.625/0001-49";"PORTO ALEGRE";"RS";"10/02/2026";"27/02/2026";"404846";"SOMATROPINA, COMPOSIÇÃO:SOMATOTROFINA HUMANA RECOMBINANTE, CONCENTRAÇÃO:12 UI, FORMA FARMACEUTICA:PÓ LIÓFILO P/ INJETÁVEL + DILUENTE";"FRASCO-AMPOLA";"N";"1029805090049";"Pregão";"JUDICIAL";;;"FRASCO-AMPOLA";"44.734.671/0022-86";"CRISTALIA PRODUTOS QUIMICOS FARMACEUTICOS LTDA";"44.734.671/0001-51";"CRISTALIA PRODUTOS QUIMICOS FARMACEUTICOS LTDA";"17625";"64.79";"1141923.75"
"2026";"FUNDO MUNICIPAL DE SAUDE";"MUNICIPAL";"11.402.080/0001-28";"CARIRA";"SE";"10/02/2026";"24/02/2026";"361077";"LÂMINA BISTURI, MATERIAL:AÇO INOXIDÁVEL, TAMANHO:Nº 20, TIPO:DESCARTÁVEL, ESTERILIDADE:ESTÉRIL, CARACTERÍSTICAS ADICIONAIS:EMBALADA INDIVIDUALMENTE";"CAIXA";;;"Pregão";"ADMINISTRATIVA";"100.0";"UN";"CAIXA 100.00 UN";"35.153.207/0001-80";"ESSENCIA HOSPITALAR LTDA";"37.820.994/0001-00";"MEDIX BRASIL INDUSTRIA DE DESCARTAVEIS HOSPITALARES LTDA";"20";"13.51";"270.2"
"2026";"FUNDO MUNICIPAL DE SAUDE";"MUNICIPAL";"11.402.080/0001-28";"CARIRA";"SE";"10/02/2026";"24/02/2026";"361076";"LÂMINA BISTURI, MATERIAL:AÇO INOXIDÁVEL, TAMANHO:Nº 12, TIPO:DESCARTÁVEL, ESTERILIDADE:ESTÉRIL, CARACTERÍSTICAS ADICIONAIS:EMBALADA INDIVIDUALMENTE";"CAIXA";;;"Pregão";"ADMINISTRATIVA";"100.0";"UN";"CAIXA 100.00 UN";"35.153.207/0001-80";"ESSENCIA HOSPITALAR LTDA";"37.820.994/0001-00";"MEDIX BRASIL INDUSTRIA DE DESCARTAVEIS HOSPITALARES LTDA";"20";"15.89";"317.8"
"2026";"FUNDO MUNICIPAL DE SAUDE";"MUNICIPAL";"11.402.080/0001-28";"CARIRA";"SE";"10/02/2026";"24/02/2026";"366903";"LÂMINA BISTURI, MATERIAL:AÇO INOXIDÁVEL, TAMANHO:Nº 15, TIPO:DESCARTÁVEL, ESTERILIDADE:ESTÉRIL, CARACTERÍSTICAS ADICIONAIS:EMBALADA INDIVIDUALMENTE";"CAIXA";;;"Pregão";"ADMINISTRATIVA";"100.0";"UN";"CAIXA 100.00 UN";"35.153.207/0001-80";"ESSENCIA HOSPITALAR LTDA";"37.820.994/0001-00";"MEDIX BRASIL INDUSTRIA DE DESCARTAVEIS HOSPITALARES LTDA";"80";"13.34";"1067.2"
"2026";"FUNDO MUNICIPAL DE SAUDE";"MUNICIPAL";"11.402.080/0001-28";"CARIRA";"SE";"10/02/2026";"24/02/2026";"487002";"FIO DE SUTURA AGULHADO, MATERIAL FIO:CATGUT CROMADO, MODELO FIO:MULTIFILAMENTAR, DIÂMETRO FIO:3-0, COMPRIMENTO FIO:CERCA DE 70 CM, TIPO AGULHA:AGULHA 1/2 CÍRCULO, MODELO AGULHA:CILÍNDRICA ROBUSTA, COMPRIMENTO AGULHA:CERCA DE 35 MM, ESTERILIDADE:ESTÉRIL, APRESENTAçãO:EMBALAGEM INDIVIDUAL";"UNIDADE";;;"Pregão";"ADMINISTRATIVA";;;"UNIDADE";"35.153.207/0001-80";"ESSENCIA HOSPITALAR LTDA";"33.348.467/0001-86";"SHALON FIOS CIRURGICOS LTDA";"60";"13.58";"814.8"
"2026";"SECRETARIA DE ESTADO DA SAUDE";"ESTADUAL";"76.416.866/0001-40";"CURITIBA";"PR";"12/02/2026";"26/02/2026";"437970";"ROTIGOTINA, CONCENTRAÇÃO:9 MG, FORMA FARMACÊUTICA:ADESIVO TRANSDÉRMICO";"ENVELOPE";"N";"1236100820041";"Pregão";"JUDICIAL";;;"ENVELOPE";"04.307.650/0012-98";"ONCO PROD DISTRIBUIDORA DE PRODUTOS HOSPITALARES E ONCOLOGICOS LTDA.";"64.711.500/0001-14";"UCB BIOPHARMA LTDA.";"5040";"10.3";"51912.0"
"2026";"SECRETARIA DE ESTADO DA SAUDE";"ESTADUAL";"76.416.866/0001-40";"CURITIBA";"PR";"12/02/2026";"26/02/2026";"439611";"ROTIGOTINA, CONCENTRAÇÃO:18 MG, FORMA FARMACÊUTICA:ADESIVO TRANSDÉRMICO";"ENVELOPE";"N";"1236100820084";"Pregão";"JUDICIAL";;;"ENVELOPE";"04.307.650/0012-98";"ONCO PROD DISTRIBUIDORA DE PRODUTOS HOSPITALARES E ONCOLOGICOS LTDA.";"64.711.500/0001-14";"UCB BIOPHARMA LTDA.";"10032";"20.61";"206759.52"
"2026";"SECRETARIA DE ESTADO DA SAUDE";"ESTADUAL";"76.416.866/0001-40";"CURITIBA";"PR";"12/02/2026";"26/02/2026";"437357";"ROTIGOTINA, CONCENTRAÇÃO:13,5 MG, FORMA FARMACÊUTICA:ADESIVO TRANSDÉRMICO";"ENVELOPE";"N";"1236100820068";"Pregão";"JUDICIAL";;;"ENVELOPE";"04.307.650/0012-98";"ONCO PROD DISTRIBUIDORA DE PRODUTOS HOSPITALARES E ONCOLOGICOS LTDA.";"64.711.500/0001-14";"UCB BIOPHARMA LTDA.";"2160";"13.87";"29959.2"
"2026";"SECRETARIA DE ESTADO DA SAUDE";"ESTADUAL";"76.416.866/0001-40";"CURITIBA";"PR";"12/02/2026";"26/02/2026";"370117";"DABIGATRANA ETEXILATO, CONCENTRAÇÃO:110 MG";"CÁPSULA";"N";"1036701600061";"Pregão";"JUDICIAL";;;"CÁPSULA";"04.355.394/0001-51";"PROHOSP DISTRIBUIDORA DE MEDICAMENTOS LTDA.";"60.831.658/0001-77";"BOEHRINGER INGELHEIM DO BRASIL QUIMICA E FARMACEUTICA LTDA.";"74160";"3.24";"240278.4"
"2026";"FUNDO MUNICIPAL DE SAUDE";"MUNICIPAL";"11.718.406/0001-20";"ARACAJU";"SE";"13/02/2026";"25/02/2026";"269894";"LUVA PARA PROCEDIMENTO NÃO CIRÚRGICO, MATERIAL:LÁTEX NATURAL ÍNTEGRO E UNIFORME, TAMANHO:PEQUENO, CARACTERÍSTICAS ADICIONAIS:LUBRIFICADA COM PÓ BIOABSORVÍVEL, DESCARTÁVEL, APRESENTAÇÃO:ATÓXICA, TIPO:AMBIDESTRA, TIPO USO:DESCARTÁVEL, MODELO:FORMATO ANATÔMICO, FINALIDADE:RESISTENTE À TRAÇÃO";"CAIXA";;;"Dispensa de Licitação";"ADMINISTRATIVA";"100.0";"UN";"CAIXA 100.00 UN";"47.238.488/0001-53";"POPIA COMERCIO ATACADISTA LTDA";"10.268.780/0001-09";"MEDIX BRASIL LTDA";"5000";"37.47";"187350.0"
"2026";"FUNDO ESTADUAL DE SAUDE DO ESTADO DA BAHIA";"ESTADUAL";"05.816.630/0001-52";"SALVADOR";"BA";"13/02/2026";"05/03/2026";"611246";"SEMAGLUTIDA, 2,27 MG/ML, SOLU&#199;&#195;O INJET&#193;VEL, COM SISTEMA DE APLICA&#199;&#195;O";"TUBETE";"N";"1176600390081";"Pregão";"ADMINISTRATIVA";"3.0";"ML";"TUBETE 3.00 ML";"21.595.464/0001-68";"UNI HOSPITALAR CEARA LTDA";"82.277.955/0001-55";"NOVO NORDISK FARMACEUTICA DO BRASIL LTDA";"40";"1174.63";"46985.2"
"2026";"FUNDO MUNICIPAL DE SAUDE";"MUNICIPAL";"11.718.406/0001-20";"ARACAJU";"SE";"13/02/2026";"25/02/2026";"345486";"FORMALDEÍDO (FORMOL), ASPECTO FÍSICO:LÍQUIDO INCOLOR, LÍMPIDO, CONCENTRAÇÃO:À 10%, CARACTERÍSTICA ADICIONAL:EM SOLUÇÃO AQUOSA";"LITRO";;;"Dispensa de Licitação";"ADMINISTRATIVA";;;"LITRO";"47.238.488/0001-53";"POPIA COMERCIO ATACADISTA LTDA";"07.944.100/0001-15";"PROC9 INDUSTRIA QUIMICA LTDA";"24";"29.06";"697.44"
"2026";"FUNDO ESTADUAL DE SAUDE DO ESTADO DA BAHIA";"ESTADUAL";"05.816.630/0001-52";"SALVADOR";"BA";"13/02/2026";"05/03/2026";"331389";"SITAGLIPTINA, COMPOSIÇÃO:SAL FOSFATO, CONCENTRAÇÃO:100 MG";"COMPRIMIDO";;;"Pregão";"ADMINISTRATIVA";;;"COMPRIMIDO";"15.145.035/0001-96";"RIOBAHIAFARMA COMERCIO E DISTRIBUICAO DE PRODUTOS MEDICOS E COSMETICOS LTDA";"73.663.650/0001-90";"RANBAXY FARMACEUTICA LTDA";"3500";"1.24";"4340.0"
"2026";"FUNDO MUNICIPAL DE SAUDE";"MUNICIPAL";"11.718.406/0001-20";"ARACAJU";"SE";"13/02/2026";"25/02/2026";"439115";"FRASCO COLETOR, TIPO:UNIVERSAL, MATERIAL:PLÁSTICO TRANSPARENTE, CAPACIDADE:CERCA DE 80 ML, TIPO TAMPA:TAMPA ROSQUEÁVEL, GRADUAÇÃO:GRADUADO";"UNIDADE";;;"Dispensa de Licitação";"ADMINISTRATIVA";;;"UNIDADE";"47.238.488/0001-53";"POPIA COMERCIO ATACADISTA LTDA";"48.740.849/0001-28";"CRAL ARTIGOS PARA LABORATORIO LTDA";"3000";"0.97";"2910.0"
"2026";"FUNDO ESTADUAL DE SAUDE DO ESTADO DA BAHIA";"ESTADUAL";"05.816.630/0001-52";"SALVADOR";"BA";"13/02/2026";"05/03/2026";"308224";"METILFENIDATO CLORIDRATO, DOSAGEM:18 MG, FORMA FARMACÊUTICA:LIBERAÇÃO CONTROLADA";"COMPRIMIDO";"N";"1123633570029";"Pregão";"ADMINISTRATIVA";;;"COMPRIMIDO";"12.420.164/0036-87";"CM HOSPITALAR S.A.";"51.780.468/0001-87";"JANSSEN-CILAG FARMACEUTICA LTDA";"2000";"6.32";"12640.0"
"2026";"FUNDO MUNICIPAL DE SAUDE";"MUNICIPAL";"11.718.406/0001-20";"ARACAJU";"SE";"13/02/2026";"25/02/2026";"454395";"SISTEMA FECHADO ASPIRAÇÃO TRAQUEAL, APLICAÇÃO:P/ TUBO ENDOTRAQUEAL, TAMANHO:12 FR, TIPO SONDA:SONDA GRADUADA E PROTEGIDA, CONECTOR:CONECTORES PADRÃO, VIAS:VIA IRRIGAÇÃO ANTIRREFLUXO, VÁLVULA SUCÇÃO:VÁLVULA SUCÇÃO C/ TAMPA E TRAVA DE SEGURANÇA, ESTERILIDADE:ESTÉRIL, USO ÚNICO, EMBALAGEM:EMBALAGEM INDIVIDUAL";"UNIDADE";;;"Dispensa de Licitação";"ADMINISTRATIVA";;;"UNIDADE";"47.238.488/0001-53";"POPIA COMERCIO ATACADISTA LTDA";"10.268.780/0001-09";"MEDIX BRASIL LTDA";"50";"93.69";"4684.5"
"2026";"FUNDO MUNICIPAL DE SAUDE";"MUNICIPAL";"11.718.406/0001-20";"ARACAJU";"SE";"13/02/2026";"25/02/2026";"279765";"CATETER ASPIRAÇÃO TRAQUEAL, MATERIAL:PVC ATÓXICO FLEXÍVEL, TIPO USO:DESCARTÁVEL, CARACTERÍSTICAS ADICIONAIS:PONTA ATRAUMÁTICA, ORIFÍCIOS DISTAIS LATERALIZADOS, TIPO EMBALAGEM:ESTÉRIL, EMBALAGEM INDIVIDUAL, ESPESSURA:Nº 10";"UNIDADE";;;"Dispensa de Licitação";"ADMINISTRATIVA";;;"UNIDADE";"47.238.488/0001-53";"POPIA COMERCIO ATACADISTA LTDA";"06.143.681/0001-23";"BIOSANI INDUSTRIA E COMERCIO DE PRODUTOS MEDICOS E ODONTOLOGICOS LTDA";"7200";"1.35";"9720.0"
"2026";"FUNDO MUNICIPAL DE SAUDE";"MUNICIPAL";"11.718.406/0001-20";"ARACAJU";"SE";"13/02/2026";"25/02/2026";"279760";"CATETER ASPIRAÇÃO TRAQUEAL, MATERIAL:PVC ATÓXICO FLEXÍVEL, TIPO USO:DESCARTÁVEL, CARACTERÍSTICAS ADICIONAIS:PONTA ATRAUMÁTICA, ORIFÍCIOS DISTAIS LATERALIZADOS, TIPO EMBALAGEM:ESTÉRIL, EMBALAGEM INDIVIDUAL, ESPESSURA:Nº 6";"UNIDADE";;;"Dispensa de Licitação";"ADMINISTRATIVA";;;"UNIDADE";"47.238.488/0001-53";"POPIA COMERCIO ATACADISTA LTDA";"05.150.338/0001-43";"MEDSONDA - INDUSTRIA E COMERCIO DE PRODUTOS HOSPITALARES DESCARTAVEIS LTDA";"2000";"1.01";"2020.0"
"2026";"FUNDO MUNICIPAL DE SAUDE";"MUNICIPAL";"11.718.406/0001-20";"ARACAJU";"SE";"13/02/2026";"25/02/2026";"454554";"MÁSCARA GASOTERAPIA, MODELO:VENTURI, MATERIAL:PLÁSTICO, ADICIONAL:C/ TUBO CORRUGADO, TAMANHO:ADULTO, TIPO FIXAÇÃO:C/ CLIPE NASAL E FIXADOR CEFÁLICO AJUSTÁVEL, TIPO EXTENSÃO:EXTENSOR CERCA DE 2,0 M, TIPO CONECTOR:CONECTOR PADRÃO, ADICIONAIS:JOGO C/ 6 DILUIDORES P/ FLUXO O2";"UNIDADE";;;"Dispensa de Licitação";"ADMINISTRATIVA";;;"UNIDADE";"47.238.488/0001-53";"POPIA COMERCIO ATACADISTA LTDA";"61.418.042/0001-31";"CIRURGICA FERNANDES - COMERCIO DE MATERIAIS CIRURGICOS E HOSPITALARES - SOCIEDADE LIMITADA";"50";"34.55";"1727.5"
"2026";"SECRETARIA DE ESTADO DA SAUDE";"ESTADUAL";"76.416.866/0001-40";"CURITIBA";"PR";"20/02/2026";"25/02/2026";"442703";"CEFTRIAXONA SÓDICA, CONCENTRAÇÃO:500 MG, FORMA FARMACEUTICA:PÓ P/ SOLUÇÃO INJETÁVEL";"FRASCO-AMPOLA";"N";"1004314220011";"Pregão";"ADMINISTRATIVA";;;"FRASCO-AMPOLA";"46.381.269/0001-66";"NUTRI-ELE DISTRIBUIDORA DE NUTRICAO, CORRELATOS E PRODUTOS MEDICOS E HOSPITALARES LTDA";"61.190.096/0001-92";"EUROFARMA LABORATORIOS S.A.";"11500";"8.87";"102005.0"
"2026";"FUNDO ESTADUAL DE SAUDE DO ESTADO DA BAHIA";"ESTADUAL";"05.816.630/0001-52";"SALVADOR";"BA";"20/02/2026";"11/03/2026";"303292";"RINGER, COMPOSIÇÃO:ASSOCIADO COM LACTATO DE SÓDIO, FORMA FARMACÊUTICA:SOLUÇÃO INJETÁVEL, CARACTERÍSTICA ADICIONAL:SISTEMA FECHADO";"FRASCO";"N";"1008500440051";"Pregão";"ADMINISTRATIVA";"500.0";"ML";"FRASCO 500.00 ML";"31.673.254/0010-95";"LABORATORIOS B BRAUN SA";"31.673.254/0001-02";"LABORATORIOS B BRAUN SA";"940800";"4.0";"3763200.0"
"2026";"SECRETARIA DE ESTADO DA SAUDE";"ESTADUAL";"76.416.866/0001-40";"CURITIBA";"PR";"20/02/2026";"25/02/2026";"272193";"ESMOLOL CLORIDRATO, DOSAGEM:250 MG/ML, INDICAÇÃO:INJETÁVEL";"AMPOLA";"N";"1029802270046";"Pregão";"ADMINISTRATIVA";"10.0";"ML";"AMPOLA 10.00 ML";"44.734.671/0022-86";"CRISTALIA PRODUTOS QUIMICOS FARMACEUTICOS LTDA";"44.734.671/0001-51";"CRISTALIA PRODUTOS QUIMICOS FARMACEUTICOS LTDA";"1460";"399.99";"583985.4"
"2026";"FUNDO ESTADUAL DE SAUDE DO ESTADO DA BAHIA";"ESTADUAL";"05.816.630/0001-52";"SALVADOR";"BA";"20/02/2026";"11/03/2026";"267745";"SINVASTATINA, DOSAGEM:40 MG";"COMPRIMIDO";"N";"1014600610093";"Pregão";"ADMINISTRATIVA";;;"COMPRIMIDO";"52.967.925/0001-00";"ABC FARMACEUTICO LTDA";"61.150.447/0001-31";"LABORATORIOS BALDACCI LTDA EM RECUPERACAO JUDICIAL";"109000";"0.12";"13080.0"
"2026";"SECRETARIA DE ESTADO DA SAUDE";"ESTADUAL";"76.416.866/0001-40";"CURITIBA";"PR";"20/02/2026";"25/02/2026";"340206";"CLONIDINA CLORIDRATO, CONCENTRAÇAO:0,15 MG/ML, FORMA FARMACEUTICA:SOLUÇÃO INJETÁVEL";"AMPOLA";"N";"1029801930069";"Pregão";"ADMINISTRATIVA";"1.0";"ML";"AMPOLA 1.00 ML";"44.734.671/0022-86";"CRISTALIA PRODUTOS QUIMICOS FARMACEUTICOS LTDA";"44.734.671/0001-51";"CRISTALIA PRODUTOS QUIMICOS FARMACEUTICOS LTDA";"31320";"3.3";"103356.0"
"2026";"FUNDO ESTADUAL DE SAUDE DO ESTADO DA BAHIA";"ESTADUAL";"05.816.630/0001-52";"SALVADOR";"BA";"20/02/2026";"11/03/2026";"394103";"RIVAROXABANA, CONCENTRAÇÃO:10 MG";"COMPRIMIDO";"N";"1023512830031";"Pregão";"ADMINISTRATIVA";;;"COMPRIMIDO";"36.191.620/0001-00";"MS HOSPITALAR LTDA";"57.507.378/0003-65";"EMS S/A";"61100";"0.26";"15886.0"
"2026";"SECRETARIA DE ESTADO DA SAUDE";"ESTADUAL";"76.416.866/0001-40";"CURITIBA";"PR";"20/02/2026";"25/02/2026";"268952";"AZITROMICINA, DOSAGEM:500 MG, APRESENTAÇÃO:PÓ LIOFILIZADO PARA SOLUÇÃO INJETÁVEL";"FRASCO-AMPOLA";"N";"1004312000020";"Pregão";"ADMINISTRATIVA";;;"FRASCO-AMPOLA";"46.381.269/0001-66";"NUTRI-ELE DISTRIBUIDORA DE NUTRICAO, CORRELATOS E PRODUTOS MEDICOS E HOSPITALARES LTDA";"61.190.096/0001-92";"EUROFARMA LABORATORIOS S.A.";"13800";"9.99";"137862.0"
"2026";"FUNDO ESTADUAL DE SAUDE DO ESTADO DA BAHIA";"ESTADUAL";"05.816.630/0001-52";"SALVADOR";"BA";"20/02/2026";"11/03/2026";"268119";"HIDROXICLOROQUINA SULFATO, DOSAGEM:400 MG";"COMPRIMIDO";"N";"1011801620067";"Pregão";"ADMINISTRATIVA";;;"COMPRIMIDO";"15.145.035/0001-96";"RIOBAHIAFARMA COMERCIO E DISTRIBUICAO DE PRODUTOS MEDICOS E COSMETICOS LTDA";"62.462.015/0001-29";"APSEN FARMACEUTICA S/A";"2166000";"0.78";"1689480.0"
"2026";"SECRETARIA DE ESTADO DA SAUDE";"ESTADUAL";"76.416.866/0001-40";"CURITIBA";"PR";"20/02/2026";"25/02/2026";"300725";"FENOBARBITAL SÓDICO, DOSAGEM:100 MG/ML, FORMA FARMACÊUTICA:SOLUÇÃO INJETÁVEL";"AMPOLA";"N";"1029800160197";"Pregão";"ADMINISTRATIVA";"2.0";"ML";"AMPOLA 2.00 ML";"44.734.671/0022-86";"CRISTALIA PRODUTOS QUIMICOS FARMACEUTICOS LTDA";"44.734.671/0001-51";"CRISTALIA PRODUTOS QUIMICOS FARMACEUTICOS LTDA";"17150";"2.33";"39959.5"
"2026";"FUNDO ESTADUAL DE SAUDE DO ESTADO DA BAHIA";"ESTADUAL";"05.816.630/0001-52";"SALVADOR";"BA";"20/02/2026";"11/03/2026";"267328";"FOSFATO DE SÓDIO, APRESENTAÇÃO:ENEMA, DOSAGEM:FOSFATO MONOBáSICO 16% + FOSFATO DIBáSICO 6%";"FRASCO";;;"Pregão";"ADMINISTRATIVA";"130.0";"ML";"FRASCO 130.00 ML";"44.734.671/0022-86";"CRISTALIA PRODUTOS QUIMICOS FARMACEUTICOS LTDA";"44.734.671/0022-86";"CRISTALIA PRODUTOS QUIMICOS FARMACEUTICOS LTDA";"23750";"5.1";"121125.0"
"2026";"SECRETARIA DE ESTADO DA SAUDE";"ESTADUAL";"76.416.866/0001-40";"CURITIBA";"PR";"20/02/2026";"25/02/2026";"292399";"FITOMENADIONA, DOSAGEM:10 MG/ML, APRESENTAÇÃO:SOLUÇÃO INJETÁVEL";"AMPOLA";"N";"1038700750013";"Pregão";"ADMINISTRATIVA";"1.0";"ML";"AMPOLA 1.00 ML";"00.656.468/0001-39";"SOMA/PR COMERCIO DE PRODUTOS HOSPITALARES LTDA";"17.174.657/0001-78";"HYPOFARMA INSTITUTO DE HYPODERMIA E FARMACIA LTDA";"35450";"1.75";"62037.5"
"2026";"SECRETARIA DE ESTADO DA SAUDE";"ESTADUAL";"76.416.866/0001-40";"CURITIBA";"PR";"20/02/2026";"25/02/2026";"270999";"DICLOFENACO, APRESENTAÇÃO:SAL POTÁSSICO, DOSAGEM:25MG/ML, USO:SOLUÇÃO INJETÁVEL";"AMPOLA";"S";"1038700520018";"Pregão";"ADMINISTRATIVA";"3.0";"ML";"AMPOLA 3.00 ML";"00.656.468/0001-39";"SOMA/PR COMERCIO DE PRODUTOS HOSPITALARES LTDA";"17.174.657/0001-78";"HYPOFARMA INSTITUTO DE HYPODERMIA E FARMACIA LTDA";"39900";"0.6";"23940.0"
"2026";"SECRETARIA DE ESTADO DA SAUDE";"ESTADUAL";"76.416.866/0001-40";"CURITIBA";"PR";"20/02/2026";"25/02/2026";"342135";"HIDROCORTISONA, COMPOSIÇÃO:SAL SUCCINATO SÓDICO, CONCENTRAÇÃO:100 MG, FORMA FARMACÊUTICA:PÓ LIÓFILO P/ INJETÁVEL";"FRASCO-AMPOLA";"N";"1049700200094";"Pregão";"ADMINISTRATIVA";;;"FRASCO-AMPOLA";"60.665.981/0009-75";"UNIAO QUIMICA FARMACEUTICA NACIONAL S A";"60.665.981/0001-18";"UNIAO QUIMICA FARMACEUTICA NACIONAL S A";"122800";"2.45";"300860.0"
"2026";"SECRETARIA DE ESTADO DA SAUDE";"ESTADUAL";"76.416.866/0001-40";"CURITIBA";"PR";"20/02/2026";"25/02/2026";"269842";"LIDOCAÍNA CLORIDRATO, DOSAGEM:1%, APRESENTAÇÃO:INJETÁVEL";"FRASCO";"N";"1038700390106";"Pregão";"ADMINISTRATIVA";"20.0";"ML";"FRASCO 20.00 ML";"00.656.468/0001-39";"SOMA/PR COMERCIO DE PRODUTOS HOSPITALARES LTDA";"17.174.657/0001-78";"HYPOFARMA INSTITUTO DE HYPODERMIA E FARMACIA LTDA";"4180";"3.84";"16051.2"
"2026";"SECRETARIA DE ESTADO DA SAUDE";"ESTADUAL";"76.416.866/0001-40";"CURITIBA";"PR";"20/02/2026";"25/02/2026";"267666";"FUROSEMIDA, COMPOSIÇÃO:10 MG/ML, APRESENTAÇÃO:SOLUÇÃO INJETÁVEL";"AMPOLA";"S";"1038700380011";"Pregão";"ADMINISTRATIVA";"2.0";"ML";"AMPOLA 2.00 ML";"00.656.468/0001-39";"SOMA/PR COMERCIO DE PRODUTOS HOSPITALARES LTDA";"17.174.657/0001-78";"HYPOFARMA INSTITUTO DE HYPODERMIA E FARMACIA LTDA";"237800053";"0.53";"126034028.09"
"2026";"SECRETARIA DE ESTADO DA SAUDE";"ESTADUAL";"76.416.866/0001-40";"CURITIBA";"PR";"20/02/2026";"25/02/2026";"268970";"NITROGLICERINA, DOSAGEM:5 MG/ML, APLICAÇÃO:INJETÁVEL";"AMPOLA";"N";"1029801330053";"Pregão";"ADMINISTRATIVA";"10.0";"ML";"AMPOLA 10.00 ML";"44.734.671/0022-86";"CRISTALIA PRODUTOS QUIMICOS FARMACEUTICOS LTDA";"44.734.671/0001-51";"CRISTALIA PRODUTOS QUIMICOS FARMACEUTICOS LTDA";"5900";"38.99";"230041.0"
"2026";"SECRETARIA DE ESTADO DA SAUDE";"ESTADUAL";"76.416.866/0001-40";"CURITIBA";"PR";"20/02/2026";"25/02/2026";"268395";"ANFOTERICINA B, DOSAGEM:50 MG, APLICAÇÃO:INJETÁVEL";"FRASCO-AMPOLA";"N";"1029802290039";"Pregão";"ADMINISTRATIVA";;;"FRASCO-AMPOLA";"44.734.671/0022-86";"CRISTALIA PRODUTOS QUIMICOS FARMACEUTICOS LTDA";"44.734.671/0001-51";"CRISTALIA PRODUTOS QUIMICOS FARMACEUTICOS LTDA";"1825";"32.09";"58564.25"
"2026";"SECRETARIA DA SAUDE";"ESTADUAL";"87.958.625/0001-49";"PORTO ALEGRE";"RS";"23/02/2026";"27/02/2026";"308882";"SULFAMETOXAZOL, COMPOSIÇÃO:ASSOCIADO À TRIMETOPRIMA, CONCENTRAÇÃO:400MG + 80MG";"COMPRIMIDO";"S";"1256802090153";"Pregão";"JUDICIAL";;;"COMPRIMIDO";"12.889.035/0001-02";"INOVAMED HOSPITALAR LTDA";"73.856.593/0001-66";"PRATI, DONADUZZI & CIA LTDA";"55410";"0.165";"9142.65"
"2026";"SECRETARIA DE ESTADO DA SAUDE";"ESTADUAL";"76.416.866/0001-40";"CURITIBA";"PR";"23/02/2026";"24/02/2026";"340207";"CLORPROMAZINA, CONCENTRAÇÃO:40 MG/ML, FORMA FARMACEUTICA:SOLUÇÃO ORAL - GOTAS";"FRASCO";"N";"1029802260131";"Pregão";"ADMINISTRATIVA";"20.0";"ML";"FRASCO 20.00 ML";"44.734.671/0022-86";"CRISTALIA PRODUTOS QUIMICOS FARMACEUTICOS LTDA";"44.734.671/0001-51";"CRISTALIA PRODUTOS QUIMICOS FARMACEUTICOS LTDA";"447";"7.14";"3191.58"
"2026";"SECRETARIA DA SAUDE";"ESTADUAL";"87.958.625/0001-49";"PORTO ALEGRE";"RS";"23/02/2026";"27/02/2026";"353333";"AMOXICILINA, PRINCÍPIO ATIVO:ASSOCIADA COM CLAVULANATO DE POTÁSSIO, CONCENTRAÇÃO:875MG + 125MG";"COMPRIMIDO";"S";"1235202730094";"Pregão";"JUDICIAL";;;"COMPRIMIDO";"94.516.671/0001-53";"CIRURGICA SANTA CRUZ COM. DE PRODUTOS HOSPITALARES LTDA.";"73.663.650/0001-90";"RANBAXY FARMACEUTICA LTDA";"100730";"1.55";"156131.5"
"2026";"SECRETARIA DE ESTADO DA SAUDE";"ESTADUAL";"76.416.866/0001-40";"CURITIBA";"PR";"23/02/2026";"24/02/2026";"267509";"ALOPURINOL, DOSAGEM:300 MG";"COMPRIMIDO";"S";"1004703310079";"Pregão";"ADMINISTRATIVA";;;"COMPRIMIDO";"00.656.468/0001-39";"SOMA/PR COMERCIO DE PRODUTOS HOSPITALARES LTDA";"61.286.647/0001-16";"SANDOZ DO BRASIL INDUSTRIA FARMACEUTICA LTDA.";"9500";"0.2";"1900.0"
"2026";"SECRETARIA DA SAUDE";"ESTADUAL";"87.958.625/0001-49";"PORTO ALEGRE";"RS";"23/02/2026";"27/02/2026";"267140";"AZITROMICINA, DOSAGEM:500 MG";"COMPRIMIDO";"N";"1410700060063";"Pregão";"JUDICIAL";;;"COMPRIMIDO";"12.889.035/0001-02";"INOVAMED HOSPITALAR LTDA";"02.501.297/0001-02";"PHARLAB INDUSTRIA FARMACEUTICA S.A";"87350";"0.78";"68133.0"
"2026";"SECRETARIA DE ESTADO DA SAUDE";"ESTADUAL";"76.416.866/0001-40";"CURITIBA";"PR";"23/02/2026";"24/02/2026";"448597";"PREDNISOLONA, COMPOSIÇÃO:FOSFATO SÓDICO, CONCENTRAÇÃO:20 MG";"COMPRIMIDO";"S";"1004312690061";"Pregão";"ADMINISTRATIVA";;;"COMPRIMIDO";"94.389.400/0001-84";"MCW PRODUTOS MEDICOS E HOSPITALARES LTDA";"61.190.096/0001-92";"EUROFARMA LABORATORIOS S.A.";"20800";"0.4";"8320.0"
"2026";"SECRETARIA DA SAUDE";"ESTADUAL";"87.958.625/0001-49";"PORTO ALEGRE";"RS";"23/02/2026";"27/02/2026";"268949";"AZITROMICINA, DOSAGEM:40 MG/ML, APRESENTAÇÃO:SUSPENSÃO ORAL";"FRASCO";"N";"1410700060195";"Pregão";"JUDICIAL";"15.0";"ML";"FRASCO 15.00 ML";"12.889.035/0001-02";"INOVAMED HOSPITALAR LTDA";"02.501.297/0001-02";"PHARLAB INDUSTRIA FARMACEUTICA S.A";"12000";"0.47";"5640.0"
"2026";"SECRETARIA DE ESTADO DA SAUDE";"ESTADUAL";"76.416.866/0001-40";"CURITIBA";"PR";"23/02/2026";"24/02/2026";"396567";"MICAFUNGINA, COMPOSIÇÃO:SÓDICA, CONCENTRAÇAO:50 MG, FORMA FARMACEUTICA:PÓ LIÓFILO P/ INJETÁVEL";"FRASCO-AMPOLA";"N";"1771700010016";"Pregão";"ADMINISTRATIVA";;;"FRASCO-AMPOLA";"64.171.697/0004-99";"ACCORD FARMACEUTICA LTDA";"07.768.134/0001-04";"ASTELLAS FARMA BRASIL IMPORTACAO E DISTRIBUICAO DE MEDICAMENTOS LTDA.";"4330";"130.0";"562900.0"
"2026";"SECRETARIA DA SAUDE";"ESTADUAL";"87.958.625/0001-49";"PORTO ALEGRE";"RS";"23/02/2026";"27/02/2026";"271217";"AMOXICILINA, PRINCÍPIO ATIVO:ASSOCIADA COM CLAVULANATO DE POTÁSSIO, CONCENTRAÇÃO:500MG + 125MG";"COMPRIMIDO";"S";"1235202730051";"Pregão";"JUDICIAL";;;"COMPRIMIDO";"94.516.671/0001-53";"CIRURGICA SANTA CRUZ COM. DE PRODUTOS HOSPITALARES LTDA.";"73.663.650/0001-90";"RANBAXY FARMACEUTICA LTDA";"3400";"0.71";"2414.0"
"2026";"SECRETARIA DE ESTADO DA SAUDE";"ESTADUAL";"76.416.866/0001-40";"CURITIBA";"PR";"23/02/2026";"24/02/2026";"330113";"GANCICLOVIR SÓDICO, DOSAGEM:1 MG/ML, FORMA FARMACÊUTICA:SOLUÇÃO INJETÁVEL";"BOLSA";"N";"1031101000052";"Pregão";"ADMINISTRATIVA";"250.0";"ML";"BOLSA 250.00 ML";"01.571.702/0001-98";"HALEX ISTAR INDUSTRIA FARMACEUTICA SA";"01.571.702/0001-98";"HALEX ISTAR INDUSTRIA FARMACEUTICA SA";"6200";"44.92";"278504.0"
"2026";"SECRETARIA DE ESTADO DA SAUDE";"ESTADUAL";"76.416.866/0001-40";"CURITIBA";"PR";"23/02/2026";"24/02/2026";"352317";"ÁGUA DESTILADA, ASPECTO FÍSICO:ESTÉRIL E APIROGÊNICA, TIPO EMBALAGEM:EM SISTEMA FECHADO";"FRASCO";"N";"1108500110082";"Pregão";"ADMINISTRATIVA";"100.0";"ML";"FRASCO 100.00 ML";"81.706.251/0001-98";"PROMEFARMA MEDICAMENTOS E PRODUTOS HOSPITALARES LTDA";"06.628.333/0001-46";"FARMACE - INDUSTRIA QUIMICO-FARMACEUTICA CEARENSE LTDA";"37700";"2.65";"99905.0"
"2026";"SECRETARIA DE ESTADO DA SAUDE";"ESTADUAL";"76.416.866/0001-40";"CURITIBA";"PR";"23/02/2026";"24/02/2026";"272454";"CARBAMAZEPINA, DOSAGEM:20 MG/ML, APRESENTAÇÃO:SUSPENSÃO ORAL";"FRASCO";"N";"1006800850021";"Pregão";"ADMINISTRATIVA";"100.0";"ML";"FRASCO 100.00 ML";"00.656.468/0001-39";"SOMA/PR COMERCIO DE PRODUTOS HOSPITALARES LTDA";"56.994.502/0001-30";"NOVARTIS BIOCIENCIAS SA";"1254";"5.97";"7486.38"
"2026";"SECRETARIA DE ESTADO DA SAUDE";"ESTADUAL";"76.416.866/0001-40";"CURITIBA";"PR";"23/02/2026";"24/02/2026";"272817";"MIDAZOLAM, DOSAGEM:15 MG";"COMPRIMIDO";"N";"1029801430058";"Pregão";"ADMINISTRATIVA";;;"COMPRIMIDO";"00.339.246/0001-92";"LONDRICIR COMERCIO DE MATERIAL HOSPITALAR LTDA";"44.734.671/0001-51";"CRISTALIA PRODUTOS QUIMICOS FARMACEUTICOS LTDA";"9700";"1.5";"14550.0"
"2026";"SECRETARIA DE ESTADO DA SAUDE";"ESTADUAL";"76.416.866/0001-40";"CURITIBA";"PR";"23/02/2026";"24/02/2026";"268469";"ISOFLURANO, APRESENTAÇÃO:ANESTÉSICO INALATÓRIO";"FRASCO";"N";"1029801300010";"Pregão";"ADMINISTRATIVA";"100.0";"ML";"FRASCO 100.00 ML";"00.339.246/0001-92";"LONDRICIR COMERCIO DE MATERIAL HOSPITALAR LTDA";"44.734.671/0001-51";"CRISTALIA PRODUTOS QUIMICOS FARMACEUTICOS LTDA";"400";"180.0";"72000.0"
"2026";"SECRETARIA DE ESTADO DA SAUDE";"ESTADUAL";"76.416.866/0001-40";"CURITIBA";"PR";"23/02/2026";"24/02/2026";"268396";"ATRACÚRIO BESILATO, DOSAGEM:10 MG/ML, INDICAÇÃO:SOLUÇÃO INJETÁVEL";"AMPOLA";"N";"1029801350089";"Pregão";"ADMINISTRATIVA";"2.5";"ML";"AMPOLA 2.50 ML";"44.734.671/0022-86";"CRISTALIA PRODUTOS QUIMICOS FARMACEUTICOS LTDA";"44.734.671/0001-51";"CRISTALIA PRODUTOS QUIMICOS FARMACEUTICOS LTDA";"3935";"8.0";"31480.0"
"2026";"SECRETARIA DE ESTADO DA SAUDE";"ESTADUAL";"76.416.866/0001-40";"CURITIBA";"PR";"23/02/2026";"24/02/2026";"331158";"CIPROFLOXACINO CLORIDRATO, DOSAGEM:3,5 MG/ML, FORMA FARMACÊUTICA:SOLUÇÃO OFTÁLMICA";"FRASCO";"N";"1029804890017";"Pregão";"ADMINISTRATIVA";"5.0";"ML";"FRASCO 5.00 ML";"44.734.671/0022-86";"CRISTALIA PRODUTOS QUIMICOS FARMACEUTICOS LTDA";"44.734.671/0001-51";"CRISTALIA PRODUTOS QUIMICOS FARMACEUTICOS LTDA";"318";"14.67";"4665.06"
"2026";"SECRETARIA DE ESTADO DA SAUDE";"ESTADUAL";"76.416.866/0001-40";"CURITIBA";"PR";"23/02/2026";"24/02/2026";"321234";"POLIMIXINA B, COMPOSIÇÃO:ASSOCIADA COM NEOMICINA E DEXAMETASONA, CONCENTRAÇÃO:6.000 UI + 3,5 MG + 1 MG/ML, FORMA FARMACÊUTICA:SUSPENSÃO OFTÁLMICA";"FRASCO";"N";"1542301880010";"Pregão";"ADMINISTRATIVA";"5.0";"ML";"FRASCO 5.00 ML";"02.816.696/0001-54";"PONTAMED FARMACEUTICA LTDA";"03.485.572/0001-04";"GEOLAB INDUSTRIA FARMACEUTICA S/A";"5230";"9.64";"50417.2"
"2026";"FUNDO ESTADUAL DE SAUDE DO ESTADO DA BAHIA";"ESTADUAL";"05.816.630/0001-52";"SALVADOR";"BA";"24/02/2026";"05/03/2026";"379002";"ANIDULAFUNGINA, CONCENTRAÇÃO:100 MG, FORMA FARMACÊUTICA:PÓ LIÓFILO P/ INJETÁVEL";"FRASCO-AMPOLA";"S";"1211002980014";"Pregão";"ADMINISTRATIVA";;;"FRASCO-AMPOLA";"61.072.393/0039-06";"PFIZER BRASIL LTDA";"61.072.393/0001-33";"PFIZER BRASIL LTDA";"4750";"389.63";"1850742.5"
"2026";"SECRETARIA DE ESTADO DA SAUDE";"ESTADUAL";"76.416.866/0001-40";"CURITIBA";"PR";"24/02/2026";"24/02/2026";"278316";"ZOLPIDEM, DOSAGEM:10 MG";"COMPRIMIDO";"N";"1004313320045";"Pregão";"JUDICIAL";;;"COMPRIMIDO";"81.706.251/0001-98";"PROMEFARMA MEDICAMENTOS E PRODUTOS HOSPITALARES LTDA";"61.190.096/0001-92";"EUROFARMA LABORATORIOS S.A.";"35280";"0.31";"10936.8"
"2026";"FUNDO ESTADUAL DE SAUDE DO ESTADO DA BAHIA";"ESTADUAL";"05.816.630/0001-52";"SALVADOR";"BA";"24/02/2026";"05/03/2026";"268896";"ANLODIPINO BESILATO, DOSAGEM:10 MG";"COMPRIMIDO";"S";"1438101610058";"Pregão";"ADMINISTRATIVA";;;"COMPRIMIDO";"36.191.620/0001-00";"MS HOSPITALAR LTDA";"02.814.497/0001-07";"CIMED INDUSTRIA S.A.";"34000";"0.05";"1700.0"
"2026";"SECRETARIA DE ESTADO DA SAUDE";"ESTADUAL";"76.416.866/0001-40";"CURITIBA";"PR";"24/02/2026";"24/02/2026";"393729";"OXICODONA CLORIDRATO, CONCENTRAÇÃO:10 MG, FORMA FARMACÊUTICA:LIBERAÇÃO CONTROLADA";"COMPRIMIDO";"S";"1221401090028";"Pregão";"JUDICIAL";;;"COMPRIMIDO";"81.706.251/0001-98";"PROMEFARMA MEDICAMENTOS E PRODUTOS HOSPITALARES LTDA";"55.980.684/0001-27";"ADIUM S.A.";"15840";"6.8";"107712.0"
"2026";"SECRETARIA DE ESTADO DA SAUDE";"ESTADUAL";"76.416.866/0001-40";"CURITIBA";"PR";"24/02/2026";"25/02/2026";"267503";"ÁCIDO FÓLICO, DOSAGEM:5 MG";"COMPRIMIDO";"N";"1134301590024";"Pregão";"ADMINISTRATIVA";;;"COMPRIMIDO";"02.816.696/0001-54";"PONTAMED FARMACEUTICA LTDA";"19.570.720/0001-10";"HIPOLABOR FARMACEUTICA LTDA";"115000";"0.05";"5750.0"
"2026";"SECRETARIA DE ESTADO DA SAUDE";"ESTADUAL";"76.416.866/0001-40";"CURITIBA";"PR";"24/02/2026";"24/02/2026";"607988";"MAVACANTENO, 5 MG";"CÁPSULA";"N";"1018004130020";"Pregão";"JUDICIAL";;;"CÁPSULA";"56.998.982/0031-22";"BRISTOL-MYERS SQUIBB FARMACEUTICA LTDA.";"56.998.982/0001-07";"BRISTOL-MYERS SQUIBB FARMACEUTICA LTDA.";"6480";"273.77";"1774029.6"
"2026";"SECRETARIA DE ESTADO DA SAUDE";"ESTADUAL";"76.416.866/0001-40";"CURITIBA";"PR";"24/02/2026";"25/02/2026";"268255";"EPINEFRINA, DOSAGEM:1MG/ML, USO:SOLUÇÃO INJETÁVEL";"AMPOLA";"N";"1038700820011";"Pregão";"ADMINISTRATIVA";"1.0";"ML";"AMPOLA 1.00 ML";"00.656.468/0001-39";"SOMA/PR COMERCIO DE PRODUTOS HOSPITALARES LTDA";"17.174.657/0001-78";"HYPOFARMA INSTITUTO DE HYPODERMIA E FARMACIA LTDA";"93800";"0.71";"66598.0"
"2026";"SECRETARIA DE ESTADO DA SAUDE";"ESTADUAL";"76.416.866/0001-40";"CURITIBA";"PR";"24/02/2026";"24/02/2026";"607987";"MAVACANTENO, 2,5 MG";"CÁPSULA";"N";"1018004130012";"Pregão";"JUDICIAL";;;"CÁPSULA";"56.998.982/0031-22";"BRISTOL-MYERS SQUIBB FARMACEUTICA LTDA.";"56.998.982/0001-07";"BRISTOL-MYERS SQUIBB FARMACEUTICA LTDA.";"720";"273.77";"197114.4"
"2026";"SECRETARIA DE ESTADO DA SAUDE";"ESTADUAL";"76.416.866/0001-40";"CURITIBA";"PR";"24/02/2026";"25/02/2026";"272326";"NALOXONA CLORIDRATO, DOSAGEM:0,4 MG/ML, APRESENTAÇÃO:SOLUÇÃO INJETÁVEL";"AMPOLA";"N";"1029802830033";"Pregão";"ADMINISTRATIVA";"1.0";"ML";"AMPOLA 1.00 ML";"44.734.671/0022-86";"CRISTALIA PRODUTOS QUIMICOS FARMACEUTICOS LTDA";"44.734.671/0001-51";"CRISTALIA PRODUTOS QUIMICOS FARMACEUTICOS LTDA";"4400";"5.2";"22880.0"
"2026";"SECRETARIA DE ESTADO DA SAUDE";"ESTADUAL";"76.416.866/0001-40";"CURITIBA";"PR";"24/02/2026";"24/02/2026";"276948";"TRAZODONA CLORIDRATO, DOSAGEM:50 MG";"COMPRIMIDO";"N";"1004314350118";"Pregão";"JUDICIAL";;;"COMPRIMIDO";"13.485.130/0001-03";"PHARMA LOG PRODUTOS FARMACEUTICOS LTDA";"61.190.096/0001-92";"EUROFARMA LABORATORIOS S.A.";"65520";"0.45";"29484.0"
"2026";"SECRETARIA DE ESTADO DA SAUDE";"ESTADUAL";"76.416.866/0001-40";"CURITIBA";"PR";"24/02/2026";"25/02/2026";"268124";"LEVOTIROXINA SÓDICA, DOSAGEM:25 MCG";"COMPRIMIDO";"N";"1008902020618";"Pregão";"ADMINISTRATIVA";;;"COMPRIMIDO";"81.706.251/0001-98";"PROMEFARMA MEDICAMENTOS E PRODUTOS HOSPITALARES LTDA";"33.069.212/0001-84";"MERCK S/A";"82300";"0.09";"7407.0"
"2026";"SECRETARIA DE ESTADO DA SAUDE";"ESTADUAL";"76.416.866/0001-40";"CURITIBA";"PR";"24/02/2026";"27/02/2026";"471557";"TESOURA INSTRUMENTAL, MODELO 1:METZENBAUM - NELSON, TIPO PONTA:PONTA CURVA, HASTE:HASTE RETA, COMPRIMENTO TOTAL:CERCA DE 24 CM, MATERIAL:AÇO INOXIDÁVEL, ESTERILIDADE:ESTERILIZÁVEL";"UNIDADE";;;"Pregão";"ADMINISTRATIVA";;;"UNIDADE";"40.649.293/0001-57";"ANA JULIA MARTINS FALEIROS DE ANDRADE LTDA";"58.268.152/0001-50";"ABC INSTRUMENTOS CIRURGICOS LTDA";"105";"44.99";"4723.95"
"2026";"SECRETARIA DE ESTADO DA SAUDE";"ESTADUAL";"76.416.866/0001-40";"CURITIBA";"PR";"24/02/2026";"25/02/2026";"274561";"TROPICAMIDA, DOSAGEM:1%, APRESENTAÇÃO:SOLUÇÃO OFTÁLMICA";"FRASCO";"N";"1029804800018";"Pregão";"ADMINISTRATIVA";"5.0";"ML";"FRASCO 5.00 ML";"44.734.671/0022-86";"CRISTALIA PRODUTOS QUIMICOS FARMACEUTICOS LTDA";"44.734.671/0001-51";"CRISTALIA PRODUTOS QUIMICOS FARMACEUTICOS LTDA";"800";"10.02";"8016.0"
"2026";"SECRETARIA DE ESTADO DA SAUDE";"ESTADUAL";"76.416.866/0001-40";"CURITIBA";"PR";"24/02/2026";"24/02/2026";"448621";"ZIPRASIDONA, COMPOSIÇÃO:SAL CLORIDRATO, CONCENTRAÇÃO:80 MG";"CÁPSULA";"N";"1021602710071";"Pregão";"JUDICIAL";;;"CÁPSULA";"04.071.245/0001-60";"LICIMED DISTRIBUIDORA DE MEDICAMENTOS, CORRELATOS E PRODUTOS MEDICOS E HOSPITALARES LTDA";"46.070.868/0036-99";"LABORATORIOS PFIZER LTDA";"2160";"17.79";"38426.4"
"2026";"SECRETARIA DE ESTADO DA SAUDE";"ESTADUAL";"76.416.866/0001-40";"CURITIBA";"PR";"24/02/2026";"25/02/2026";"269845";"LIDOCAÍNA CLORIDRATO, DOSAGEM:10%, APRESENTAÇÃO:SPRAY";"FRASCO";"N";"1029803570108";"Pregão";"ADMINISTRATIVA";"50.0";"ML";"FRASCO 50.00 ML";"44.734.671/0022-86";"CRISTALIA PRODUTOS QUIMICOS FARMACEUTICOS LTDA";"44.734.671/0001-51";"CRISTALIA PRODUTOS QUIMICOS FARMACEUTICOS LTDA";"1072";"31.99";"34293.28"
"2026";"SECRETARIA DE ESTADO DA SAUDE";"ESTADUAL";"76.416.866/0001-40";"CURITIBA";"PR";"24/02/2026";"24/02/2026";"393730";"OXICODONA CLORIDRATO, CONCENTRAÇÃO:20 MG, FORMA FARMACÊUTICA:LIBERAÇÃO CONTROLADA";"COMPRIMIDO";"S";"1221401090079";"Pregão";"JUDICIAL";;;"COMPRIMIDO";"81.706.251/0001-98";"PROMEFARMA MEDICAMENTOS E PRODUTOS HOSPITALARES LTDA";"55.980.684/0001-27";"ADIUM S.A.";"11520";"8.8";"101376.0"
"2026";"SECRETARIA DE ESTADO DA SAUDE";"ESTADUAL";"76.416.866/0001-40";"CURITIBA";"PR";"24/02/2026";"25/02/2026";"272796";"HEPARINA SÓDICA, DOSAGEM:5.000UI/ML, INDICAÇÃO:INJETÁVEL";"FRASCO";"N";"1134302000026";"Pregão";"ADMINISTRATIVA";"5.0";"ML";"FRASCO 5.00 ML";"02.816.696/0001-54";"PONTAMED FARMACEUTICA LTDA";"19.570.720/0001-10";"HIPOLABOR FARMACEUTICA LTDA";"28750";"13.37";"384387.5"
"2026";"SECRETARIA DE ESTADO DA SAUDE";"ESTADUAL";"76.416.866/0001-40";"CURITIBA";"PR";"24/02/2026";"24/02/2026";"465428";"VORTIOXETINA, CONCENTRAÇÃO:15 MG";"COMPRIMIDO";"N";"1047500520072";"Pregão";"JUDICIAL";;;"COMPRIMIDO";"76.386.283/0001-13";"DIMEVA DISTRIBUIDORA E IMPORTADORA LTDA";"04.522.600/0001-70";"LUNDBECK BRASIL LTDA";"1440";"7.25";"10440.0"
"2026";"SECRETARIA DE ESTADO DA SAUDE";"ESTADUAL";"76.416.866/0001-40";"CURITIBA";"PR";"24/02/2026";"25/02/2026";"267669";"HALOPERIDOL, DOSAGEM:5 MG";"COMPRIMIDO";"N";"1029800200253";"Pregão";"ADMINISTRATIVA";;;"COMPRIMIDO";"44.734.671/0022-86";"CRISTALIA PRODUTOS QUIMICOS FARMACEUTICOS LTDA";"44.734.671/0001-51";"CRISTALIA PRODUTOS QUIMICOS FARMACEUTICOS LTDA";"264800";"0.07";"18536.0"
"2026";"SECRETARIA DE ESTADO DA SAUDE";"ESTADUAL";"76.416.866/0001-40";"CURITIBA";"PR";"24/02/2026";"25/02/2026";"268970";"NITROGLICERINA, DOSAGEM:5 MG/ML, APLICAÇÃO:INJETÁVEL";"AMPOLA";"N";"1029801330045";"Pregão";"ADMINISTRATIVA";"5.0";"ML";"AMPOLA 5.00 ML";"44.734.671/0022-86";"CRISTALIA PRODUTOS QUIMICOS FARMACEUTICOS LTDA";"44.734.671/0001-51";"CRISTALIA PRODUTOS QUIMICOS FARMACEUTICOS LTDA";"1810";"36.5";"66065.0"
"2026";"SECRETARIA DE ESTADO DA SAUDE";"ESTADUAL";"76.416.866/0001-40";"CURITIBA";"PR";"24/02/2026";"25/02/2026";"267691";"METFORMINA CLORIDRATO, DOSAGEM:850 MG";"COMPRIMIDO";"S";"1256801510027";"Pregão";"ADMINISTRATIVA";;;"COMPRIMIDO";"07.752.236/0008-08";"MEDILAR IMPORTACAO E DISTRIBUICAO DE PRODUTOS MEDICO HOSPITALARES S/A";"73.856.593/0001-66";"PRATI, DONADUZZI & CIA LTDA";"404000";"0.09";"36360.0"
"2026";"SECRETARIA DE ESTADO DA SAUDE";"ESTADUAL";"76.416.866/0001-40";"CURITIBA";"PR";"24/02/2026";"25/02/2026";"268123";"LEVOTIROXINA SÓDICA, DOSAGEM:50 MCG";"COMPRIMIDO";"N";"1008902020642";"Pregão";"ADMINISTRATIVA";;;"COMPRIMIDO";"81.706.251/0001-98";"PROMEFARMA MEDICAMENTOS E PRODUTOS HOSPITALARES LTDA";"33.069.212/0001-84";"MERCK S/A";"82850";"0.09";"7456.5"
"2026";"SECRETARIA DE ESTADO DA SAUDE";"ESTADUAL";"76.416.866/0001-40";"CURITIBA";"PR";"24/02/2026";"25/02/2026";"268498";"METRONIDAZOL, DOSAGEM:5MG/ML, APRESENTAÇÃO:SOLUÇÃO INJETÁVEL";"BOLSA";"S";"1031101540022";"Pregão";"ADMINISTRATIVA";"100.0";"ML";"BOLSA 100.00 ML";"01.571.702/0001-98";"HALEX ISTAR INDUSTRIA FARMACEUTICA SA";"01.571.702/0001-98";"HALEX ISTAR INDUSTRIA FARMACEUTICA SA";"140840";"2.8";"394352.0"
"2026";"SECRETARIA DE ESTADO DA SAUDE";"ESTADUAL";"76.416.866/0001-40";"CURITIBA";"PR";"24/02/2026";"25/02/2026";"268510";"FLUMAZENIL, DOSAGEM:0,1 MG/ML, INDICAÇÃO:SOLUÇÃO INJETÁVEL";"AMPOLA";"N";"1029802870035";"Pregão";"ADMINISTRATIVA";"5.0";"ML";"AMPOLA 5.00 ML";"44.734.671/0022-86";"CRISTALIA PRODUTOS QUIMICOS FARMACEUTICOS LTDA";"44.734.671/0001-51";"CRISTALIA PRODUTOS QUIMICOS FARMACEUTICOS LTDA";"3980";"4.26";"16954.8"
"2026";"FUNDO ESTADUAL DE SAUDE DO ESTADO DA BAHIA";"ESTADUAL";"05.816.630/0001-52";"SALVADOR";"BA";"25/02/2026";"06/03/2026";"267507";"ALBENDAZOL, DOSAGEM:40 MG/ML, USO:SUSPENSÃO ORAL";"FRASCO";"N";"1542300440063";"Pregão";"ADMINISTRATIVA";"10.0";"ML";"FRASCO 10.00 ML";"49.074.484/0001-02";"CALIXTO MEDICAMENTOS LTDA";"03.485.572/0001-04";"GEOLAB INDUSTRIA FARMACEUTICA S/A";"2700";"1.24";"3348.0"
"2026";"FUNDO ESTADUAL DE SAUDE DO ESTADO DA BAHIA";"ESTADUAL";"05.816.630/0001-52";"SALVADOR";"BA";"25/02/2026";"06/03/2026";"268374";"ACICLOVIR, DOSAGEM:250 MG, USO:INJETÁVEL";"FRASCO-AMPOLA";"S";"1037006100044";"Pregão";"ADMINISTRATIVA";;;"FRASCO-AMPOLA";"05.400.006/0001-70";"FABMED DISTRIBUIDORA HOSPITALAR LTDA";"17.159.229/0001-76";"LABORATORIO TEUTO BRASILEIRO S/A";"76000";"4.95";"376200.0"
"2026";"FUNDO ESTADUAL DE SAUDE DO ESTADO DA BAHIA";"ESTADUAL";"05.816.630/0001-52";"SALVADOR";"BA";"25/02/2026";"06/03/2026";"448841";"AMOXICILINA, PRINCÍPIO ATIVO:ASSOCIADA COM CLAVULANATO DE POTÁSSIO, CONCENTRAÇÃO:50 MG/ML + 12,5 MG/ML, FORMA FARMACÊUTICA:SUSPENSÃO ORAL";"FRASCO";"S";"1049715040012";"Pregão";"ADMINISTRATIVA";"75.0";"ML";"FRASCO 75.00 ML";"60.665.981/0009-75";"UNIAO QUIMICA FARMACEUTICA NACIONAL S A";"60.665.981/0001-18";"UNIAO QUIMICA FARMACEUTICA NACIONAL S A";"30400";"10.22";"310688.0"
"2026";"FUNDO ESTADUAL DE SAUDE DO ESTADO DA BAHIA";"ESTADUAL";"05.816.630/0001-52";"SALVADOR";"BA";"25/02/2026";"06/03/2026";"267140";"AZITROMICINA, DOSAGEM:500 MG";"COMPRIMIDO";"S";"1256801830102";"Pregão";"ADMINISTRATIVA";;;"COMPRIMIDO";"73.856.593/0001-66";"PRATI, DONADUZZI & CIA LTDA";"73.856.593/0001-66";"PRATI, DONADUZZI & CIA LTDA";"671650";"0.72";"483588.0"
"2026";"FUNDO ESTADUAL DE SAUDE DO ESTADO DA BAHIA";"ESTADUAL";"05.816.630/0001-52";"SALVADOR";"BA";"26/02/2026";"06/03/2026";"393138";"EVEROLIMO, CONCENTRAÇÃO:5 MG";"COMPRIMIDO";"S";"1826100020062";"Pregão";"ADMINISTRATIVA";;;"COMPRIMIDO";"08.157.293/0001-27";"NATCOFARMA DO BRASIL LTDA";"08.157.293/0001-27";"NATCOFARMA DO BRASIL LTDA";"2375";"44.71";"106186.25"
"2026";"FUNDO ESTADUAL DE SAUDE DO ESTADO DA BAHIA";"ESTADUAL";"05.816.630/0001-52";"SALVADOR";"BA";"26/02/2026";"06/03/2026";"342979";"OCTREOTIDA, COMPOSIÇÃO:SAL ACETATO, CONCENTRAÇÃO:10 MG, FORMA FARMACEUTICA:PÓ LIÓFILO P/ INJETÁVEL, CARACTERÍSTICA ADICIONAL:C/ SISTEMA DE APLICAÇÃO";"FRASCO-AMPOLA";"N";"1006800090122";"Pregão";"ADMINISTRATIVA";;;"FRASCO-AMPOLA";"08.958.628/0004-59";"ONCOEXO DISTRIBUIDORA DE MEDICAMENTOS LTDA";"56.994.502/0001-30";"NOVARTIS BIOCIENCIAS SA";"20";"3516.81";"70336.2"
"2026";"FUNDO ESTADUAL DE SAUDE DO ESTADO DA BAHIA";"ESTADUAL";"05.816.630/0001-52";"SALVADOR";"BA";"26/02/2026";"06/03/2026";"476830";"ARIPIPRAZOL, CONCENTRAÇÃO:20 MG/ML, FORMA FARMACÊUTICA:SUSPENSÃO ORAL - GOTAS";"FRASCO";"N";"1023513070014";"Pregão";"ADMINISTRATIVA";"30.0";"ML";"FRASCO 30.00 ML";"96.827.563/0001-27";"MEDISIL MEDICAMENTOS LTDA";"57.507.378/0003-65";"EMS S/A";"361";"341.97";"123451.17"
"2026";"FUNDO ESTADUAL DE SAUDE DO ESTADO DA BAHIA";"ESTADUAL";"05.816.630/0001-52";"SALVADOR";"BA";"26/02/2026";"06/03/2026";"465439";"AVELUMABE, CONCENTRAÇÃO:20 MG/ML, FORMA FARMACÊUTICA:INJETÁVEL";"FRASCO-AMPOLA";"N";"1008904030017";"Pregão";"ADMINISTRATIVA";;;"FRASCO-AMPOLA";"21.595.464/0001-68";"UNI HOSPITALAR CEARA LTDA";"33.069.212/0001-84";"MERCK S/A";"133";"5035.27";"669690.91"
"2026";"FUNDO ESTADUAL DE SAUDE DO ESTADO DA BAHIA";"ESTADUAL";"05.816.630/0001-52";"SALVADOR";"BA";"04/03/2026";"11/03/2026";"272849";"TOPIRAMATO, DOSAGEM:25 MG";"COMPRIMIDO";"S";"1023507530092";"Pregão";"ADMINISTRATIVA";;;"COMPRIMIDO";"36.191.620/0001-00";"MS HOSPITALAR LTDA";"57.507.378/0003-65";"EMS S/A";"125000";"0.23";"28750.0"
"2026";"FUNDO ESTADUAL DE SAUDE DO ESTADO DA BAHIA";"ESTADUAL";"05.816.630/0001-52";"SALVADOR";"BA";"04/03/2026";"11/03/2026";"269818";"TERBUTALINA SULFATO, DOSAGEM:0,5 MG/ML, APRESENTAÇÃO:INJETÁVEL";"AMPOLA";"S";"1004101740016";"Pregão";"ADMINISTRATIVA";"1.0";"ML";"AMPOLA 1.00 ML";"49.074.484/0001-02";"CALIXTO MEDICAMENTOS LTDA";"49.324.221/0001-04";"FRESENIUS KABI BRASIL LTDA.";"7000";"1.38";"9660.0"
"2026";"FUNDO ESTADUAL DE SAUDE DO ESTADO DA BAHIA";"ESTADUAL";"05.816.630/0001-52";"SALVADOR";"BA";"04/03/2026";"11/03/2026";"272023";"TAMOXIFENO CITRATO, DOSAGEM:20 MG";"COMPRIMIDO";"N";"1023512700091";"Pregão";"ADMINISTRATIVA";;;"COMPRIMIDO";"96.827.563/0001-27";"MEDISIL MEDICAMENTOS LTDA";"57.507.378/0003-65";"EMS S/A";"209000";"0.42";"87780.0"
"2026";"FUNDO ESTADUAL DE SAUDE DO ESTADO DA BAHIA";"ESTADUAL";"05.816.630/0001-52";"SALVADOR";"BA";"04/03/2026";"11/03/2026";"448772";"VANCOMICINA CLORIDRATO, CONCENTRAÇÃO:500 MG, FORMA FARMACEUTICA:PÓ LIÓFILO P/ INJETÁVEL + DILUENTE";"FRASCO-AMPOLA";"N";"1004101880055";"Pregão";"ADMINISTRATIVA";;;"FRASCO-AMPOLA";"96.827.563/0001-27";"MEDISIL MEDICAMENTOS LTDA";"49.324.221/0001-04";"FRESENIUS KABI BRASIL LTDA.";"296400";"4.71";"1396044.0"
"2026";"FUNDO ESTADUAL DE SAUDE DO ESTADO DA BAHIA";"ESTADUAL";"05.816.630/0001-52";"SALVADOR";"BA";"05/03/2026";"11/03/2026";"273474";"MILRINONA, DOSAGEM:1 MG/ML, TIPO MEDICAMENTO:SOLUÇÃO INJETÁVEL";"FRASCO";"S";"1746500170019";"Pregão";"ADMINISTRATIVA";"10.0";"ML";"FRASCO 10.00 ML";"96.827.563/0001-27";"MEDISIL MEDICAMENTOS LTDA";"09.058.502/0001-48";"FARMA VISION IMPORTACAO E EXPORTACAO DE MEDICAMENTOS LTDA";"3040";"57.22";"173948.8"
"2026";"FUNDO ESTADUAL DE SAUDE DO ESTADO DA BAHIA";"ESTADUAL";"05.816.630/0001-52";"SALVADOR";"BA";"05/03/2026";"11/03/2026";"280116";"BOSENTANA, DOSAGEM:62,5 MG";"COMPRIMIDO";"S";"1235202720013";"Pregão";"ADMINISTRATIVA";;;"COMPRIMIDO";"15.145.035/0001-96";"RIOBAHIAFARMA COMERCIO E DISTRIBUICAO DE PRODUTOS MEDICOS E COSMETICOS LTDA";"73.663.650/0001-90";"RANBAXY FARMACEUTICA LTDA";"3420";"16.69";"57079.8"
"2026";"FUNDO ESTADUAL DE SAUDE DO ESTADO DA BAHIA";"ESTADUAL";"05.816.630/0001-52";"SALVADOR";"BA";"05/03/2026";"11/03/2026";"352204";"DEXMEDETOMIDINA CLORIDRATO, CONCENTRAÇAO:100 MCG/ML, FORMA FARMACEUTICA:SOLUÇÃO INJETÁVEL";"FRASCO";"N";"1049713930010";"Pregão";"ADMINISTRATIVA";"2.0";"ML";"FRASCO 2.00 ML";"60.665.981/0009-75";"UNIAO QUIMICA FARMACEUTICA NACIONAL S A";"60.665.981/0001-18";"UNIAO QUIMICA FARMACEUTICA NACIONAL S A";"103550";"5.6";"579880.0"
